Fecha, Hora, Temperatura ambiental (DHT11), Humedad (DHT11), PPM (MQ135), Temp. Objeto (MLX90614), Pulso Card. (MAX30102), Oxigenacion (MAX30102)
23/11/2024, 22:39:27, 19.80, 55.00, 0, 20.89, 0.00, 0.00
23/11/2024, 22:39:35, 19.80, 55.00, 0, 19.63, 0.00, 0.00
23/11/2024, 22:39:42, 19.80, 55.00, 0, 19.47, 0.00, 0.00
23/11/2024, 22:39:49, 19.80, 55.00, 0, 19.55, 0.00, 0.00
23/11/2024, 22:39:56, 19.80, 55.00, 0, 19.41, 0.00, 0.00
23/11/2024, 22:40:04, 19.80, 55.00, 0, 19.45, 0.00, 0.00
23/11/2024, 22:40:11, 19.80, 55.00, 0, 19.47, 0.00, 0.00
23/11/2024, 22:40:18, 19.80, 54.00, 0, 19.45, 0.00, 0.00
23/11/2024, 22:40:25, 19.80, 54.00, 0, 19.45, 0.00, 0.00
23/11/2024, 22:40:33, 19.80, 54.00, 0, 19.41, 0.00, 0.00
23/11/2024, 22:40:40, 19.80, 54.00, 0, 19.45, 0.00, 0.00
23/11/2024, 22:40:47, 19.80, 54.00, 0, 19.41, 0.00, 0.00
23/11/2024, 22:40:55, 19.80, 54.00, 0, 19.41, 0.00, 0.00
23/11/2024, 22:41:02, 19.80, 54.00, 0, 19.39, 0.00, 0.00
23/11/2024, 22:41:09, 19.80, 54.00, 0, 19.41, 0.00, 0.00
23/11/2024, 22:41:16, 19.80, 54.00, 0, 19.35, 0.00, 0.00
23/11/2024, 22:41:24, 19.80, 54.00, 0, 19.35, 0.00, 0.00
23/11/2024, 22:41:31, 19.80, 54.00, 0, 19.29, 0.00, 0.00
23/11/2024, 22:41:38, 19.80, 54.00, 0, 19.33, 0.00, 0.00
23/11/2024, 22:41:45, 19.80, 54.00, 0, 19.39, 0.00, 0.00
23/11/2024, 22:41:53, 19.80, 54.00, 0, 19.29, 0.00, 0.00
23/11/2024, 22:42:00, 19.80, 54.00, 0, 19.29, 0.00, 0.00
23/11/2024, 22:42:07, 19.80, 54.00, 0, 19.35, 0.00, 0.00
23/11/2024, 22:42:14, 19.80, 54.00, 0, 19.23, 0.00, 0.00
23/11/2024, 22:42:22, 19.80, 54.00, 0, 19.23, 0.00, 0.00
23/11/2024, 22:42:29, 19.80, 54.00, 0, 19.25, 0.00, 0.00
23/11/2024, 22:42:36, 19.80, 54.00, 0, 19.29, 0.00, 0.00
23/11/2024, 22:42:44, 19.80, 54.00, 0, 19.29, 0.00, 0.00
23/11/2024, 22:42:51, 19.80, 54.00, 0, 19.35, 0.00, 0.00
23/11/2024, 22:42:58, 19.80, 54.00, 0, 19.23, 0.00, 0.00
23/11/2024, 22:43:05, 19.80, 54.00, 0, 19.25, 0.00, 0.00
23/11/2024, 22:43:13, 19.80, 54.00, 0, 19.35, 0.00, 0.00
23/11/2024, 22:43:20, 19.80, 54.00, 0, 19.25, 0.00, 0.00
23/11/2024, 22:43:27, 19.80, 54.00, 0, 19.25, 0.00, 0.00
23/11/2024, 22:43:34, 19.80, 54.00, 0, 19.25, 0.00, 0.00
23/11/2024, 22:43:42, 19.80, 54.00, 0, 19.29, 0.00, 0.00
23/11/2024, 22:43:49, 19.80, 54.00, 0, 19.29, 0.00, 0.00
23/11/2024, 22:43:56, 19.80, 54.00, 0, 19.25, 0.00, 0.00
23/11/2024, 22:44:03, 19.80, 54.00, 0, 19.25, 0.00, 0.00
23/11/2024, 22:44:11, 19.80, 54.00, 0, 19.33, 0.00, 0.00
23/11/2024, 22:44:18, 19.80, 54.00, 0, 19.25, 0.00, 0.00
23/11/2024, 22:44:25, 19.80, 54.00, 0, 19.25, 0.00, 0.00
23/11/2024, 22:44:33, 19.80, 54.00, 0, 19.29, 0.00, 0.00
23/11/2024, 22:44:40, 19.80, 54.00, 0, 19.29, 0.00, 0.00
23/11/2024, 22:44:47, 19.80, 54.00, 0, 19.25, 0.00, 0.00
23/11/2024, 22:44:54, 19.80, 54.00, 0, 19.29, 0.00, 0.00
23/11/2024, 22:45:02, 19.80, 54.00, 0, 19.29, 0.00, 0.00
23/11/2024, 22:45:09, 19.80, 54.00, 0, 19.19, 0.00, 0.00
23/11/2024, 22:45:16, 19.80, 54.00, 0, 19.25, 0.00, 0.00
23/11/2024, 22:45:23, 19.80, 54.00, 0, 19.29, 0.00, 0.00
23/11/2024, 22:45:31, 19.80, 54.00, 0, 19.23, 0.00, 0.00
23/11/2024, 22:45:38, 19.80, 54.00, 0, 19.23, 0.00, 0.00
23/11/2024, 22:45:45, 19.80, 54.00, 0, 19.23, 0.00, 0.00
23/11/2024, 22:45:52, 19.80, 54.00, 0, 19.25, 0.00, 0.00
23/11/2024, 22:46:00, 19.80, 54.00, 0, 19.25, 0.00, 0.00
23/11/2024, 22:46:07, 19.80, 54.00, 0, 19.19, 0.00, 0.00
23/11/2024, 22:46:14, 19.80, 54.00, 0, 19.17, 0.00, 0.00
23/11/2024, 22:46:22, 19.80, 54.00, 0, 19.17, 0.00, 0.00
23/11/2024, 22:46:29, 19.80, 53.00, 0, 19.23, 0.00, 0.00
23/11/2024, 22:46:36, 19.80, 53.00, 0, 19.25, 0.00, 0.00
23/11/2024, 22:46:43, 20.10, 53.00, 0, 19.23, 0.00, 0.00
23/11/2024, 22:46:51, 20.20, 53.00, 0, 19.19, 0.00, 0.00
23/11/2024, 22:46:58, 20.20, 53.00, 0, 19.25, 0.00, 0.00
23/11/2024, 22:47:05, 20.20, 53.00, 0, 19.23, 0.00, 0.00
23/11/2024, 22:47:12, 20.20, 53.00, 0, 19.25, 0.00, 0.00
23/11/2024, 22:47:20, 20.20, 53.00, 0, 19.23, 0.00, 0.00
23/11/2024, 22:47:27, 20.20, 53.00, 0, 19.17, 0.00, 0.00
23/11/2024, 22:47:34, 20.20, 53.00, 0, 19.17, 0.00, 0.00
23/11/2024, 22:47:41, 20.20, 53.00, 0, 19.23, 0.00, 0.00
23/11/2024, 22:47:49, 20.20, 53.00, 0, 19.23, 0.00, 0.00
23/11/2024, 22:47:56, 20.20, 53.00, 0, 19.19, 0.00, 0.00
23/11/2024, 22:48:03, 20.20, 53.00, 0, 19.19, 0.00, 0.00
23/11/2024, 22:48:10, 20.20, 53.00, 0, 19.23, 0.00, 0.00
23/11/2024, 22:48:18, 20.20, 53.00, 0, 19.17, 0.00, 0.00
23/11/2024, 22:48:25, 20.20, 53.00, 0, 19.17, 0.00, 0.00
23/11/2024, 22:48:32, 20.20, 53.00, 0, 19.19, 0.00, 0.00
23/11/2024, 22:48:40, 20.20, 53.00, 0, 19.19, 0.00, 0.00
23/11/2024, 22:48:47, 20.20, 53.00, 0, 19.17, 0.00, 0.00
23/11/2024, 22:48:54, 20.20, 53.00, 0, 19.13, 0.00, 0.00
23/11/2024, 22:49:01, 20.20, 53.00, 0, 19.13, 0.00, 0.00
23/11/2024, 22:49:09, 20.20, 53.00, 0, 19.13, 0.00, 0.00
23/11/2024, 22:49:16, 20.20, 53.00, 0, 19.17, 0.00, 0.00
23/11/2024, 22:49:23, 20.20, 53.00, 0, 19.17, 0.00, 0.00
23/11/2024, 22:49:30, 20.20, 52.00, 0, 19.17, 0.00, 0.00
23/11/2024, 22:49:38, 20.60, 52.00, 0, 19.19, 0.00, 0.00
23/11/2024, 22:49:45, 20.60, 52.00, 0, 19.23, 0.00, 0.00
23/11/2024, 22:49:52, 20.60, 52.00, 0, 19.25, 0.00, 0.00
23/11/2024, 22:49:59, 20.60, 52.00, 0, 19.17, 0.00, 0.00
23/11/2024, 22:50:07, 20.60, 52.00, 0, 19.19, 0.00, 0.00
23/11/2024, 22:50:14, 20.60, 52.00, 0, 19.19, 0.00, 0.00
23/11/2024, 22:50:21, 20.60, 52.00, 0, 19.13, 0.00, 0.00
23/11/2024, 22:50:29, 20.60, 52.00, 0, 19.19, 0.00, 0.00
23/11/2024, 22:50:36, 20.60, 52.00, 0, 19.19, 0.00, 0.00
23/11/2024, 22:50:43, 20.60, 52.00, 0, 19.23, 0.00, 0.00
23/11/2024, 22:50:50, 20.60, 52.00, 0, 19.19, 0.00, 0.00
23/11/2024, 22:50:58, 20.60, 52.00, 0, 19.17, 0.00, 0.00
23/11/2024, 22:51:05, 20.60, 52.00, 0, 19.19, 0.00, 0.00
23/11/2024, 22:51:12, 20.60, 52.00, 0, 19.13, 0.00, 0.00
23/11/2024, 22:51:19, 20.60, 52.00, 0, 19.19, 0.00, 0.00
23/11/2024, 22:51:27, 20.60, 52.00, 0, 19.17, 0.00, 0.00
23/11/2024, 22:51:34, 20.60, 52.00, 0, 19.09, 0.00, 0.00
23/11/2024, 22:51:41, 20.60, 52.00, 0, 19.23, 0.00, 0.00
23/11/2024, 22:51:48, 20.60, 52.00, 0, 19.17, 0.00, 0.00
23/11/2024, 22:51:56, 20.60, 52.00, 0, 19.23, 0.00, 0.00
23/11/2024, 22:52:03, 20.60, 52.00, 0, 19.13, 0.00, 0.00
23/11/2024, 22:52:10, 20.60, 52.00, 0, 19.17, 0.00, 0.00
23/11/2024, 22:52:17, 20.60, 52.00, 0, 19.17, 0.00, 0.00
23/11/2024, 22:52:25, 20.60, 52.00, 0, 19.23, 0.00, 0.00
23/11/2024, 22:52:32, 20.60, 52.00, 0, 19.19, 0.00, 0.00
23/11/2024, 22:52:39, 20.60, 52.00, 0, 19.17, 0.00, 0.00
23/11/2024, 22:52:47, 20.60, 52.00, 0, 19.19, 0.00, 0.00
23/11/2024, 22:52:54, 20.60, 52.00, 0, 19.19, 0.00, 0.00
23/11/2024, 22:53:01, 20.70, 52.00, 0, 19.13, 0.00, 0.00
23/11/2024, 22:53:08, 21.00, 51.00, 0, 19.19, 0.00, 0.00
23/11/2024, 22:53:16, 21.00, 51.00, 0, 19.19, 0.00, 0.00
23/11/2024, 22:53:23, 21.00, 51.00, 0, 19.17, 0.00, 0.00
23/11/2024, 22:53:30, 21.00, 51.00, 0, 19.19, 0.00, 0.00
23/11/2024, 22:53:37, 21.00, 51.00, 0, 19.23, 0.00, 0.00
23/11/2024, 22:53:45, 21.00, 51.00, 0, 19.19, 0.00, 0.00
23/11/2024, 22:53:52, 21.00, 51.00, 0, 19.23, 0.00, 0.00
23/11/2024, 22:53:59, 21.00, 50.00, 0, 19.19, 0.00, 0.00
23/11/2024, 22:54:06, 21.00, 50.00, 0, 19.23, 0.00, 0.00
23/11/2024, 22:54:14, 21.00, 50.00, 0, 19.25, 0.00, 0.00
23/11/2024, 22:54:21, 21.00, 50.00, 0, 19.23, 0.00, 0.00
23/11/2024, 22:54:28, 21.00, 50.00, 0, 19.23, 0.00, 0.00
23/11/2024, 22:54:36, 21.00, 50.00, 0, 19.25, 0.00, 0.00
23/11/2024, 22:54:43, 21.00, 50.00, 0, 19.17, 0.00, 0.00
23/11/2024, 22:54:50, 21.00, 50.00, 0, 19.25, 0.00, 0.00
23/11/2024, 22:54:57, 21.00, 50.00, 0, 19.25, 0.00, 0.00
23/11/2024, 22:55:05, 21.00, 50.00, 0, 19.23, 0.00, 0.00
23/11/2024, 22:55:12, 21.00, 50.00, 0, 19.23, 0.00, 0.00
23/11/2024, 22:55:19, 21.00, 50.00, 0, 19.25, 0.00, 0.00
23/11/2024, 22:55:26, 21.00, 50.00, 0, 19.25, 0.00, 0.00
23/11/2024, 22:55:34, 21.00, 50.00, 0, 19.25, 0.00, 0.00
23/11/2024, 22:55:41, 21.00, 50.00, 0, 19.25, 0.00, 0.00
23/11/2024, 22:55:48, 21.00, 50.00, 0, 19.25, 0.00, 0.00
23/11/2024, 22:55:55, 21.00, 50.00, 0, 19.23, 0.00, 0.00
23/11/2024, 22:56:03, 21.00, 50.00, 0, 19.23, 0.00, 0.00
23/11/2024, 22:56:10, 21.00, 50.00, 0, 19.25, 0.00, 0.00
23/11/2024, 22:56:17, 21.00, 50.00, 0, 19.25, 0.00, 0.00
23/11/2024, 22:56:24, 21.00, 50.00, 0, 19.29, 0.00, 0.00
23/11/2024, 22:56:32, 21.00, 50.00, 0, 19.19, 0.00, 0.00
23/11/2024, 22:56:39, 21.00, 50.00, 0, 19.25, 0.00, 0.00
23/11/2024, 22:56:46, 21.00, 50.00, 0, 19.29, 0.00, 0.00
23/11/2024, 22:56:54, 21.00, 50.00, 0, 19.23, 0.00, 0.00
23/11/2024, 22:57:01, 21.00, 50.00, 0, 19.29, 0.00, 0.00
23/11/2024, 22:57:08, 21.00, 50.00, 0, 19.25, 0.00, 0.00
23/11/2024, 22:57:15, 21.00, 50.00, 0, 19.23, 0.00, 0.00
23/11/2024, 22:57:23, 21.00, 50.00, 0, 19.29, 0.00, 0.00
23/11/2024, 22:57:30, 21.10, 50.00, 0, 19.23, 0.00, 0.00
23/11/2024, 22:57:37, 21.00, 50.00, 0, 19.25, 0.00, 0.00
23/11/2024, 22:57:44, 21.10, 50.00, 0, 19.29, 0.00, 0.00
23/11/2024, 22:57:52, 21.20, 50.00, 0, 19.25, 0.00, 0.00
23/11/2024, 22:57:59, 21.40, 50.00, 0, 19.23, 0.00, 0.00
23/11/2024, 22:58:06, 21.40, 50.00, 0, 19.23, 0.00, 0.00
23/11/2024, 22:58:13, 21.40, 50.00, 0, 19.29, 0.00, 0.00
23/11/2024, 22:58:21, 21.40, 49.00, 0, 19.23, 0.00, 0.00
23/11/2024, 22:58:28, 21.40, 49.00, 0, 19.25, 0.00, 0.00
23/11/2024, 22:58:35, 21.40, 49.00, 0, 19.25, 0.00, 0.00
23/11/2024, 22:58:43, 21.40, 49.00, 0, 19.29, 0.00, 0.00
23/11/2024, 22:58:50, 21.40, 49.00, 0, 19.25, 0.00, 0.00
23/11/2024, 22:58:57, 21.40, 49.00, 0, 19.35, 0.00, 0.00
23/11/2024, 22:59:04, 21.40, 49.00, 0, 19.29, 0.00, 0.00
23/11/2024, 22:59:12, 21.40, 49.00, 0, 19.23, 0.00, 0.00
23/11/2024, 22:59:19, 21.40, 49.00, 0, 19.25, 0.00, 0.00
23/11/2024, 22:59:26, 21.40, 49.00, 0, 19.25, 0.00, 0.00
23/11/2024, 22:59:33, 21.40, 49.00, 0, 19.29, 0.00, 0.00
23/11/2024, 22:59:41, 21.40, 49.00, 0, 19.23, 0.00, 0.00
23/11/2024, 22:59:48, 21.40, 49.00, 0, 19.29, 0.00, 0.00
23/11/2024, 22:59:55, 21.40, 49.00, 0, 19.25, 0.00, 0.00
23/11/2024, 23:00:02, 21.40, 49.00, 0, 19.23, 0.00, 0.00
23/11/2024, 23:00:10, 21.40, 49.00, 0, 19.25, 0.00, 0.00
23/11/2024, 23:00:17, 21.40, 49.00, 0, 19.33, 0.00, 0.00
23/11/2024, 23:00:24, 21.40, 49.00, 0, 19.25, 0.00, 0.00
23/11/2024, 23:00:31, 21.40, 49.00, 0, 19.29, 0.00, 0.00
23/11/2024, 23:00:39, 21.40, 49.00, 0, 19.29, 0.00, 0.00
23/11/2024, 23:00:46, 21.40, 49.00, 0, 19.29, 0.00, 0.00
23/11/2024, 23:00:53, 21.40, 49.00, 0, 19.23, 0.00, 0.00
23/11/2024, 23:01:01, 21.40, 49.00, 0, 19.25, 0.00, 0.00
23/11/2024, 23:01:08, 21.40, 49.00, 0, 19.25, 0.00, 0.00
23/11/2024, 23:01:15, 21.40, 49.00, 0, 19.35, 0.00, 0.00
23/11/2024, 23:01:22, 21.40, 49.00, 0, 19.25, 0.00, 0.00
23/11/2024, 23:01:30, 21.40, 49.00, 0, 19.25, 0.00, 0.00
23/11/2024, 23:01:37, 21.40, 49.00, 0, 19.25, 0.00, 0.00
23/11/2024, 23:01:44, 21.40, 49.00, 0, 19.23, 0.00, 0.00
23/11/2024, 23:01:51, 21.40, 49.00, 0, 19.23, 0.00, 0.00
23/11/2024, 23:01:59, 21.40, 49.00, 0, 19.25, 0.00, 0.00
23/11/2024, 23:02:06, 21.40, 49.00, 0, 19.29, 0.00, 0.00
23/11/2024, 23:02:13, 21.40, 49.00, 0, 19.25, 0.00, 0.00
23/11/2024, 23:02:20, 21.40, 49.00, 0, 19.33, 0.00, 0.00
23/11/2024, 23:02:28, 21.40, 49.00, 0, 19.29, 0.00, 0.00
23/11/2024, 23:02:35, 21.40, 49.00, 0, 19.33, 0.00, 0.00
23/11/2024, 23:02:42, 21.40, 49.00, 0, 19.29, 0.00, 0.00
23/11/2024, 23:02:50, 21.40, 49.00, 0, 19.29, 0.00, 0.00
23/11/2024, 23:02:57, 21.40, 49.00, 0, 19.23, 0.00, 0.00
23/11/2024, 23:03:04, 21.40, 49.00, 0, 19.29, 0.00, 0.00
23/11/2024, 23:03:11, 21.40, 49.00, 0, 19.33, 0.00, 0.00
23/11/2024, 23:03:19, 21.40, 49.00, 0, 19.39, 0.00, 0.00
23/11/2024, 23:03:33, 21.40, 49.00, 0, 19.35, 0.00, 0.00
23/11/2024, 23:03:40, 21.40, 49.00, 0, 19.29, 0.00, 0.00
23/11/2024, 23:03:48, 21.40, 49.00, 0, 19.33, 0.00, 0.00
23/11/2024, 23:03:55, 21.50, 49.00, 0, 19.29, 0.00, 0.00
23/11/2024, 23:04:02, 21.50, 49.00, 0, 19.29, 0.00, 0.00
23/11/2024, 23:04:09, 21.40, 49.00, 0, 19.33, 0.00, 0.00
23/11/2024, 23:04:17, 21.50, 49.00, 0, 19.33, 0.00, 0.00
23/11/2024, 23:04:24, 21.50, 49.00, 0, 19.33, 0.00, 0.00
23/11/2024, 23:04:31, 21.50, 49.00, 0, 19.35, 0.00, 0.00
23/11/2024, 23:04:38, 21.50, 49.00, 0, 19.33, 0.00, 0.00
23/11/2024, 23:04:46, 21.50, 49.00, 0, 19.29, 0.00, 0.00
23/11/2024, 23:04:53, 21.50, 49.00, 0, 19.29, 0.00, 0.00
23/11/2024, 23:05:00, 21.60, 49.00, 0, 19.25, 0.00, 0.00
23/11/2024, 23:05:08, 21.70, 49.00, 0, 19.33, 0.00, 0.00
23/11/2024, 23:05:15, 21.80, 49.00, 0, 19.25, 0.00, 0.00
23/11/2024, 23:05:22, 21.80, 49.00, 0, 19.33, 0.00, 0.00
23/11/2024, 23:05:29, 21.80, 49.00, 0, 19.35, 0.00, 0.00
23/11/2024, 23:05:37, 21.80, 49.00, 0, 19.29, 0.00, 0.00
23/11/2024, 23:05:44, 21.80, 49.00, 0, 19.35, 0.00, 0.00
23/11/2024, 23:05:51, 21.80, 49.00, 0, 19.33, 0.00, 0.00
23/11/2024, 23:05:58, 21.80, 49.00, 0, 19.35, 0.00, 0.00
23/11/2024, 23:06:06, 21.80, 49.00, 0, 19.33, 0.00, 0.00
23/11/2024, 23:06:13, 21.80, 49.00, 0, 19.35, 0.00, 0.00
23/11/2024, 23:06:20, 21.80, 49.00, 0, 19.35, 0.00, 0.00
23/11/2024, 23:06:27, 21.80, 49.00, 0, 19.29, 0.00, 0.00
23/11/2024, 23:06:35, 21.80, 49.00, 0, 19.33, 0.00, 0.00
23/11/2024, 23:06:42, 21.80, 49.00, 0, 19.33, 0.00, 0.00
23/11/2024, 23:06:49, 21.80, 49.00, 0, 19.35, 0.00, 0.00
23/11/2024, 23:06:57, 21.80, 49.00, 0, 19.35, 0.00, 0.00
23/11/2024, 23:07:04, 21.80, 49.00, 0, 19.29, 0.00, 0.00
23/11/2024, 23:07:11, 21.80, 49.00, 0, 19.33, 0.00, 0.00
23/11/2024, 23:07:18, 21.80, 49.00, 0, 19.35, 0.00, 0.00
23/11/2024, 23:07:26, 21.80, 49.00, 0, 19.33, 0.00, 0.00
23/11/2024, 23:07:33, 21.80, 49.00, 0, 19.33, 0.00, 0.00
23/11/2024, 23:07:40, 21.80, 49.00, 0, 19.33, 0.00, 0.00
23/11/2024, 23:07:47, 21.80, 49.00, 0, 19.33, 0.00, 0.00
23/11/2024, 23:07:55, 21.80, 49.00, 0, 19.35, 0.00, 0.00
23/11/2024, 23:08:02, 21.80, 49.00, 0, 19.35, 0.00, 0.00
23/11/2024, 23:08:09, 21.80, 49.00, 0, 19.35, 0.00, 0.00
23/11/2024, 23:08:16, 21.80, 49.00, 0, 19.33, 0.00, 0.00
23/11/2024, 23:08:24, 21.80, 49.00, 0, 19.33, 0.00, 0.00
23/11/2024, 23:08:31, 21.80, 49.00, 0, 19.35, 0.00, 0.00
23/11/2024, 23:08:38, 21.80, 49.00, 0, 19.35, 0.00, 0.00
23/11/2024, 23:08:45, 21.80, 49.00, 0, 19.39, 0.00, 0.00
23/11/2024, 23:08:53, 21.80, 49.00, 0, 19.35, 0.00, 0.00
23/11/2024, 23:09:00, 21.80, 49.00, 0, 19.33, 0.00, 0.00
23/11/2024, 23:09:07, 21.80, 49.00, 0, 19.39, 0.00, 0.00
23/11/2024, 23:09:15, 21.80, 49.00, 0, 19.41, 0.00, 0.00
23/11/2024, 23:09:22, 21.80, 49.00, 0, 19.39, 0.00, 0.00
23/11/2024, 23:09:29, 21.80, 49.00, 0, 19.39, 0.00, 0.00
23/11/2024, 23:09:36, 21.80, 49.00, 0, 19.35, 0.00, 0.00
23/11/2024, 23:09:44, 21.80, 49.00, 0, 19.35, 0.00, 0.00
23/11/2024, 23:09:51, 21.80, 49.00, 0, 19.39, 0.00, 0.00
23/11/2024, 23:09:58, 21.80, 49.00, 0, 19.41, 0.00, 0.00
23/11/2024, 23:10:05, 21.80, 49.00, 0, 19.39, 0.00, 0.00
23/11/2024, 23:10:13, 21.80, 49.00, 0, 19.39, 0.00, 0.00
23/11/2024, 23:10:20, 21.80, 49.00, 0, 19.33, 0.00, 0.00
23/11/2024, 23:10:27, 21.80, 49.00, 0, 19.35, 0.00, 0.00
23/11/2024, 23:10:34, 21.80, 49.00, 0, 19.35, 0.00, 0.00
23/11/2024, 23:10:42, 21.80, 49.00, 0, 19.39, 0.00, 0.00
23/11/2024, 23:10:49, 21.80, 49.00, 0, 19.35, 0.00, 0.00
23/11/2024, 23:10:56, 21.80, 49.00, 0, 19.41, 0.00, 0.00
23/11/2024, 23:11:04, 21.80, 49.00, 0, 19.39, 0.00, 0.00
23/11/2024, 23:11:11, 21.80, 49.00, 0, 19.39, 0.00, 0.00
23/11/2024, 23:11:18, 21.80, 49.00, 0, 19.35, 0.00, 0.00
23/11/2024, 23:11:25, 21.80, 49.00, 0, 19.41, 0.00, 0.00
23/11/2024, 23:11:33, 21.80, 49.00, 0, 19.35, 0.00, 0.00
23/11/2024, 23:11:40, 21.80, 49.00, 0, 19.39, 0.00, 0.00
23/11/2024, 23:11:47, 21.80, 49.00, 0, 19.39, 0.00, 0.00
23/11/2024, 23:11:54, 21.80, 49.00, 0, 19.33, 0.00, 0.00
23/11/2024, 23:12:02, 21.80, 49.00, 0, 19.35, 0.00, 0.00
23/11/2024, 23:12:09, 21.80, 49.00, 0, 19.45, 0.00, 0.00
23/11/2024, 23:12:16, 21.80, 49.00, 0, 19.35, 0.00, 0.00
23/11/2024, 23:12:23, 21.80, 49.00, 0, 19.39, 0.00, 0.00
23/11/2024, 23:12:31, 21.80, 49.00, 0, 19.35, 0.00, 0.00
23/11/2024, 23:12:38, 21.80, 49.00, 0, 19.41, 0.00, 0.00
23/11/2024, 23:12:45, 21.80, 49.00, 0, 19.35, 0.00, 0.00
23/11/2024, 23:12:52, 21.80, 49.00, 0, 19.39, 0.00, 0.00
23/11/2024, 23:13:00, 21.80, 49.00, 0, 19.35, 0.00, 0.00
23/11/2024, 23:13:07, 21.80, 49.00, 0, 19.39, 0.00, 0.00
23/11/2024, 23:13:14, 21.80, 49.00, 0, 19.41, 0.00, 0.00
23/11/2024, 23:13:22, 21.80, 49.00, 0, 19.45, 0.00, 0.00
23/11/2024, 23:13:29, 21.80, 49.00, 0, 19.35, 0.00, 0.00
23/11/2024, 23:13:36, 21.80, 49.00, 0, 19.35, 0.00, 0.00
23/11/2024, 23:13:43, 21.80, 49.00, 0, 19.41, 0.00, 0.00
23/11/2024, 23:13:51, 21.80, 49.00, 0, 19.39, 0.00, 0.00
23/11/2024, 23:13:58, 21.80, 49.00, 0, 19.41, 0.00, 0.00
23/11/2024, 23:14:05, 21.80, 49.00, 0, 19.39, 0.00, 0.00
23/11/2024, 23:14:12, 21.80, 49.00, 0, 19.33, 0.00, 0.00
23/11/2024, 23:14:20, 21.80, 49.00, 0, 19.41, 0.00, 0.00
23/11/2024, 23:14:27, 21.80, 49.00, 0, 19.39, 0.00, 0.00
23/11/2024, 23:14:34, 21.80, 49.00, 0, 19.35, 0.00, 0.00
23/11/2024, 23:14:41, 21.80, 49.00, 0, 19.39, 0.00, 0.00
23/11/2024, 23:14:49, 21.80, 49.00, 0, 19.39, 0.00, 0.00
23/11/2024, 23:14:56, 21.80, 49.00, 0, 19.45, 0.00, 0.00
23/11/2024, 23:15:03, 21.80, 49.00, 0, 19.39, 0.00, 0.00
23/11/2024, 23:15:11, 21.80, 49.00, 0, 19.35, 0.00, 0.00
23/11/2024, 23:15:18, 21.80, 49.00, 0, 19.39, 0.00, 0.00
23/11/2024, 23:15:25, 21.80, 49.00, 0, 19.41, 0.00, 0.00
23/11/2024, 23:15:32, 21.80, 49.00, 0, 19.39, 0.00, 0.00
23/11/2024, 23:15:40, 21.80, 49.00, 0, 19.41, 0.00, 0.00
23/11/2024, 23:15:47, 21.80, 49.00, 0, 19.39, 0.00, 0.00
23/11/2024, 23:15:54, 21.80, 49.00, 0, 19.41, 0.00, 0.00
23/11/2024, 23:16:01, 21.80, 49.00, 0, 19.41, 0.00, 0.00
23/11/2024, 23:16:09, 21.80, 49.00, 0, 19.39, 0.00, 0.00
23/11/2024, 23:16:16, 21.80, 49.00, 0, 19.45, 0.00, 0.00
23/11/2024, 23:16:23, 21.80, 49.00, 0, 19.39, 0.00, 0.00
23/11/2024, 23:16:30, 21.80, 49.00, 0, 19.39, 0.00, 0.00
23/11/2024, 23:16:38, 21.80, 49.00, 0, 19.41, 0.00, 0.00
23/11/2024, 23:16:45, 21.80, 49.00, 0, 19.47, 0.00, 0.00
23/11/2024, 23:16:52, 21.80, 49.00, 0, 19.39, 0.00, 0.00
23/11/2024, 23:17:00, 21.80, 49.00, 0, 19.39, 0.00, 0.00
23/11/2024, 23:17:07, 21.80, 49.00, 0, 19.45, 0.00, 0.00
23/11/2024, 23:17:14, 21.80, 49.00, 0, 19.45, 0.00, 0.00
23/11/2024, 23:17:21, 21.80, 49.00, 0, 19.45, 0.00, 0.00
23/11/2024, 23:17:29, 21.80, 49.00, 0, 19.47, 0.00, 0.00
23/11/2024, 23:17:36, 21.80, 49.00, 0, 19.47, 0.00, 0.00
23/11/2024, 23:17:43, 21.80, 49.00, 0, 19.45, 0.00, 0.00
23/11/2024, 23:17:50, 21.80, 49.00, 0, 19.45, 0.00, 0.00
23/11/2024, 23:17:58, 21.80, 49.00, 0, 19.41, 0.00, 0.00
23/11/2024, 23:18:05, 21.80, 49.00, 0, 19.41, 0.00, 0.00
23/11/2024, 23:18:12, 21.80, 49.00, 0, 19.41, 0.00, 0.00
23/11/2024, 23:18:19, 21.90, 49.00, 0, 19.41, 0.00, 0.00
23/11/2024, 23:18:27, 21.90, 49.00, 0, 19.35, 0.00, 0.00
23/11/2024, 23:18:34, 21.80, 49.00, 0, 19.47, 0.00, 0.00
23/11/2024, 23:18:41, 21.80, 49.00, 0, 19.45, 0.00, 0.00
23/11/2024, 23:18:49, 21.80, 49.00, 0, 19.45, 0.00, 0.00
23/11/2024, 23:18:56, 21.80, 49.00, 0, 19.45, 0.00, 0.00
23/11/2024, 23:19:03, 21.80, 49.00, 0, 19.39, 0.00, 0.00
23/11/2024, 23:19:10, 21.90, 49.00, 0, 19.51, 0.00, 0.00
23/11/2024, 23:19:18, 21.90, 49.00, 0, 19.45, 0.00, 0.00
23/11/2024, 23:19:25, 21.80, 49.00, 0, 19.41, 0.00, 0.00
23/11/2024, 23:19:32, 21.90, 49.00, 0, 19.41, 0.00, 0.00
23/11/2024, 23:19:39, 21.90, 49.00, 0, 19.47, 0.00, 0.00
23/11/2024, 23:19:47, 21.90, 49.00, 0, 19.45, 0.00, 0.00
23/11/2024, 23:19:54, 21.90, 49.00, 0, 19.47, 0.00, 0.00
23/11/2024, 23:20:01, 21.90, 49.00, 0, 19.47, 0.00, 0.00
23/11/2024, 23:20:08, 21.90, 49.00, 0, 19.47, 0.00, 0.00
23/11/2024, 23:20:16, 21.90, 49.00, 0, 19.45, 0.00, 0.00
23/11/2024, 23:20:23, 21.90, 49.00, 0, 19.41, 0.00, 0.00
23/11/2024, 23:20:30, 21.90, 49.00, 0, 19.51, 0.00, 0.00
23/11/2024, 23:20:37, 21.90, 49.00, 0, 19.51, 0.00, 0.00
23/11/2024, 23:20:45, 21.90, 49.00, 0, 19.45, 0.00, 0.00
23/11/2024, 23:20:52, 21.90, 49.00, 0, 19.51, 0.00, 0.00
23/11/2024, 23:20:59, 21.80, 49.00, 0, 19.47, 0.00, 0.00
23/11/2024, 23:21:07, 21.80, 49.00, 0, 19.45, 0.00, 0.00
23/11/2024, 23:21:14, 21.90, 49.00, 0, 19.41, 0.00, 0.00
23/11/2024, 23:21:21, 21.80, 49.00, 0, 19.47, 0.00, 0.00
23/11/2024, 23:21:28, 21.80, 49.00, 0, 19.45, 0.00, 0.00
23/11/2024, 23:21:36, 21.80, 49.00, 0, 19.47, 0.00, 0.00
23/11/2024, 23:21:43, 21.80, 49.00, 0, 19.39, 0.00, 0.00
23/11/2024, 23:21:50, 21.90, 49.00, 0, 19.47, 0.00, 0.00
23/11/2024, 23:21:57, 21.90, 49.00, 0, 19.45, 0.00, 0.00
23/11/2024, 23:22:05, 21.90, 49.00, 0, 19.45, 0.00, 0.00
23/11/2024, 23:22:12, 21.90, 49.00, 0, 19.47, 0.00, 0.00
23/11/2024, 23:22:19, 22.00, 49.00, 0, 19.47, 0.00, 0.00
23/11/2024, 23:22:26, 22.20, 49.00, 0, 19.45, 0.00, 0.00
23/11/2024, 23:22:34, 22.20, 49.00, 0, 19.51, 0.00, 0.00
23/11/2024, 23:22:41, 22.20, 49.00, 0, 19.47, 0.00, 0.00
23/11/2024, 23:22:48, 22.20, 49.00, 0, 19.47, 0.00, 0.00
23/11/2024, 23:22:56, 22.20, 49.00, 0, 19.47, 0.00, 0.00
23/11/2024, 23:23:03, 22.20, 49.00, 0, 19.47, 0.00, 0.00
23/11/2024, 23:23:10, 22.20, 49.00, 0, 19.41, 0.00, 0.00
23/11/2024, 23:23:17, 22.20, 49.00, 0, 19.51, 0.00, 0.00
23/11/2024, 23:23:25, 22.20, 49.00, 0, 19.39, 0.00, 0.00
23/11/2024, 23:23:32, 22.20, 48.00, 0, 19.47, 0.00, 0.00
23/11/2024, 23:23:39, 22.20, 48.00, 0, 19.41, 0.00, 0.00
23/11/2024, 23:23:46, 22.20, 48.00, 0, 19.45, 0.00, 0.00
23/11/2024, 23:23:54, 22.20, 48.00, 0, 19.45, 0.00, 0.00
23/11/2024, 23:24:01, 22.20, 48.00, 0, 19.45, 0.00, 0.00
23/11/2024, 23:24:08, 22.20, 48.00, 0, 19.47, 0.00, 0.00
23/11/2024, 23:24:15, 22.20, 48.00, 0, 19.45, 0.00, 0.00
23/11/2024, 23:24:23, 22.20, 48.00, 0, 19.39, 0.00, 0.00
23/11/2024, 23:24:30, 22.20, 48.00, 0, 19.47, 0.00, 0.00
23/11/2024, 23:24:37, 22.20, 48.00, 0, 19.47, 0.00, 0.00
23/11/2024, 23:24:45, 22.20, 48.00, 0, 19.47, 0.00, 0.00
23/11/2024, 23:24:52, 22.20, 48.00, 0, 19.55, 0.00, 0.00
23/11/2024, 23:24:59, 22.20, 48.00, 0, 19.47, 0.00, 0.00
23/11/2024, 23:25:06, 22.20, 48.00, 0, 19.41, 0.00, 0.00
23/11/2024, 23:25:14, 22.20, 48.00, 0, 19.51, 0.00, 0.00
23/11/2024, 23:25:21, 22.20, 48.00, 0, 19.51, 0.00, 0.00
23/11/2024, 23:25:28, 22.20, 48.00, 0, 19.45, 0.00, 0.00
23/11/2024, 23:25:35, 22.20, 48.00, 0, 19.45, 0.00, 0.00
23/11/2024, 23:25:43, 22.20, 48.00, 0, 19.47, 0.00, 0.00
23/11/2024, 23:25:50, 22.20, 48.00, 0, 19.47, 0.00, 0.00
23/11/2024, 23:25:57, 22.20, 48.00, 0, 19.47, 0.00, 0.00
23/11/2024, 23:26:04, 22.20, 48.00, 0, 19.45, 0.00, 0.00
23/11/2024, 23:26:12, 22.20, 48.00, 0, 19.47, 0.00, 0.00
23/11/2024, 23:26:19, 22.20, 48.00, 0, 19.47, 0.00, 0.00
23/11/2024, 23:26:26, 22.20, 48.00, 0, 19.41, 0.00, 0.00
23/11/2024, 23:26:33, 22.20, 48.00, 0, 19.45, 0.00, 0.00
23/11/2024, 23:26:41, 22.20, 48.00, 0, 19.47, 0.00, 0.00
23/11/2024, 23:26:48, 22.20, 48.00, 0, 19.47, 0.00, 0.00
23/11/2024, 23:26:55, 22.20, 48.00, 0, 19.55, 0.00, 0.00
23/11/2024, 23:27:03, 22.20, 48.00, 0, 19.47, 0.00, 0.00
23/11/2024, 23:27:10, 22.20, 48.00, 0, 19.45, 0.00, 0.00
23/11/2024, 23:27:17, 22.20, 48.00, 0, 19.51, 0.00, 0.00
23/11/2024, 23:27:24, 22.20, 48.00, 0, 19.45, 0.00, 0.00
23/11/2024, 23:27:39, 22.20, 48.00, 0, 19.51, 0.00, 0.00
23/11/2024, 23:27:46, 22.20, 48.00, 0, 19.57, 0.00, 0.00
23/11/2024, 23:27:53, 22.20, 48.00, 0, 19.55, 0.00, 0.00
23/11/2024, 23:28:01, 22.20, 48.00, 0, 19.47, 0.00, 0.00
23/11/2024, 23:28:08, 22.20, 48.00, 0, 19.47, 0.00, 0.00
23/11/2024, 23:28:15, 22.20, 48.00, 0, 19.45, 0.00, 0.00
23/11/2024, 23:28:22, 22.20, 48.00, 0, 19.55, 0.00, 0.00
23/11/2024, 23:28:30, 22.20, 48.00, 0, 19.55, 0.00, 0.00
23/11/2024, 23:28:37, 22.20, 48.00, 0, 19.55, 0.00, 0.00
23/11/2024, 23:28:44, 22.20, 48.00, 0, 19.51, 0.00, 0.00
23/11/2024, 23:28:52, 22.20, 48.00, 0, 19.51, 0.00, 0.00
23/11/2024, 23:28:59, 22.20, 48.00, 0, 19.41, 0.00, 0.00
23/11/2024, 23:29:06, 22.20, 48.00, 0, 19.55, 0.00, 0.00
23/11/2024, 23:29:13, 22.20, 48.00, 0, 19.61, 0.00, 0.00
23/11/2024, 23:29:21, 22.20, 48.00, 0, 19.51, 0.00, 0.00
23/11/2024, 23:29:28, 22.20, 48.00, 0, 19.51, 0.00, 0.00
23/11/2024, 23:29:35, 22.20, 48.00, 0, 19.55, 0.00, 0.00
23/11/2024, 23:29:42, 22.20, 48.00, 0, 19.55, 0.00, 0.00
23/11/2024, 23:29:50, 22.20, 48.00, 0, 19.47, 0.00, 0.00
23/11/2024, 23:29:57, 22.20, 48.00, 0, 19.51, 0.00, 0.00
23/11/2024, 23:30:04, 22.20, 48.00, 0, 19.51, 0.00, 0.00
23/11/2024, 23:30:11, 22.20, 48.00, 0, 19.55, 0.00, 0.00
23/11/2024, 23:30:19, 22.20, 48.00, 0, 19.51, 0.00, 0.00
23/11/2024, 23:30:26, 22.20, 48.00, 0, 19.47, 0.00, 0.00
23/11/2024, 23:30:33, 22.20, 48.00, 0, 19.57, 0.00, 0.00
23/11/2024, 23:30:41, 22.20, 48.00, 0, 19.47, 0.00, 0.00
23/11/2024, 23:30:48, 22.20, 48.00, 0, 19.55, 0.00, 0.00
23/11/2024, 23:30:55, 22.20, 48.00, 0, 19.47, 0.00, 0.00
23/11/2024, 23:31:02, 22.20, 48.00, 0, 19.51, 0.00, 0.00
23/11/2024, 23:31:10, 22.20, 48.00, 0, 19.57, 0.00, 0.00
23/11/2024, 23:31:17, 22.20, 48.00, 0, 19.51, 0.00, 0.00
23/11/2024, 23:31:24, 22.20, 48.00, 0, 19.47, 0.00, 0.00
23/11/2024, 23:31:31, 22.20, 48.00, 0, 19.51, 0.00, 0.00
23/11/2024, 23:31:39, 22.20, 48.00, 0, 19.51, 0.00, 0.00
23/11/2024, 23:31:46, 22.20, 48.00, 0, 19.51, 0.00, 0.00
23/11/2024, 23:31:53, 22.20, 48.00, 0, 19.51, 0.00, 0.00
23/11/2024, 23:32:00, 22.20, 48.00, 0, 19.47, 0.00, 0.00
23/11/2024, 23:32:08, 22.20, 48.00, 0, 19.45, 0.00, 0.00
23/11/2024, 23:32:15, 22.20, 48.00, 0, 19.51, 0.00, 0.00
23/11/2024, 23:32:22, 22.20, 48.00, 0, 19.55, 0.00, 0.00
23/11/2024, 23:32:30, 22.20, 48.00, 0, 19.51, 0.00, 0.00
23/11/2024, 23:32:37, 22.20, 48.00, 0, 19.57, 0.00, 0.00
23/11/2024, 23:32:44, 22.20, 48.00, 0, 19.55, 0.00, 0.00
23/11/2024, 23:32:51, 22.20, 48.00, 0, 19.47, 0.00, 0.00
23/11/2024, 23:32:59, 22.20, 48.00, 0, 19.55, 0.00, 0.00
23/11/2024, 23:33:06, 22.20, 48.00, 0, 19.55, 0.00, 0.00
23/11/2024, 23:33:13, 22.20, 48.00, 0, 19.55, 0.00, 0.00
23/11/2024, 23:33:20, 22.20, 48.00, 0, 19.47, 0.00, 0.00
23/11/2024, 23:33:28, 22.20, 48.00, 0, 19.47, 0.00, 0.00
23/11/2024, 23:33:35, 22.20, 48.00, 0, 19.57, 0.00, 0.00
23/11/2024, 23:33:42, 22.20, 48.00, 0, 19.55, 0.00, 0.00
23/11/2024, 23:33:49, 22.20, 48.00, 0, 19.51, 0.00, 0.00
23/11/2024, 23:33:57, 22.20, 48.00, 0, 19.55, 0.00, 0.00
23/11/2024, 23:34:04, 22.20, 48.00, 0, 19.55, 0.00, 0.00
23/11/2024, 23:34:11, 22.20, 48.00, 0, 19.61, 0.00, 0.00
23/11/2024, 23:34:18, 22.20, 48.00, 0, 19.57, 0.00, 0.00
23/11/2024, 23:34:26, 22.20, 48.00, 0, 19.57, 0.00, 0.00
23/11/2024, 23:34:33, 22.20, 48.00, 0, 19.57, 0.00, 0.00
23/11/2024, 23:34:40, 22.20, 48.00, 0, 19.51, 0.00, 0.00
23/11/2024, 23:34:48, 22.20, 48.00, 0, 19.57, 0.00, 0.00
23/11/2024, 23:34:55, 22.20, 48.00, 0, 19.61, 0.00, 0.00
23/11/2024, 23:35:02, 22.20, 48.00, 0, 19.55, 0.00, 0.00
23/11/2024, 23:35:09, 22.20, 48.00, 0, 19.57, 0.00, 0.00
23/11/2024, 23:35:17, 22.20, 48.00, 0, 19.67, 0.00, 0.00
23/11/2024, 23:35:24, 22.20, 48.00, 0, 19.51, 0.00, 0.00
23/11/2024, 23:35:31, 22.20, 48.00, 0, 19.55, 0.00, 0.00
23/11/2024, 23:35:38, 22.20, 48.00, 0, 19.51, 0.00, 0.00
23/11/2024, 23:35:46, 22.20, 48.00, 0, 19.67, 0.00, 0.00
23/11/2024, 23:35:53, 22.20, 48.00, 0, 19.57, 0.00, 0.00
23/11/2024, 23:36:00, 22.20, 48.00, 0, 19.55, 0.00, 0.00
23/11/2024, 23:36:07, 22.20, 48.00, 0, 19.55, 0.00, 0.00
23/11/2024, 23:36:15, 22.20, 48.00, 0, 19.55, 0.00, 0.00
23/11/2024, 23:36:22, 22.20, 48.00, 0, 19.55, 0.00, 0.00
23/11/2024, 23:36:29, 22.20, 48.00, 0, 19.61, 0.00, 0.00
23/11/2024, 23:36:37, 22.20, 48.00, 0, 19.57, 0.00, 0.00
23/11/2024, 23:36:44, 22.20, 48.00, 0, 19.57, 0.00, 0.00
23/11/2024, 23:36:51, 22.20, 48.00, 0, 19.55, 0.00, 0.00
23/11/2024, 23:36:58, 22.20, 48.00, 0, 19.61, 0.00, 0.00
23/11/2024, 23:37:06, 22.20, 48.00, 0, 19.57, 0.00, 0.00
23/11/2024, 23:37:13, 22.20, 48.00, 0, 19.57, 0.00, 0.00
23/11/2024, 23:37:20, 22.20, 48.00, 0, 19.63, 0.00, 0.00
23/11/2024, 23:37:27, 22.20, 48.00, 0, 19.57, 0.00, 0.00
23/11/2024, 23:37:35, 22.20, 48.00, 0, 19.61, 0.00, 0.00
23/11/2024, 23:37:42, 22.20, 48.00, 0, 19.55, 0.00, 0.00
23/11/2024, 23:37:49, 22.20, 48.00, 0, 19.57, 0.00, 0.00
23/11/2024, 23:37:56, 22.20, 48.00, 0, 19.57, 0.00, 0.00
23/11/2024, 23:38:04, 22.20, 48.00, 0, 19.57, 0.00, 0.00
23/11/2024, 23:38:11, 22.20, 48.00, 0, 19.71, 0.00, 0.00
23/11/2024, 23:38:18, 22.20, 48.00, 0, 19.61, 0.00, 0.00
23/11/2024, 23:38:26, 22.20, 48.00, 0, 19.55, 0.00, 0.00
23/11/2024, 23:38:33, 22.20, 48.00, 0, 19.61, 0.00, 0.00
23/11/2024, 23:38:40, 22.20, 48.00, 0, 19.55, 0.00, 0.00
23/11/2024, 23:38:47, 22.20, 48.00, 0, 19.57, 0.00, 0.00
23/11/2024, 23:38:55, 22.20, 48.00, 0, 19.55, 0.00, 0.00
23/11/2024, 23:39:02, 22.20, 48.00, 0, 19.55, 0.00, 0.00
23/11/2024, 23:39:09, 22.20, 48.00, 0, 19.57, 0.00, 0.00
23/11/2024, 23:39:16, 22.20, 48.00, 0, 19.57, 0.00, 0.00
23/11/2024, 23:39:24, 22.20, 48.00, 0, 19.63, 0.00, 0.00
23/11/2024, 23:39:31, 22.20, 48.00, 0, 19.55, 0.00, 0.00
23/11/2024, 23:39:38, 22.20, 48.00, 0, 19.61, 0.00, 0.00
23/11/2024, 23:39:45, 22.20, 48.00, 0, 19.61, 0.00, 0.00
23/11/2024, 23:39:53, 22.20, 48.00, 0, 19.67, 0.00, 0.00
23/11/2024, 23:40:00, 22.20, 48.00, 0, 19.57, 0.00, 0.00
23/11/2024, 23:40:07, 22.20, 48.00, 0, 19.57, 0.00, 0.00
23/11/2024, 23:40:14, 22.20, 48.00, 0, 19.61, 0.00, 0.00
23/11/2024, 23:40:22, 22.20, 48.00, 0, 19.51, 0.00, 0.00
23/11/2024, 23:40:29, 22.20, 48.00, 0, 19.61, 0.00, 0.00
23/11/2024, 23:40:36, 22.20, 48.00, 0, 19.67, 0.00, 0.00
23/11/2024, 23:40:44, 22.20, 48.00, 0, 19.63, 0.00, 0.00
23/11/2024, 23:40:51, 22.20, 48.00, 0, 19.71, 0.00, 0.00
23/11/2024, 23:40:58, 22.20, 48.00, 0, 19.61, 0.00, 0.00
23/11/2024, 23:41:05, 22.20, 48.00, 0, 19.57, 0.00, 0.00
23/11/2024, 23:41:13, 22.20, 48.00, 0, 19.57, 0.00, 0.00
23/11/2024, 23:41:20, 22.20, 48.00, 0, 19.63, 0.00, 0.00
23/11/2024, 23:41:27, 22.20, 48.00, 0, 19.63, 0.00, 0.00
23/11/2024, 23:41:34, 22.20, 48.00, 0, 19.61, 0.00, 0.00
23/11/2024, 23:41:42, 22.20, 48.00, 0, 19.61, 0.00, 0.00
23/11/2024, 23:41:49, 22.20, 48.00, 0, 19.71, 0.00, 0.00
23/11/2024, 23:41:56, 22.20, 48.00, 0, 19.57, 0.00, 0.00
23/11/2024, 23:42:03, 22.20, 48.00, 0, 19.67, 0.00, 0.00
23/11/2024, 23:42:11, 22.20, 48.00, 0, 19.57, 0.00, 0.00
23/11/2024, 23:42:18, 22.20, 48.00, 0, 19.61, 0.00, 0.00
23/11/2024, 23:42:25, 22.20, 48.00, 0, 19.55, 0.00, 0.00
23/11/2024, 23:42:33, 22.20, 48.00, 0, 19.61, 0.00, 0.00
23/11/2024, 23:42:40, 22.20, 48.00, 0, 19.57, 0.00, 0.00
23/11/2024, 23:42:47, 22.20, 48.00, 0, 19.71, 0.00, 0.00
23/11/2024, 23:42:54, 22.20, 48.00, 0, 19.71, 0.00, 0.00
23/11/2024, 23:43:02, 22.20, 48.00, 0, 19.51, 0.00, 0.00
23/11/2024, 23:43:09, 22.20, 48.00, 0, 19.61, 0.00, 0.00
23/11/2024, 23:43:16, 22.20, 48.00, 0, 19.57, 0.00, 0.00
23/11/2024, 23:43:23, 22.20, 48.00, 0, 19.57, 0.00, 0.00
23/11/2024, 23:43:31, 22.20, 48.00, 0, 19.57, 0.00, 0.00
23/11/2024, 23:43:38, 22.20, 48.00, 0, 19.57, 0.00, 0.00
23/11/2024, 23:43:45, 22.20, 48.00, 0, 19.57, 0.00, 0.00
23/11/2024, 23:43:52, 22.20, 48.00, 0, 19.61, 0.00, 0.00
23/11/2024, 23:44:00, 22.20, 48.00, 0, 19.57, 0.00, 0.00
23/11/2024, 23:44:07, 22.20, 48.00, 0, 19.55, 0.00, 0.00
23/11/2024, 23:44:14, 22.20, 48.00, 0, 19.57, 0.00, 0.00
23/11/2024, 23:44:22, 22.20, 48.00, 0, 19.63, 0.00, 0.00
23/11/2024, 23:44:29, 22.20, 48.00, 0, 19.61, 0.00, 0.00
23/11/2024, 23:44:36, 22.20, 48.00, 0, 19.57, 0.00, 0.00
23/11/2024, 23:44:43, 22.20, 48.00, 0, 19.57, 0.00, 0.00
23/11/2024, 23:44:51, 22.20, 48.00, 0, 19.63, 0.00, 0.00
23/11/2024, 23:44:58, 22.20, 48.00, 0, 19.61, 0.00, 0.00
23/11/2024, 23:45:05, 22.20, 48.00, 0, 19.61, 0.00, 0.00
23/11/2024, 23:45:12, 22.20, 48.00, 0, 19.61, 0.00, 0.00
23/11/2024, 23:45:20, 22.20, 48.00, 0, 19.67, 0.00, 0.00
23/11/2024, 23:45:27, 22.20, 48.00, 0, 19.63, 0.00, 0.00
23/11/2024, 23:45:34, 22.20, 48.00, 0, 19.57, 0.00, 0.00
23/11/2024, 23:45:41, 22.20, 48.00, 0, 19.55, 0.00, 0.00
23/11/2024, 23:45:49, 22.20, 48.00, 0, 19.67, 0.00, 0.00
23/11/2024, 23:46:03, 22.20, 48.00, 0, 19.67, 0.00, 0.00
23/11/2024, 23:46:11, 22.20, 48.00, 0, 19.61, 0.00, 0.00
23/11/2024, 23:46:18, 22.20, 48.00, 0, 19.61, 0.00, 0.00
23/11/2024, 23:46:32, 22.20, 48.00, 0, 19.67, 0.00, 0.00
23/11/2024, 23:46:40, 22.20, 48.00, 0, 19.63, 0.00, 0.00
23/11/2024, 23:46:47, 22.20, 48.00, 0, 19.63, 0.00, 0.00
23/11/2024, 23:46:54, 22.20, 48.00, 0, 19.63, 0.00, 0.00
23/11/2024, 23:47:01, 22.20, 48.00, 0, 19.67, 0.00, 0.00
23/11/2024, 23:47:09, 22.20, 48.00, 0, 19.63, 0.00, 0.00
23/11/2024, 23:47:16, 22.20, 48.00, 0, 19.63, 0.00, 0.00
23/11/2024, 23:47:23, 22.20, 48.00, 0, 19.67, 0.00, 0.00
23/11/2024, 23:47:30, 22.20, 48.00, 0, 19.67, 0.00, 0.00
23/11/2024, 23:47:38, 22.20, 48.00, 0, 19.63, 0.00, 0.00
23/11/2024, 23:47:45, 22.20, 48.00, 0, 19.63, 0.00, 0.00
23/11/2024, 23:47:52, 22.20, 48.00, 0, 19.61, 0.00, 0.00
23/11/2024, 23:47:59, 22.20, 48.00, 0, 19.55, 0.00, 0.00
23/11/2024, 23:48:07, 22.20, 48.00, 0, 19.61, 0.00, 0.00
23/11/2024, 23:48:14, 22.20, 47.00, 0, 19.61, 0.00, 0.00
23/11/2024, 23:48:21, 22.20, 47.00, 0, 19.67, 0.00, 0.00
23/11/2024, 23:48:29, 22.20, 47.00, 0, 19.63, 0.00, 0.00
23/11/2024, 23:48:36, 22.20, 47.00, 0, 19.57, 0.00, 0.00
23/11/2024, 23:48:43, 22.20, 47.00, 0, 19.63, 0.00, 0.00
23/11/2024, 23:48:50, 22.20, 47.00, 0, 19.67, 0.00, 0.00
23/11/2024, 23:48:58, 22.20, 47.00, 0, 19.61, 0.00, 0.00
23/11/2024, 23:49:05, 22.20, 47.00, 0, 19.63, 0.00, 0.00
23/11/2024, 23:49:12, 22.20, 47.00, 0, 19.63, 0.00, 0.00
23/11/2024, 23:49:19, 22.20, 47.00, 0, 19.63, 0.00, 0.00
23/11/2024, 23:49:27, 22.20, 47.00, 0, 19.61, 0.00, 0.00
23/11/2024, 23:49:34, 22.20, 47.00, 0, 19.57, 0.00, 0.00
23/11/2024, 23:49:41, 22.20, 47.00, 0, 19.67, 0.00, 0.00
23/11/2024, 23:49:48, 22.20, 47.00, 0, 19.61, 0.00, 0.00
23/11/2024, 23:49:56, 22.20, 47.00, 0, 19.67, 0.00, 0.00
23/11/2024, 23:50:03, 22.20, 47.00, 0, 19.67, 0.00, 0.00
23/11/2024, 23:50:10, 22.20, 47.00, 0, 19.61, 0.00, 0.00
23/11/2024, 23:50:18, 22.20, 47.00, 0, 19.63, 0.00, 0.00
23/11/2024, 23:50:25, 22.20, 47.00, 0, 19.71, 0.00, 0.00
23/11/2024, 23:50:32, 22.20, 47.00, 0, 19.63, 0.00, 0.00
23/11/2024, 23:50:39, 22.20, 47.00, 0, 19.63, 0.00, 0.00
23/11/2024, 23:50:47, 22.20, 47.00, 0, 19.57, 0.00, 0.00
23/11/2024, 23:50:54, 22.20, 47.00, 0, 19.67, 0.00, 0.00
23/11/2024, 23:51:01, 22.20, 47.00, 0, 19.63, 0.00, 0.00
23/11/2024, 23:51:08, 22.20, 47.00, 0, 19.63, 0.00, 0.00
23/11/2024, 23:51:16, 22.20, 47.00, 0, 19.55, 0.00, 0.00
23/11/2024, 23:51:23, 22.20, 47.00, 0, 19.67, 0.00, 0.00
23/11/2024, 23:51:30, 22.20, 47.00, 0, 19.63, 0.00, 0.00
23/11/2024, 23:51:37, 22.20, 47.00, 0, 19.61, 0.00, 0.00
23/11/2024, 23:51:45, 22.20, 47.00, 0, 19.63, 0.00, 0.00
23/11/2024, 23:51:52, 22.20, 47.00, 0, 19.63, 0.00, 0.00
23/11/2024, 23:51:59, 22.20, 47.00, 0, 19.61, 0.00, 0.00
23/11/2024, 23:52:07, 22.20, 47.00, 0, 19.61, 0.00, 0.00
23/11/2024, 23:52:14, 22.20, 47.00, 0, 19.67, 0.00, 0.00
23/11/2024, 23:52:21, 22.20, 47.00, 0, 19.67, 0.00, 0.00
23/11/2024, 23:52:28, 22.20, 47.00, 0, 19.61, 0.00, 0.00
23/11/2024, 23:52:36, 22.20, 47.00, 0, 19.57, 0.00, 0.00
23/11/2024, 23:52:43, 22.20, 47.00, 0, 19.63, 0.00, 0.00
23/11/2024, 23:52:50, 22.20, 47.00, 0, 19.63, 0.00, 0.00
23/11/2024, 23:52:57, 22.20, 47.00, 0, 19.63, 0.00, 0.00
23/11/2024, 23:53:05, 22.20, 47.00, 0, 19.55, 0.00, 0.00
23/11/2024, 23:53:12, 22.20, 47.00, 0, 19.61, 0.00, 0.00
23/11/2024, 23:53:19, 22.20, 47.00, 0, 19.67, 0.00, 0.00
23/11/2024, 23:53:26, 22.20, 47.00, 0, 19.61, 0.00, 0.00
23/11/2024, 23:53:34, 22.20, 47.00, 0, 19.63, 0.00, 0.00
23/11/2024, 23:53:41, 22.20, 47.00, 0, 19.61, 0.00, 0.00
23/11/2024, 23:53:48, 22.20, 47.00, 0, 19.67, 0.00, 0.00
23/11/2024, 23:53:56, 22.20, 47.00, 0, 19.61, 0.00, 0.00
23/11/2024, 23:54:03, 22.20, 47.00, 0, 19.61, 0.00, 0.00
23/11/2024, 23:54:10, 22.20, 47.00, 0, 19.57, 0.00, 0.00
23/11/2024, 23:54:17, 22.20, 47.00, 0, 19.57, 0.00, 0.00
23/11/2024, 23:54:25, 22.20, 47.00, 0, 19.61, 0.00, 0.00
23/11/2024, 23:54:32, 22.20, 47.00, 0, 19.63, 0.00, 0.00
23/11/2024, 23:54:39, 22.20, 47.00, 0, 19.61, 0.00, 0.00
23/11/2024, 23:54:46, 22.20, 47.00, 0, 19.61, 0.00, 0.00
23/11/2024, 23:54:54, 22.20, 47.00, 0, 19.61, 0.00, 0.00
23/11/2024, 23:55:01, 22.20, 47.00, 0, 19.67, 0.00, 0.00
23/11/2024, 23:55:08, 22.20, 47.00, 0, 19.63, 0.00, 0.00
23/11/2024, 23:55:15, 22.20, 47.00, 0, 19.61, 0.00, 0.00
23/11/2024, 23:55:23, 22.20, 47.00, 0, 19.61, 0.00, 0.00
23/11/2024, 23:55:30, 22.20, 47.00, 0, 19.63, 0.00, 0.00
23/11/2024, 23:55:37, 22.20, 47.00, 0, 19.67, 0.00, 0.00
23/11/2024, 23:55:44, 22.20, 47.00, 0, 19.61, 0.00, 0.00
23/11/2024, 23:55:52, 22.20, 47.00, 0, 19.61, 0.00, 0.00
23/11/2024, 23:55:59, 22.20, 47.00, 0, 19.63, 0.00, 0.00
23/11/2024, 23:56:06, 22.20, 47.00, 0, 19.71, 0.00, 0.00
23/11/2024, 23:56:14, 22.20, 47.00, 0, 19.61, 0.00, 0.00
23/11/2024, 23:56:21, 22.20, 47.00, 0, 19.63, 0.00, 0.00
23/11/2024, 23:56:28, 22.20, 47.00, 0, 19.51, 0.00, 0.00
23/11/2024, 23:56:35, 22.20, 47.00, 0, 19.63, 0.00, 0.00
23/11/2024, 23:56:43, 22.20, 47.00, 0, 19.63, 0.00, 0.00
23/11/2024, 23:56:50, 22.20, 47.00, 0, 19.67, 0.00, 0.00
23/11/2024, 23:56:57, 22.20, 47.00, 0, 19.61, 0.00, 0.00
23/11/2024, 23:57:04, 22.20, 47.00, 0, 19.67, 0.00, 0.00
23/11/2024, 23:57:12, 22.20, 47.00, 0, 19.63, 0.00, 0.00
23/11/2024, 23:57:19, 22.20, 47.00, 0, 19.63, 0.00, 0.00
23/11/2024, 23:57:26, 22.20, 47.00, 0, 19.67, 0.00, 0.00
23/11/2024, 23:57:33, 22.20, 47.00, 0, 19.67, 0.00, 0.00
23/11/2024, 23:57:41, 22.20, 47.00, 0, 19.63, 0.00, 0.00
23/11/2024, 23:57:48, 22.20, 47.00, 0, 19.63, 0.00, 0.00
23/11/2024, 23:57:55, 22.20, 47.00, 0, 19.67, 0.00, 0.00
23/11/2024, 23:58:03, 22.20, 47.00, 0, 19.67, 0.00, 0.00
23/11/2024, 23:58:10, 22.20, 47.00, 0, 19.61, 0.00, 0.00
23/11/2024, 23:58:17, 22.20, 47.00, 0, 19.63, 0.00, 0.00
23/11/2024, 23:58:24, 22.20, 47.00, 0, 19.63, 0.00, 0.00
23/11/2024, 23:58:32, 22.20, 47.00, 0, 19.73, 0.00, 0.00
23/11/2024, 23:58:39, 22.20, 47.00, 0, 19.67, 0.00, 0.00
23/11/2024, 23:58:46, 22.20, 47.00, 0, 19.63, 0.00, 0.00
23/11/2024, 23:58:53, 22.20, 47.00, 0, 19.61, 0.00, 0.00
23/11/2024, 23:59:01, 22.20, 47.00, 0, 19.63, 0.00, 0.00
23/11/2024, 23:59:08, 22.20, 47.00, 0, 19.67, 0.00, 0.00
23/11/2024, 23:59:15, 22.20, 47.00, 0, 19.61, 0.00, 0.00
23/11/2024, 23:59:22, 22.20, 47.00, 0, 19.61, 0.00, 0.00
23/11/2024, 23:59:30, 22.20, 47.00, 0, 19.67, 0.00, 0.00
23/11/2024, 23:59:37, 22.20, 47.00, 0, 19.71, 0.00, 0.00
23/11/2024, 23:59:44, 22.20, 47.00, 0, 19.63, 0.00, 0.00
23/11/2024, 23:59:52, 22.20, 47.00, 0, 19.67, 0.00, 0.00
23/11/2024, 23:59:59, 22.20, 47.00, 0, 19.67, 0.00, 0.00
24/11/2024, 00:00:06, 22.20, 47.00, 0, 19.63, 0.00, 0.00
24/11/2024, 00:00:13, 22.20, 47.00, 0, 19.67, 0.00, 0.00
24/11/2024, 00:00:21, 22.20, 47.00, 0, 19.61, 0.00, 0.00
24/11/2024, 00:00:28, 22.20, 47.00, 0, 19.61, 0.00, 0.00
24/11/2024, 00:00:35, 22.20, 47.00, 0, 19.67, 0.00, 0.00
24/11/2024, 00:00:42, 22.20, 47.00, 0, 19.67, 0.00, 0.00
24/11/2024, 00:00:50, 22.20, 47.00, 0, 19.63, 0.00, 0.00
24/11/2024, 00:00:57, 22.20, 47.00, 0, 19.63, 0.00, 0.00
24/11/2024, 00:01:04, 22.20, 47.00, 0, 19.63, 0.00, 0.00
24/11/2024, 00:01:11, 22.20, 47.00, 0, 19.61, 0.00, 0.00
24/11/2024, 00:01:19, 22.20, 47.00, 0, 19.67, 0.00, 0.00
24/11/2024, 00:01:26, 22.20, 47.00, 0, 19.63, 0.00, 0.00
24/11/2024, 00:01:33, 22.20, 47.00, 0, 19.61, 0.00, 0.00
24/11/2024, 00:01:41, 22.20, 47.00, 0, 19.57, 0.00, 0.00
24/11/2024, 00:01:48, 22.20, 47.00, 0, 19.67, 0.00, 0.00
24/11/2024, 00:01:55, 22.20, 47.00, 0, 19.67, 0.00, 0.00
24/11/2024, 00:02:02, 22.20, 47.00, 0, 19.61, 0.00, 0.00
24/11/2024, 00:02:10, 22.20, 47.00, 0, 19.61, 0.00, 0.00
24/11/2024, 00:02:17, 22.20, 47.00, 0, 19.63, 0.00, 0.00
24/11/2024, 00:02:24, 22.20, 47.00, 0, 19.61, 0.00, 0.00
24/11/2024, 00:02:31, 22.20, 48.00, 0, 19.63, 0.00, 0.00
24/11/2024, 00:02:39, 22.20, 48.00, 0, 19.63, 0.00, 0.00
24/11/2024, 00:02:46, 22.20, 48.00, 0, 19.71, 0.00, 0.00
24/11/2024, 00:02:53, 22.20, 48.00, 0, 19.67, 0.00, 0.00
24/11/2024, 00:03:00, 22.20, 47.00, 0, 19.63, 0.00, 0.00
24/11/2024, 00:03:08, 22.20, 48.00, 0, 19.67, 0.00, 0.00
24/11/2024, 00:03:15, 22.20, 47.00, 0, 19.57, 0.00, 0.00
24/11/2024, 00:03:22, 22.20, 47.00, 0, 19.61, 0.00, 0.00
24/11/2024, 00:03:30, 22.20, 47.00, 0, 19.71, 0.00, 0.00
24/11/2024, 00:03:37, 22.20, 47.00, 0, 19.63, 0.00, 0.00
24/11/2024, 00:03:44, 22.20, 47.00, 0, 19.63, 0.00, 0.00
24/11/2024, 00:03:51, 22.20, 47.00, 0, 19.63, 0.00, 0.00
24/11/2024, 00:03:59, 22.20, 47.00, 0, 19.67, 0.00, 0.00
24/11/2024, 00:04:06, 22.20, 47.00, 0, 19.63, 0.00, 0.00
24/11/2024, 00:04:13, 22.20, 47.00, 0, 19.63, 0.00, 0.00
24/11/2024, 00:04:20, 22.20, 47.00, 0, 19.71, 0.00, 0.00
24/11/2024, 00:04:28, 22.20, 48.00, 0, 19.71, 0.00, 0.00
24/11/2024, 00:04:35, 22.20, 48.00, 0, 19.71, 0.00, 0.00
24/11/2024, 00:04:42, 22.20, 48.00, 0, 19.63, 0.00, 0.00
24/11/2024, 00:04:49, 22.20, 48.00, 0, 19.67, 0.00, 0.00
24/11/2024, 00:04:57, 22.20, 48.00, 0, 19.61, 0.00, 0.00
24/11/2024, 00:05:04, 22.20, 48.00, 0, 19.63, 0.00, 0.00
24/11/2024, 00:05:11, 22.20, 48.00, 0, 19.63, 0.00, 0.00
24/11/2024, 00:05:19, 22.20, 48.00, 0, 19.63, 0.00, 0.00
24/11/2024, 00:05:26, 22.20, 48.00, 0, 19.63, 0.00, 0.00
24/11/2024, 00:05:33, 22.20, 48.00, 0, 19.67, 0.00, 0.00
24/11/2024, 00:05:40, 22.20, 48.00, 0, 19.63, 0.00, 0.00
24/11/2024, 00:05:48, 22.20, 48.00, 0, 19.67, 0.00, 0.00
24/11/2024, 00:05:55, 22.20, 48.00, 0, 19.67, 0.00, 0.00
24/11/2024, 00:06:02, 22.20, 47.00, 0, 19.63, 0.00, 0.00
24/11/2024, 00:06:09, 22.20, 47.00, 0, 19.61, 0.00, 0.00
24/11/2024, 00:06:17, 22.20, 47.00, 0, 19.63, 0.00, 0.00
24/11/2024, 00:06:24, 22.20, 48.00, 0, 19.67, 0.00, 0.00
24/11/2024, 00:06:31, 22.20, 48.00, 0, 19.67, 0.00, 0.00
24/11/2024, 00:06:38, 22.20, 48.00, 0, 19.67, 0.00, 0.00
24/11/2024, 00:06:46, 22.20, 48.00, 0, 19.67, 0.00, 0.00
24/11/2024, 00:06:53, 22.20, 48.00, 0, 19.61, 0.00, 0.00
24/11/2024, 00:07:00, 22.20, 48.00, 0, 19.71, 0.00, 0.00
24/11/2024, 00:07:08, 22.20, 48.00, 0, 19.67, 0.00, 0.00
24/11/2024, 00:07:15, 22.20, 48.00, 0, 19.61, 0.00, 0.00
24/11/2024, 00:07:22, 22.20, 48.00, 0, 19.67, 0.00, 0.00
24/11/2024, 00:07:29, 22.20, 48.00, 0, 19.71, 0.00, 0.00
24/11/2024, 00:07:37, 22.20, 48.00, 0, 19.61, 0.00, 0.00
24/11/2024, 00:07:44, 22.20, 48.00, 0, 19.67, 0.00, 0.00
24/11/2024, 00:07:51, 22.20, 48.00, 0, 19.63, 0.00, 0.00
24/11/2024, 00:07:58, 22.20, 48.00, 0, 19.67, 0.00, 0.00
24/11/2024, 00:08:06, 22.20, 48.00, 0, 19.63, 0.00, 0.00
24/11/2024, 00:08:13, 22.20, 48.00, 0, 19.63, 0.00, 0.00
24/11/2024, 00:08:20, 22.20, 48.00, 0, 19.67, 0.00, 0.00
24/11/2024, 00:08:27, 22.20, 48.00, 0, 19.67, 0.00, 0.00
24/11/2024, 00:08:35, 22.20, 48.00, 0, 19.63, 0.00, 0.00
24/11/2024, 00:08:42, 22.20, 48.00, 0, 19.63, 0.00, 0.00
24/11/2024, 00:08:49, 22.20, 48.00, 0, 19.63, 0.00, 0.00
24/11/2024, 00:08:57, 22.20, 48.00, 0, 19.63, 0.00, 0.00
24/11/2024, 00:09:04, 22.20, 48.00, 0, 19.67, 0.00, 0.00
24/11/2024, 00:09:11, 22.20, 48.00, 0, 19.63, 0.00, 0.00
24/11/2024, 00:09:18, 22.20, 48.00, 0, 19.63, 0.00, 0.00
24/11/2024, 00:09:26, 22.20, 48.00, 0, 19.63, 0.00, 0.00
24/11/2024, 00:09:33, 22.20, 48.00, 0, 19.67, 0.00, 0.00
24/11/2024, 00:09:40, 22.20, 48.00, 0, 19.67, 0.00, 0.00
24/11/2024, 00:09:47, 22.20, 48.00, 0, 19.63, 0.00, 0.00
24/11/2024, 00:09:55, 22.20, 48.00, 0, 19.67, 0.00, 0.00
24/11/2024, 00:10:02, 22.20, 48.00, 0, 19.57, 0.00, 0.00
24/11/2024, 00:10:09, 22.20, 48.00, 0, 19.55, 0.00, 0.00
24/11/2024, 00:10:16, 22.20, 48.00, 0, 19.61, 0.00, 0.00
24/11/2024, 00:10:24, 22.20, 48.00, 0, 19.67, 0.00, 0.00
24/11/2024, 00:10:31, 22.20, 48.00, 0, 19.67, 0.00, 0.00
24/11/2024, 00:10:38, 22.20, 48.00, 0, 19.63, 0.00, 0.00
24/11/2024, 00:10:46, 22.20, 48.00, 0, 19.63, 0.00, 0.00
24/11/2024, 00:10:53, 22.20, 48.00, 0, 19.63, 0.00, 0.00
24/11/2024, 00:11:00, 22.20, 48.00, 0, 19.67, 0.00, 0.00
24/11/2024, 00:11:07, 22.20, 48.00, 0, 19.67, 0.00, 0.00
24/11/2024, 00:11:15, 22.20, 48.00, 0, 19.67, 0.00, 0.00
24/11/2024, 00:11:22, 22.20, 48.00, 0, 19.63, 0.00, 0.00
24/11/2024, 00:11:29, 22.20, 48.00, 0, 19.67, 0.00, 0.00
24/11/2024, 00:11:36, 22.20, 48.00, 0, 19.61, 0.00, 0.00
24/11/2024, 00:11:44, 22.20, 48.00, 0, 19.67, 0.00, 0.00
24/11/2024, 00:11:51, 22.20, 48.00, 0, 19.63, 0.00, 0.00
24/11/2024, 00:11:58, 22.20, 48.00, 0, 19.63, 0.00, 0.00
24/11/2024, 00:12:05, 22.20, 48.00, 0, 19.63, 0.00, 0.00
24/11/2024, 00:12:13, 22.20, 48.00, 0, 19.63, 0.00, 0.00
24/11/2024, 00:12:20, 22.20, 48.00, 0, 19.63, 0.00, 0.00
24/11/2024, 00:12:27, 22.20, 48.00, 0, 19.63, 0.00, 0.00
24/11/2024, 00:12:35, 22.20, 48.00, 0, 19.63, 0.00, 0.00
24/11/2024, 00:12:42, 22.20, 48.00, 0, 19.63, 0.00, 0.00
24/11/2024, 00:12:49, 22.20, 48.00, 0, 19.67, 0.00, 0.00
24/11/2024, 00:12:56, 22.20, 48.00, 0, 19.67, 0.00, 0.00
24/11/2024, 00:13:04, 22.20, 48.00, 0, 19.67, 0.00, 0.00
24/11/2024, 00:13:11, 22.20, 48.00, 0, 19.67, 0.00, 0.00
24/11/2024, 00:13:18, 22.20, 48.00, 0, 19.61, 0.00, 0.00
24/11/2024, 00:13:25, 22.20, 48.00, 0, 19.63, 0.00, 0.00
24/11/2024, 00:13:33, 22.20, 48.00, 0, 19.63, 0.00, 0.00
24/11/2024, 00:13:40, 22.20, 48.00, 0, 19.63, 0.00, 0.00
24/11/2024, 00:13:47, 22.20, 48.00, 0, 19.63, 0.00, 0.00
24/11/2024, 00:13:54, 22.20, 48.00, 0, 19.71, 0.00, 0.00
24/11/2024, 00:14:02, 22.20, 48.00, 0, 19.67, 0.00, 0.00
24/11/2024, 00:14:09, 22.20, 48.00, 0, 19.71, 0.00, 0.00
24/11/2024, 00:14:16, 22.20, 48.00, 0, 19.63, 0.00, 0.00
24/11/2024, 00:14:24, 22.20, 48.00, 0, 19.67, 0.00, 0.00
24/11/2024, 00:14:31, 22.20, 48.00, 0, 19.63, 0.00, 0.00
24/11/2024, 00:14:38, 22.20, 48.00, 0, 19.63, 0.00, 0.00
24/11/2024, 00:14:45, 22.20, 48.00, 0, 19.63, 0.00, 0.00
24/11/2024, 00:14:53, 22.20, 48.00, 0, 19.67, 0.00, 0.00
24/11/2024, 00:15:00, 22.20, 48.00, 0, 19.71, 0.00, 0.00
24/11/2024, 00:15:07, 22.20, 48.00, 0, 19.61, 0.00, 0.00
24/11/2024, 00:15:14, 22.20, 48.00, 0, 19.63, 0.00, 0.00
24/11/2024, 00:15:22, 22.20, 48.00, 0, 19.67, 0.00, 0.00
24/11/2024, 00:15:29, 22.20, 48.00, 0, 19.67, 0.00, 0.00
24/11/2024, 00:15:36, 22.20, 48.00, 0, 19.67, 0.00, 0.00
24/11/2024, 00:15:43, 22.20, 48.00, 0, 19.63, 0.00, 0.00
24/11/2024, 00:15:51, 22.20, 48.00, 0, 19.63, 0.00, 0.00
24/11/2024, 00:15:58, 22.20, 48.00, 0, 19.71, 0.00, 0.00
24/11/2024, 00:16:05, 22.20, 48.00, 0, 19.67, 0.00, 0.00
24/11/2024, 00:16:13, 22.20, 48.00, 0, 19.61, 0.00, 0.00
24/11/2024, 00:16:20, 22.20, 48.00, 0, 19.63, 0.00, 0.00
24/11/2024, 00:16:27, 22.20, 48.00, 0, 19.71, 0.00, 0.00
24/11/2024, 00:16:34, 22.20, 48.00, 0, 19.63, 0.00, 0.00
24/11/2024, 00:16:42, 22.20, 48.00, 0, 19.61, 0.00, 0.00
24/11/2024, 00:16:49, 22.20, 48.00, 0, 19.63, 0.00, 0.00
24/11/2024, 00:16:56, 22.20, 48.00, 0, 19.63, 0.00, 0.00
24/11/2024, 00:17:03, 22.20, 48.00, 0, 19.67, 0.00, 0.00
24/11/2024, 00:17:11, 22.20, 48.00, 0, 19.63, 0.00, 0.00
24/11/2024, 00:17:18, 22.20, 48.00, 0, 19.67, 0.00, 0.00
24/11/2024, 00:17:25, 22.20, 48.00, 0, 19.67, 0.00, 0.00
24/11/2024, 00:17:33, 22.20, 48.00, 0, 19.67, 0.00, 0.00
24/11/2024, 00:17:40, 22.20, 48.00, 0, 19.63, 0.00, 0.00
24/11/2024, 00:17:47, 22.20, 48.00, 0, 19.63, 0.00, 0.00
24/11/2024, 00:17:54, 22.20, 48.00, 0, 19.71, 0.00, 0.00
24/11/2024, 00:18:02, 22.20, 48.00, 0, 19.67, 0.00, 0.00
24/11/2024, 00:18:09, 22.20, 48.00, 0, 19.67, 0.00, 0.00
24/11/2024, 00:18:16, 22.20, 48.00, 0, 19.67, 0.00, 0.00
24/11/2024, 00:18:23, 22.20, 48.00, 0, 19.63, 0.00, 0.00
24/11/2024, 00:18:31, 22.20, 48.00, 0, 19.63, 0.00, 0.00
24/11/2024, 00:18:38, 22.20, 48.00, 0, 19.63, 0.00, 0.00
24/11/2024, 00:18:45, 22.20, 48.00, 0, 19.63, 0.00, 0.00
24/11/2024, 00:18:52, 22.20, 48.00, 0, 19.63, 0.00, 0.00
24/11/2024, 00:19:00, 22.20, 48.00, 0, 19.67, 0.00, 0.00
24/11/2024, 00:19:07, 22.20, 48.00, 0, 19.67, 0.00, 0.00
24/11/2024, 00:19:14, 22.20, 48.00, 0, 19.67, 0.00, 0.00
24/11/2024, 00:19:22, 22.20, 48.00, 0, 19.67, 0.00, 0.00
24/11/2024, 00:19:29, 22.20, 48.00, 0, 19.67, 0.00, 0.00
24/11/2024, 00:19:36, 22.20, 48.00, 0, 19.63, 0.00, 0.00
24/11/2024, 00:19:43, 22.20, 48.00, 0, 19.67, 0.00, 0.00
24/11/2024, 00:19:51, 22.20, 48.00, 0, 19.67, 0.00, 0.00
24/11/2024, 00:19:58, 22.20, 48.00, 0, 19.63, 0.00, 0.00
24/11/2024, 00:20:05, 22.20, 48.00, 0, 19.67, 0.00, 0.00
24/11/2024, 00:20:12, 22.20, 48.00, 0, 19.73, 0.00, 0.00
24/11/2024, 00:20:20, 22.20, 48.00, 0, 19.63, 0.00, 0.00
24/11/2024, 00:20:27, 22.20, 48.00, 0, 19.63, 0.00, 0.00
24/11/2024, 00:20:34, 22.20, 48.00, 0, 19.63, 0.00, 0.00
24/11/2024, 00:20:41, 22.20, 48.00, 0, 19.67, 0.00, 0.00
24/11/2024, 00:20:49, 22.20, 48.00, 0, 19.63, 0.00, 0.00
24/11/2024, 00:20:56, 22.20, 48.00, 0, 19.67, 0.00, 0.00
24/11/2024, 00:21:03, 22.20, 48.00, 0, 19.63, 0.00, 0.00
24/11/2024, 00:21:11, 22.20, 48.00, 0, 19.71, 0.00, 0.00
24/11/2024, 00:21:18, 22.20, 48.00, 0, 19.67, 0.00, 0.00
24/11/2024, 00:21:25, 22.20, 48.00, 0, 19.63, 0.00, 0.00
24/11/2024, 00:21:32, 22.20, 48.00, 0, 19.63, 0.00, 0.00
24/11/2024, 00:21:40, 22.20, 48.00, 0, 19.71, 0.00, 0.00
24/11/2024, 00:21:47, 22.20, 48.00, 0, 19.71, 0.00, 0.00
24/11/2024, 00:21:54, 22.20, 48.00, 0, 19.63, 0.00, 0.00
24/11/2024, 00:22:01, 22.20, 48.00, 0, 19.63, 0.00, 0.00
24/11/2024, 00:22:09, 22.20, 48.00, 0, 19.67, 0.00, 0.00
24/11/2024, 00:22:16, 22.20, 48.00, 0, 19.63, 0.00, 0.00
24/11/2024, 00:22:23, 22.20, 48.00, 0, 19.67, 0.00, 0.00
24/11/2024, 00:22:30, 22.20, 48.00, 0, 19.63, 0.00, 0.00
24/11/2024, 00:22:38, 22.20, 48.00, 0, 19.67, 0.00, 0.00
24/11/2024, 00:22:45, 22.20, 48.00, 0, 19.63, 0.00, 0.00
24/11/2024, 00:22:52, 22.20, 48.00, 0, 19.63, 0.00, 0.00
24/11/2024, 00:23:00, 22.20, 48.00, 0, 19.63, 0.00, 0.00
24/11/2024, 00:23:07, 22.20, 48.00, 0, 19.63, 0.00, 0.00
24/11/2024, 00:23:14, 22.20, 48.00, 0, 19.67, 0.00, 0.00
24/11/2024, 00:23:21, 22.20, 48.00, 0, 19.63, 0.00, 0.00
24/11/2024, 00:23:29, 22.20, 48.00, 0, 19.63, 0.00, 0.00
24/11/2024, 00:23:36, 22.20, 48.00, 0, 19.71, 0.00, 0.00
24/11/2024, 00:23:43, 22.20, 48.00, 0, 19.67, 0.00, 0.00
24/11/2024, 00:23:50, 22.20, 48.00, 0, 19.63, 0.00, 0.00
24/11/2024, 00:23:58, 22.20, 48.00, 0, 19.63, 0.00, 0.00
24/11/2024, 00:24:05, 22.20, 48.00, 0, 19.63, 0.00, 0.00
24/11/2024, 00:24:12, 22.20, 48.00, 0, 19.63, 0.00, 0.00
24/11/2024, 00:24:19, 22.20, 48.00, 0, 19.67, 0.00, 0.00
24/11/2024, 00:24:27, 22.20, 48.00, 0, 19.71, 0.00, 0.00
24/11/2024, 00:24:34, 22.20, 48.00, 0, 19.67, 0.00, 0.00
24/11/2024, 00:24:41, 22.20, 48.00, 0, 19.63, 0.00, 0.00
24/11/2024, 00:24:49, 22.20, 48.00, 0, 19.61, 0.00, 0.00
24/11/2024, 00:24:56, 22.20, 48.00, 0, 19.67, 0.00, 0.00
24/11/2024, 00:25:03, 22.20, 48.00, 0, 19.67, 0.00, 0.00
24/11/2024, 00:25:10, 22.20, 48.00, 0, 19.67, 0.00, 0.00
24/11/2024, 00:25:18, 22.20, 48.00, 0, 19.63, 0.00, 0.00
24/11/2024, 00:25:25, 22.20, 48.00, 0, 19.63, 0.00, 0.00
24/11/2024, 00:25:32, 22.20, 48.00, 0, 19.63, 0.00, 0.00
24/11/2024, 00:25:39, 22.20, 48.00, 0, 19.67, 0.00, 0.00
24/11/2024, 00:25:47, 22.20, 48.00, 0, 19.63, 0.00, 0.00
24/11/2024, 00:25:54, 22.20, 48.00, 0, 19.67, 0.00, 0.00
24/11/2024, 00:26:01, 22.20, 48.00, 0, 19.71, 0.00, 0.00
24/11/2024, 00:26:09, 22.20, 48.00, 0, 19.67, 0.00, 0.00
24/11/2024, 00:26:16, 22.20, 48.00, 0, 19.63, 0.00, 0.00
24/11/2024, 00:26:23, 22.20, 48.00, 0, 19.63, 0.00, 0.00
24/11/2024, 00:26:30, 22.20, 48.00, 0, 19.63, 0.00, 0.00
24/11/2024, 00:26:38, 22.20, 48.00, 0, 19.67, 0.00, 0.00
24/11/2024, 00:26:45, 22.20, 48.00, 0, 19.67, 0.00, 0.00
24/11/2024, 00:26:52, 22.20, 48.00, 0, 19.67, 0.00, 0.00
24/11/2024, 00:26:59, 22.20, 48.00, 0, 19.63, 0.00, 0.00
24/11/2024, 00:27:07, 22.20, 48.00, 0, 19.63, 0.00, 0.00
24/11/2024, 00:27:14, 22.20, 48.00, 0, 19.63, 0.00, 0.00
24/11/2024, 00:27:21, 22.20, 48.00, 0, 19.63, 0.00, 0.00
24/11/2024, 00:27:28, 22.20, 48.00, 0, 19.67, 0.00, 0.00
24/11/2024, 00:27:36, 22.20, 48.00, 0, 19.67, 0.00, 0.00
24/11/2024, 00:27:43, 22.20, 48.00, 0, 19.71, 0.00, 0.00
24/11/2024, 00:27:50, 22.20, 48.00, 0, 19.63, 0.00, 0.00
24/11/2024, 00:27:58, 22.20, 48.00, 0, 19.67, 0.00, 0.00
24/11/2024, 00:28:05, 22.20, 48.00, 0, 19.67, 0.00, 0.00
24/11/2024, 00:28:12, 22.20, 48.00, 0, 19.63, 0.00, 0.00
24/11/2024, 00:28:19, 22.20, 48.00, 0, 19.63, 0.00, 0.00
24/11/2024, 00:28:27, 22.20, 48.00, 0, 19.67, 0.00, 0.00
24/11/2024, 00:28:34, 22.20, 48.00, 0, 19.63, 0.00, 0.00
24/11/2024, 00:28:41, 22.20, 48.00, 0, 19.67, 0.00, 0.00
24/11/2024, 00:28:48, 22.20, 48.00, 0, 19.63, 0.00, 0.00
24/11/2024, 00:28:56, 22.20, 48.00, 0, 19.67, 0.00, 0.00
24/11/2024, 00:29:03, 22.20, 48.00, 0, 19.67, 0.00, 0.00
24/11/2024, 00:29:10, 22.20, 48.00, 0, 19.63, 0.00, 0.00
24/11/2024, 00:29:17, 22.20, 48.00, 0, 19.63, 0.00, 0.00
24/11/2024, 00:29:25, 22.20, 48.00, 0, 19.67, 0.00, 0.00
24/11/2024, 00:29:32, 22.20, 48.00, 0, 19.67, 0.00, 0.00
24/11/2024, 00:29:39, 22.20, 48.00, 0, 19.63, 0.00, 0.00
24/11/2024, 00:29:47, 22.20, 48.00, 0, 19.61, 0.00, 0.00
24/11/2024, 00:29:54, 22.20, 48.00, 0, 19.71, 0.00, 0.00
24/11/2024, 00:30:01, 22.20, 48.00, 0, 19.67, 0.00, 0.00
24/11/2024, 00:30:08, 22.20, 48.00, 0, 19.63, 0.00, 0.00
24/11/2024, 00:30:16, 22.20, 48.00, 0, 19.63, 0.00, 0.00
24/11/2024, 00:30:23, 22.20, 48.00, 0, 19.63, 0.00, 0.00
24/11/2024, 00:30:30, 22.20, 48.00, 0, 19.71, 0.00, 0.00
24/11/2024, 00:30:37, 22.20, 48.00, 0, 19.71, 0.00, 0.00
24/11/2024, 00:30:45, 22.20, 48.00, 0, 19.73, 0.00, 0.00
24/11/2024, 00:30:52, 22.20, 48.00, 0, 19.61, 0.00, 0.00
24/11/2024, 00:30:59, 22.20, 48.00, 0, 19.67, 0.00, 0.00
24/11/2024, 00:31:06, 22.20, 48.00, 0, 19.71, 0.00, 0.00
24/11/2024, 00:31:14, 22.20, 48.00, 0, 19.67, 0.00, 0.00
24/11/2024, 00:31:21, 22.20, 48.00, 0, 19.63, 0.00, 0.00
24/11/2024, 00:31:28, 22.20, 48.00, 0, 19.63, 0.00, 0.00
24/11/2024, 00:31:36, 22.20, 48.00, 0, 19.67, 0.00, 0.00
24/11/2024, 00:31:43, 22.20, 48.00, 0, 19.67, 0.00, 0.00
24/11/2024, 00:31:50, 22.20, 48.00, 0, 19.71, 0.00, 0.00
24/11/2024, 00:31:57, 22.20, 48.00, 0, 19.71, 0.00, 0.00
24/11/2024, 00:32:05, 22.20, 48.00, 0, 19.61, 0.00, 0.00
24/11/2024, 00:32:12, 22.20, 48.00, 0, 19.67, 0.00, 0.00
24/11/2024, 00:32:19, 22.20, 48.00, 0, 19.71, 0.00, 0.00
24/11/2024, 00:32:26, 22.20, 48.00, 0, 19.67, 0.00, 0.00
24/11/2024, 00:32:34, 22.20, 48.00, 0, 19.63, 0.00, 0.00
24/11/2024, 00:32:41, 22.20, 48.00, 0, 19.63, 0.00, 0.00
24/11/2024, 00:32:48, 22.20, 48.00, 0, 19.71, 0.00, 0.00
24/11/2024, 00:32:56, 22.20, 48.00, 0, 19.61, 0.00, 0.00
24/11/2024, 00:33:03, 22.20, 48.00, 0, 19.67, 0.00, 0.00
24/11/2024, 00:33:10, 22.20, 48.00, 0, 19.67, 0.00, 0.00
24/11/2024, 00:33:17, 22.20, 48.00, 0, 19.57, 0.00, 0.00
24/11/2024, 00:33:25, 22.20, 48.00, 0, 19.67, 0.00, 0.00
24/11/2024, 00:33:32, 22.20, 48.00, 0, 19.67, 0.00, 0.00
24/11/2024, 00:33:39, 22.20, 48.00, 0, 19.71, 0.00, 0.00
24/11/2024, 00:33:46, 22.20, 48.00, 0, 19.67, 0.00, 0.00
24/11/2024, 00:33:54, 22.20, 48.00, 0, 19.63, 0.00, 0.00
24/11/2024, 00:34:01, 22.20, 48.00, 0, 19.63, 0.00, 0.00
24/11/2024, 00:34:08, 22.20, 48.00, 0, 19.67, 0.00, 0.00
24/11/2024, 00:34:15, 22.20, 48.00, 0, 19.71, 0.00, 0.00
24/11/2024, 00:34:23, 22.20, 48.00, 0, 19.71, 0.00, 0.00
24/11/2024, 00:34:30, 22.20, 48.00, 0, 19.71, 0.00, 0.00
24/11/2024, 00:34:37, 22.20, 48.00, 0, 19.61, 0.00, 0.00
24/11/2024, 00:34:45, 22.20, 48.00, 0, 19.63, 0.00, 0.00
24/11/2024, 00:34:52, 22.20, 48.00, 0, 19.63, 0.00, 0.00
24/11/2024, 00:34:59, 22.20, 48.00, 0, 19.61, 0.00, 0.00
24/11/2024, 00:35:06, 22.20, 48.00, 0, 19.63, 0.00, 0.00
24/11/2024, 00:35:14, 22.20, 48.00, 0, 19.67, 0.00, 0.00
24/11/2024, 00:35:21, 22.20, 48.00, 0, 19.71, 0.00, 0.00
24/11/2024, 00:35:28, 22.20, 48.00, 0, 19.67, 0.00, 0.00
24/11/2024, 00:35:35, 22.20, 48.00, 0, 19.63, 0.00, 0.00
24/11/2024, 00:35:43, 22.20, 48.00, 0, 19.61, 0.00, 0.00
24/11/2024, 00:35:50, 22.20, 48.00, 0, 19.67, 0.00, 0.00
24/11/2024, 00:35:57, 22.20, 48.00, 0, 19.63, 0.00, 0.00
24/11/2024, 00:36:04, 22.20, 48.00, 0, 19.63, 0.00, 0.00
24/11/2024, 00:36:12, 22.20, 48.00, 0, 19.61, 0.00, 0.00
24/11/2024, 00:36:19, 22.20, 48.00, 0, 19.63, 0.00, 0.00
24/11/2024, 00:36:26, 22.20, 48.00, 0, 19.67, 0.00, 0.00
24/11/2024, 00:36:34, 22.20, 48.00, 0, 19.71, 0.00, 0.00
24/11/2024, 00:36:41, 22.20, 48.00, 0, 19.67, 0.00, 0.00
24/11/2024, 00:36:48, 22.20, 48.00, 0, 19.61, 0.00, 0.00
24/11/2024, 00:36:55, 22.20, 48.00, 0, 19.67, 0.00, 0.00
24/11/2024, 00:37:03, 22.20, 48.00, 0, 19.67, 0.00, 0.00
24/11/2024, 00:37:10, 22.20, 48.00, 0, 19.67, 0.00, 0.00
24/11/2024, 00:37:17, 22.20, 48.00, 0, 19.61, 0.00, 0.00
24/11/2024, 00:37:24, 22.20, 48.00, 0, 19.63, 0.00, 0.00
24/11/2024, 00:37:32, 22.20, 48.00, 0, 19.67, 0.00, 0.00
24/11/2024, 00:37:39, 22.20, 48.00, 0, 19.71, 0.00, 0.00
24/11/2024, 00:37:46, 22.20, 48.00, 0, 19.67, 0.00, 0.00
24/11/2024, 00:37:53, 22.20, 48.00, 0, 19.63, 0.00, 0.00
24/11/2024, 00:38:01, 22.20, 48.00, 0, 19.61, 0.00, 0.00
24/11/2024, 00:38:08, 22.20, 48.00, 0, 19.63, 0.00, 0.00
24/11/2024, 00:38:15, 22.20, 48.00, 0, 19.71, 0.00, 0.00
24/11/2024, 00:38:23, 22.20, 48.00, 0, 19.63, 0.00, 0.00
24/11/2024, 00:38:30, 22.20, 48.00, 0, 19.63, 0.00, 0.00
24/11/2024, 00:38:37, 22.20, 48.00, 0, 19.67, 0.00, 0.00
24/11/2024, 00:38:44, 22.20, 48.00, 0, 19.63, 0.00, 0.00
24/11/2024, 00:38:52, 22.20, 48.00, 0, 19.63, 0.00, 0.00
24/11/2024, 00:38:59, 22.20, 48.00, 0, 19.63, 0.00, 0.00
24/11/2024, 00:39:06, 22.20, 48.00, 0, 19.63, 0.00, 0.00
24/11/2024, 00:39:13, 22.20, 48.00, 0, 19.67, 0.00, 0.00
24/11/2024, 00:39:21, 22.20, 48.00, 0, 19.63, 0.00, 0.00
24/11/2024, 00:39:28, 22.20, 48.00, 0, 19.61, 0.00, 0.00
24/11/2024, 00:39:35, 22.20, 48.00, 0, 19.71, 0.00, 0.00
24/11/2024, 00:39:43, 22.20, 48.00, 0, 19.61, 0.00, 0.00
24/11/2024, 00:39:50, 22.20, 48.00, 0, 19.67, 0.00, 0.00
24/11/2024, 00:39:57, 22.20, 48.00, 0, 19.63, 0.00, 0.00
24/11/2024, 00:40:04, 22.20, 48.00, 0, 19.61, 0.00, 0.00
24/11/2024, 00:40:12, 22.20, 48.00, 0, 19.67, 0.00, 0.00
24/11/2024, 00:40:19, 22.20, 48.00, 0, 19.63, 0.00, 0.00
24/11/2024, 00:40:26, 22.20, 48.00, 0, 19.63, 0.00, 0.00
24/11/2024, 00:40:33, 22.20, 48.00, 0, 19.63, 0.00, 0.00
24/11/2024, 00:40:41, 22.20, 48.00, 0, 19.71, 0.00, 0.00
24/11/2024, 00:40:48, 22.20, 48.00, 0, 19.67, 0.00, 0.00
24/11/2024, 00:40:55, 22.20, 48.00, 0, 19.57, 0.00, 0.00
24/11/2024, 00:41:02, 22.20, 48.00, 0, 19.67, 0.00, 0.00
24/11/2024, 00:41:10, 22.20, 48.00, 0, 19.63, 0.00, 0.00
24/11/2024, 00:41:17, 22.20, 48.00, 0, 19.61, 0.00, 0.00
24/11/2024, 00:41:24, 22.20, 48.00, 0, 19.67, 0.00, 0.00
24/11/2024, 00:41:32, 22.20, 48.00, 0, 19.63, 0.00, 0.00
24/11/2024, 00:41:39, 22.20, 48.00, 0, 19.67, 0.00, 0.00
24/11/2024, 00:41:46, 22.20, 48.00, 0, 19.67, 0.00, 0.00
24/11/2024, 00:41:53, 22.20, 48.00, 0, 19.63, 0.00, 0.00
24/11/2024, 00:42:01, 22.20, 48.00, 0, 19.63, 0.00, 0.00
24/11/2024, 00:42:08, 22.20, 48.00, 0, 19.67, 0.00, 0.00
24/11/2024, 00:42:15, 22.20, 48.00, 0, 19.57, 0.00, 0.00
24/11/2024, 00:42:22, 22.20, 48.00, 0, 19.63, 0.00, 0.00
24/11/2024, 00:42:30, 22.20, 48.00, 0, 19.71, 0.00, 0.00
24/11/2024, 00:42:37, 22.20, 48.00, 0, 19.63, 0.00, 0.00
24/11/2024, 00:42:44, 22.20, 48.00, 0, 19.61, 0.00, 0.00
24/11/2024, 00:42:51, 22.20, 48.00, 0, 19.67, 0.00, 0.00
24/11/2024, 00:42:59, 22.20, 48.00, 0, 19.71, 0.00, 0.00
24/11/2024, 00:43:06, 22.20, 48.00, 0, 19.67, 0.00, 0.00
24/11/2024, 00:43:13, 22.20, 48.00, 0, 19.63, 0.00, 0.00
24/11/2024, 00:43:21, 22.20, 48.00, 0, 19.61, 0.00, 0.00
24/11/2024, 00:43:28, 22.20, 48.00, 0, 19.67, 0.00, 0.00
24/11/2024, 00:43:35, 22.20, 48.00, 0, 19.77, 0.00, 0.00
24/11/2024, 00:43:42, 22.20, 48.00, 0, 19.63, 0.00, 0.00
24/11/2024, 00:43:50, 22.20, 48.00, 0, 19.63, 0.00, 0.00
24/11/2024, 00:43:57, 22.20, 48.00, 0, 19.67, 0.00, 0.00
24/11/2024, 00:44:04, 22.20, 48.00, 0, 19.67, 0.00, 0.00
24/11/2024, 00:44:11, 22.20, 48.00, 0, 19.61, 0.00, 0.00
24/11/2024, 00:44:19, 22.20, 48.00, 0, 19.67, 0.00, 0.00
24/11/2024, 00:44:26, 22.20, 48.00, 0, 19.63, 0.00, 0.00
24/11/2024, 00:44:33, 22.20, 48.00, 0, 19.63, 0.00, 0.00
24/11/2024, 00:44:41, 22.20, 48.00, 0, 19.57, 0.00, 0.00
24/11/2024, 00:44:48, 22.20, 48.00, 0, 19.61, 0.00, 0.00
24/11/2024, 00:44:55, 22.20, 48.00, 0, 19.63, 0.00, 0.00
24/11/2024, 00:45:02, 22.20, 48.00, 0, 19.57, 0.00, 0.00
24/11/2024, 00:45:10, 22.20, 48.00, 0, 19.61, 0.00, 0.00
24/11/2024, 00:45:17, 22.20, 48.00, 0, 19.63, 0.00, 0.00
24/11/2024, 00:45:24, 22.20, 48.00, 0, 19.63, 0.00, 0.00
24/11/2024, 00:45:31, 22.20, 48.00, 0, 19.61, 0.00, 0.00
24/11/2024, 00:45:39, 22.20, 48.00, 0, 19.67, 0.00, 0.00
24/11/2024, 00:45:46, 22.20, 48.00, 0, 19.57, 0.00, 0.00
24/11/2024, 00:45:53, 22.20, 48.00, 0, 19.63, 0.00, 0.00
24/11/2024, 00:46:00, 22.20, 48.00, 0, 19.67, 0.00, 0.00
24/11/2024, 00:46:08, 22.20, 48.00, 0, 19.57, 0.00, 0.00
24/11/2024, 00:46:15, 22.20, 48.00, 0, 19.61, 0.00, 0.00
24/11/2024, 00:46:22, 22.20, 48.00, 0, 19.63, 0.00, 0.00
24/11/2024, 00:46:30, 22.20, 48.00, 0, 19.55, 0.00, 0.00
24/11/2024, 00:46:37, 22.20, 48.00, 0, 19.57, 0.00, 0.00
24/11/2024, 00:46:51, 22.20, 48.00, 0, 19.61, 0.00, 0.00
24/11/2024, 00:46:59, 22.20, 48.00, 0, 19.61, 0.00, 0.00
24/11/2024, 00:47:06, 22.20, 48.00, 0, 19.57, 0.00, 0.00
24/11/2024, 00:47:13, 22.20, 48.00, 0, 19.57, 0.00, 0.00
24/11/2024, 00:47:20, 22.20, 48.00, 0, 19.57, 0.00, 0.00
24/11/2024, 00:47:28, 22.20, 48.00, 0, 19.63, 0.00, 0.00
24/11/2024, 00:47:35, 22.20, 48.00, 0, 19.63, 0.00, 0.00
24/11/2024, 00:47:42, 22.20, 48.00, 0, 19.61, 0.00, 0.00
24/11/2024, 00:47:49, 22.20, 48.00, 0, 19.63, 0.00, 0.00
24/11/2024, 00:47:57, 22.20, 48.00, 0, 19.61, 0.00, 0.00
24/11/2024, 00:48:04, 22.20, 48.00, 0, 19.61, 0.00, 0.00
24/11/2024, 00:48:11, 22.20, 48.00, 0, 19.63, 0.00, 0.00
24/11/2024, 00:48:19, 22.20, 48.00, 0, 19.63, 0.00, 0.00
24/11/2024, 00:48:26, 22.20, 48.00, 0, 19.63, 0.00, 0.00
24/11/2024, 00:48:33, 22.20, 48.00, 0, 19.61, 0.00, 0.00
24/11/2024, 00:48:40, 22.20, 48.00, 0, 19.67, 0.00, 0.00
24/11/2024, 00:48:48, 22.20, 49.00, 0, 19.61, 0.00, 0.00
24/11/2024, 00:48:55, 22.20, 48.00, 0, 19.61, 0.00, 0.00
24/11/2024, 00:49:02, 22.20, 48.00, 0, 19.63, 0.00, 0.00
24/11/2024, 00:49:09, 22.20, 48.00, 0, 19.63, 0.00, 0.00
24/11/2024, 00:49:17, 22.20, 48.00, 0, 19.63, 0.00, 0.00
24/11/2024, 00:49:24, 22.20, 48.00, 0, 19.57, 0.00, 0.00
24/11/2024, 00:49:31, 22.20, 48.00, 0, 19.61, 0.00, 0.00
24/11/2024, 00:49:38, 22.20, 48.00, 0, 19.67, 0.00, 0.00
24/11/2024, 00:49:46, 22.20, 48.00, 0, 19.67, 0.00, 0.00
24/11/2024, 00:49:53, 22.20, 48.00, 0, 19.61, 0.00, 0.00
24/11/2024, 00:50:00, 22.20, 48.00, 0, 19.67, 0.00, 0.00
24/11/2024, 00:50:08, 22.20, 48.00, 0, 19.63, 0.00, 0.00
24/11/2024, 00:50:15, 22.20, 48.00, 0, 19.67, 0.00, 0.00
24/11/2024, 00:50:22, 22.20, 48.00, 0, 19.63, 0.00, 0.00
24/11/2024, 00:50:29, 22.20, 48.00, 0, 19.67, 0.00, 0.00
24/11/2024, 00:50:37, 22.20, 48.00, 0, 19.63, 0.00, 0.00
24/11/2024, 00:50:44, 22.20, 48.00, 0, 19.67, 0.00, 0.00
24/11/2024, 00:50:51, 22.20, 48.00, 0, 19.61, 0.00, 0.00
24/11/2024, 00:50:58, 22.20, 48.00, 0, 19.63, 0.00, 0.00
24/11/2024, 00:51:06, 22.20, 48.00, 0, 19.63, 0.00, 0.00
24/11/2024, 00:51:13, 22.20, 48.00, 0, 19.67, 0.00, 0.00
24/11/2024, 00:51:20, 22.20, 48.00, 0, 19.55, 0.00, 0.00
24/11/2024, 00:51:27, 22.20, 48.00, 0, 19.61, 0.00, 0.00
24/11/2024, 00:51:35, 22.20, 48.00, 0, 19.57, 0.00, 0.00
24/11/2024, 00:51:42, 22.20, 48.00, 0, 19.57, 0.00, 0.00
24/11/2024, 00:51:49, 22.20, 48.00, 0, 19.61, 0.00, 0.00
24/11/2024, 00:51:57, 22.20, 48.00, 0, 19.63, 0.00, 0.00
24/11/2024, 00:52:04, 22.20, 48.00, 0, 19.55, 0.00, 0.00
24/11/2024, 00:52:11, 22.20, 48.00, 0, 19.63, 0.00, 0.00
24/11/2024, 00:52:18, 22.20, 48.00, 0, 19.63, 0.00, 0.00
24/11/2024, 00:52:26, 22.20, 48.00, 0, 19.57, 0.00, 0.00
24/11/2024, 00:52:33, 22.20, 48.00, 0, 19.57, 0.00, 0.00
24/11/2024, 00:52:40, 22.20, 48.00, 0, 19.61, 0.00, 0.00
24/11/2024, 00:52:47, 22.20, 48.00, 0, 19.63, 0.00, 0.00
24/11/2024, 00:52:55, 22.20, 48.00, 0, 19.61, 0.00, 0.00
24/11/2024, 00:53:02, 22.20, 48.00, 0, 19.63, 0.00, 0.00
24/11/2024, 00:53:09, 22.20, 48.00, 0, 19.63, 0.00, 0.00
24/11/2024, 00:53:17, 22.20, 48.00, 0, 19.63, 0.00, 0.00
24/11/2024, 00:53:24, 22.20, 48.00, 0, 19.67, 0.00, 0.00
24/11/2024, 00:53:31, 22.20, 48.00, 0, 19.67, 0.00, 0.00
24/11/2024, 00:53:38, 22.20, 48.00, 0, 19.63, 0.00, 0.00
24/11/2024, 00:53:46, 22.20, 48.00, 0, 19.55, 0.00, 0.00
24/11/2024, 00:53:53, 22.20, 48.00, 0, 19.61, 0.00, 0.00
24/11/2024, 00:54:00, 22.20, 48.00, 0, 19.55, 0.00, 0.00
24/11/2024, 00:54:07, 22.20, 48.00, 0, 19.57, 0.00, 0.00
24/11/2024, 00:54:15, 22.20, 48.00, 0, 19.61, 0.00, 0.00
24/11/2024, 00:54:22, 22.20, 48.00, 0, 19.61, 0.00, 0.00
24/11/2024, 00:54:29, 22.20, 48.00, 0, 19.61, 0.00, 0.00
24/11/2024, 00:54:36, 22.20, 48.00, 0, 19.55, 0.00, 0.00
24/11/2024, 00:54:44, 22.20, 48.00, 0, 19.63, 0.00, 0.00
24/11/2024, 00:54:51, 22.20, 48.00, 0, 19.57, 0.00, 0.00
24/11/2024, 00:54:58, 22.20, 48.00, 0, 19.55, 0.00, 0.00
24/11/2024, 00:55:06, 22.20, 48.00, 0, 19.63, 0.00, 0.00
24/11/2024, 00:55:13, 22.20, 48.00, 0, 19.57, 0.00, 0.00
24/11/2024, 00:55:20, 22.20, 48.00, 0, 19.63, 0.00, 0.00
24/11/2024, 00:55:27, 22.20, 48.00, 0, 19.57, 0.00, 0.00
24/11/2024, 00:55:35, 22.20, 48.00, 0, 19.57, 0.00, 0.00
24/11/2024, 00:55:42, 22.20, 48.00, 0, 19.61, 0.00, 0.00
24/11/2024, 00:55:49, 22.00, 48.00, 0, 19.55, 0.00, 0.00
24/11/2024, 00:55:56, 21.90, 48.00, 0, 19.61, 0.00, 0.00
24/11/2024, 00:56:04, 21.90, 48.00, 0, 19.55, 0.00, 0.00
24/11/2024, 00:56:11, 21.90, 48.00, 0, 19.55, 0.00, 0.00
24/11/2024, 00:56:18, 21.80, 48.00, 0, 19.55, 0.00, 0.00
24/11/2024, 00:56:25, 21.90, 48.00, 0, 19.61, 0.00, 0.00
24/11/2024, 00:56:33, 21.90, 48.00, 0, 19.61, 0.00, 0.00
24/11/2024, 00:56:40, 21.80, 48.00, 0, 19.61, 0.00, 0.00
24/11/2024, 00:56:47, 21.80, 48.00, 0, 19.55, 0.00, 0.00
24/11/2024, 00:56:55, 21.80, 48.00, 0, 19.57, 0.00, 0.00
24/11/2024, 00:57:02, 21.80, 48.00, 0, 19.61, 0.00, 0.00
24/11/2024, 00:57:09, 21.80, 48.00, 0, 19.55, 0.00, 0.00
24/11/2024, 00:57:16, 21.80, 48.00, 0, 19.57, 0.00, 0.00
24/11/2024, 00:57:24, 21.80, 48.00, 0, 19.55, 0.00, 0.00
24/11/2024, 00:57:31, 21.80, 48.00, 0, 19.55, 0.00, 0.00
24/11/2024, 00:57:38, 21.80, 48.00, 0, 19.51, 0.00, 0.00
24/11/2024, 00:57:45, 21.80, 48.00, 0, 19.51, 0.00, 0.00
24/11/2024, 00:57:53, 21.80, 48.00, 0, 19.51, 0.00, 0.00
24/11/2024, 00:58:00, 21.80, 48.00, 0, 19.51, 0.00, 0.00
24/11/2024, 00:58:07, 21.80, 48.00, 0, 19.57, 0.00, 0.00
24/11/2024, 00:58:14, 21.80, 48.00, 0, 19.57, 0.00, 0.00
24/11/2024, 00:58:22, 21.80, 48.00, 0, 19.55, 0.00, 0.00
24/11/2024, 00:58:29, 21.80, 48.00, 0, 19.57, 0.00, 0.00
24/11/2024, 00:58:36, 21.80, 48.00, 0, 19.55, 0.00, 0.00
24/11/2024, 00:58:44, 21.80, 48.00, 0, 19.47, 0.00, 0.00
24/11/2024, 00:58:51, 21.80, 48.00, 0, 19.55, 0.00, 0.00
24/11/2024, 00:58:58, 21.80, 48.00, 0, 19.47, 0.00, 0.00
24/11/2024, 00:59:05, 21.80, 48.00, 0, 19.51, 0.00, 0.00
24/11/2024, 00:59:13, 21.80, 48.00, 0, 19.57, 0.00, 0.00
24/11/2024, 00:59:20, 21.80, 48.00, 0, 19.45, 0.00, 0.00
24/11/2024, 00:59:27, 21.80, 48.00, 0, 19.55, 0.00, 0.00
24/11/2024, 00:59:34, 21.80, 48.00, 0, 19.45, 0.00, 0.00
24/11/2024, 00:59:42, 21.80, 48.00, 0, 19.51, 0.00, 0.00
24/11/2024, 00:59:49, 21.80, 48.00, 0, 19.47, 0.00, 0.00
24/11/2024, 00:59:56, 21.80, 48.00, 0, 19.51, 0.00, 0.00
24/11/2024, 01:00:03, 21.80, 48.00, 0, 19.47, 0.00, 0.00
24/11/2024, 01:00:11, 21.80, 48.00, 0, 19.55, 0.00, 0.00
24/11/2024, 01:00:18, 21.80, 48.00, 0, 19.51, 0.00, 0.00
24/11/2024, 01:00:25, 21.80, 48.00, 0, 19.51, 0.00, 0.00
24/11/2024, 01:00:33, 21.80, 48.00, 0, 19.47, 0.00, 0.00
24/11/2024, 01:00:40, 21.80, 48.00, 0, 19.55, 0.00, 0.00
24/11/2024, 01:00:47, 21.80, 48.00, 0, 19.55, 0.00, 0.00
24/11/2024, 01:00:54, 21.80, 48.00, 0, 19.45, 0.00, 0.00
24/11/2024, 01:01:02, 21.80, 48.00, 0, 19.45, 0.00, 0.00
24/11/2024, 01:01:09, 21.80, 48.00, 0, 19.45, 0.00, 0.00
24/11/2024, 01:01:16, 21.80, 48.00, 0, 19.45, 0.00, 0.00
24/11/2024, 01:01:23, 21.80, 48.00, 0, 19.45, 0.00, 0.00
24/11/2024, 01:01:31, 21.80, 48.00, 0, 19.47, 0.00, 0.00
24/11/2024, 01:01:38, 21.80, 48.00, 0, 19.47, 0.00, 0.00
24/11/2024, 01:01:45, 21.80, 48.00, 0, 19.47, 0.00, 0.00
24/11/2024, 01:01:52, 21.80, 48.00, 0, 19.51, 0.00, 0.00
24/11/2024, 01:02:00, 21.80, 48.00, 0, 19.47, 0.00, 0.00
24/11/2024, 01:02:07, 21.80, 48.00, 0, 19.55, 0.00, 0.00
24/11/2024, 01:02:14, 21.80, 48.00, 0, 19.39, 0.00, 0.00
24/11/2024, 01:02:21, 21.80, 48.00, 0, 19.45, 0.00, 0.00
24/11/2024, 01:02:29, 21.80, 48.00, 0, 19.35, 0.00, 0.00
24/11/2024, 01:02:36, 21.80, 48.00, 0, 19.39, 0.00, 0.00
24/11/2024, 01:02:43, 21.80, 48.00, 0, 19.41, 0.00, 0.00
24/11/2024, 01:02:51, 21.80, 48.00, 0, 19.41, 0.00, 0.00
24/11/2024, 01:02:58, 21.80, 48.00, 0, 19.45, 0.00, 0.00
24/11/2024, 01:03:05, 21.80, 48.00, 0, 19.41, 0.00, 0.00
24/11/2024, 01:03:12, 21.80, 48.00, 0, 19.47, 0.00, 0.00
24/11/2024, 01:03:20, 21.80, 48.00, 0, 19.35, 0.00, 0.00
24/11/2024, 01:03:27, 21.80, 48.00, 0, 19.45, 0.00, 0.00
24/11/2024, 01:03:34, 21.80, 48.00, 0, 19.39, 0.00, 0.00
24/11/2024, 01:03:41, 21.80, 48.00, 0, 19.47, 0.00, 0.00
24/11/2024, 01:03:49, 21.80, 48.00, 0, 19.47, 0.00, 0.00
24/11/2024, 01:03:56, 21.80, 48.00, 0, 19.41, 0.00, 0.00
24/11/2024, 01:04:03, 21.80, 48.00, 0, 19.39, 0.00, 0.00
24/11/2024, 01:04:10, 21.80, 48.00, 0, 19.35, 0.00, 0.00
24/11/2024, 01:04:18, 21.80, 48.00, 0, 19.35, 0.00, 0.00
24/11/2024, 01:04:25, 21.70, 48.00, 0, 19.45, 0.00, 0.00
24/11/2024, 01:04:32, 21.50, 48.00, 0, 19.33, 0.00, 0.00
24/11/2024, 01:04:40, 21.50, 48.00, 0, 19.35, 0.00, 0.00
24/11/2024, 01:04:47, 21.50, 48.00, 0, 19.39, 0.00, 0.00
24/11/2024, 01:04:54, 21.50, 48.00, 0, 19.35, 0.00, 0.00
24/11/2024, 01:05:01, 21.40, 48.00, 0, 19.35, 0.00, 0.00
24/11/2024, 01:05:09, 21.40, 48.00, 0, 19.35, 0.00, 0.00
24/11/2024, 01:05:16, 21.40, 48.00, 0, 19.39, 0.00, 0.00
24/11/2024, 01:05:23, 21.50, 48.00, 0, 19.39, 0.00, 0.00
24/11/2024, 01:05:30, 21.40, 48.00, 0, 19.29, 0.00, 0.00
24/11/2024, 01:05:38, 21.40, 48.00, 0, 19.35, 0.00, 0.00
24/11/2024, 01:05:45, 21.40, 48.00, 0, 19.35, 0.00, 0.00
24/11/2024, 01:05:52, 21.40, 48.00, 0, 19.41, 0.00, 0.00
24/11/2024, 01:05:59, 21.40, 48.00, 0, 19.33, 0.00, 0.00
24/11/2024, 01:06:07, 21.40, 48.00, 0, 19.35, 0.00, 0.00
24/11/2024, 01:06:14, 21.40, 48.00, 0, 19.35, 0.00, 0.00
24/11/2024, 01:06:21, 21.40, 48.00, 0, 19.29, 0.00, 0.00
24/11/2024, 01:06:28, 21.40, 48.00, 0, 19.35, 0.00, 0.00
24/11/2024, 01:06:36, 21.40, 48.00, 0, 19.29, 0.00, 0.00
24/11/2024, 01:06:43, 21.40, 48.00, 0, 19.29, 0.00, 0.00
24/11/2024, 01:06:50, 21.40, 48.00, 0, 19.41, 0.00, 0.00
24/11/2024, 01:06:58, 21.40, 48.00, 0, 19.33, 0.00, 0.00
24/11/2024, 01:07:05, 21.40, 48.00, 0, 19.29, 0.00, 0.00
24/11/2024, 01:07:12, 21.40, 48.00, 0, 19.33, 0.00, 0.00
24/11/2024, 01:07:19, 21.40, 48.00, 0, 19.39, 0.00, 0.00
24/11/2024, 01:07:27, 21.40, 48.00, 0, 19.29, 0.00, 0.00
24/11/2024, 01:07:34, 21.40, 48.00, 0, 19.25, 0.00, 0.00
24/11/2024, 01:07:41, 21.40, 48.00, 0, 19.29, 0.00, 0.00
24/11/2024, 01:07:48, 21.40, 48.00, 0, 19.33, 0.00, 0.00
24/11/2024, 01:07:56, 21.40, 48.00, 0, 19.29, 0.00, 0.00
24/11/2024, 01:08:03, 21.40, 48.00, 0, 19.39, 0.00, 0.00
24/11/2024, 01:08:10, 21.40, 48.00, 0, 19.29, 0.00, 0.00
24/11/2024, 01:08:17, 21.40, 48.00, 0, 19.33, 0.00, 0.00
24/11/2024, 01:08:25, 21.40, 48.00, 0, 19.35, 0.00, 0.00
24/11/2024, 01:08:32, 21.40, 48.00, 0, 19.23, 0.00, 0.00
24/11/2024, 01:08:39, 21.40, 48.00, 0, 19.25, 0.00, 0.00
24/11/2024, 01:08:46, 21.40, 48.00, 0, 19.25, 0.00, 0.00
24/11/2024, 01:08:54, 21.40, 48.00, 0, 19.35, 0.00, 0.00
24/11/2024, 01:09:01, 21.40, 48.00, 0, 19.33, 0.00, 0.00
24/11/2024, 01:09:08, 21.40, 48.00, 0, 19.25, 0.00, 0.00
24/11/2024, 01:09:16, 21.40, 48.00, 0, 19.25, 0.00, 0.00
24/11/2024, 01:09:23, 21.40, 48.00, 0, 19.25, 0.00, 0.00
24/11/2024, 01:09:30, 21.40, 48.00, 0, 19.23, 0.00, 0.00
24/11/2024, 01:09:37, 21.40, 48.00, 0, 19.23, 0.00, 0.00
24/11/2024, 01:09:45, 21.40, 48.00, 0, 19.23, 0.00, 0.00
24/11/2024, 01:09:52, 21.40, 48.00, 0, 19.25, 0.00, 0.00
24/11/2024, 01:09:59, 21.40, 48.00, 0, 19.29, 0.00, 0.00
24/11/2024, 01:10:06, 21.40, 48.00, 0, 19.29, 0.00, 0.00
24/11/2024, 01:10:14, 21.40, 48.00, 0, 19.29, 0.00, 0.00
24/11/2024, 01:10:21, 21.40, 48.00, 0, 19.33, 0.00, 0.00
24/11/2024, 01:10:28, 21.40, 48.00, 0, 19.33, 0.00, 0.00
24/11/2024, 01:10:35, 21.40, 48.00, 0, 19.23, 0.00, 0.00
24/11/2024, 01:10:43, 21.40, 48.00, 0, 19.29, 0.00, 0.00
24/11/2024, 01:10:50, 21.40, 48.00, 0, 19.25, 0.00, 0.00
24/11/2024, 01:10:57, 21.40, 48.00, 0, 19.25, 0.00, 0.00
24/11/2024, 01:11:05, 21.40, 48.00, 0, 19.25, 0.00, 0.00
24/11/2024, 01:11:12, 21.40, 48.00, 0, 19.29, 0.00, 0.00
24/11/2024, 01:11:19, 21.40, 48.00, 0, 19.25, 0.00, 0.00
24/11/2024, 01:11:26, 21.40, 48.00, 0, 19.25, 0.00, 0.00
24/11/2024, 01:11:34, 21.40, 48.00, 0, 19.19, 0.00, 0.00
24/11/2024, 01:11:41, 21.40, 48.00, 0, 19.25, 0.00, 0.00
24/11/2024, 01:11:48, 21.40, 48.00, 0, 19.25, 0.00, 0.00
24/11/2024, 01:11:55, 21.40, 48.00, 0, 19.19, 0.00, 0.00
24/11/2024, 01:12:03, 21.40, 48.00, 0, 19.23, 0.00, 0.00
24/11/2024, 01:12:10, 21.40, 48.00, 0, 19.29, 0.00, 0.00
24/11/2024, 01:12:17, 21.40, 48.00, 0, 19.25, 0.00, 0.00
24/11/2024, 01:12:24, 21.40, 48.00, 0, 19.25, 0.00, 0.00
24/11/2024, 01:12:32, 21.40, 48.00, 0, 19.23, 0.00, 0.00
24/11/2024, 01:12:39, 21.40, 48.00, 0, 19.23, 0.00, 0.00
24/11/2024, 01:12:46, 21.40, 48.00, 0, 19.23, 0.00, 0.00
24/11/2024, 01:12:53, 21.40, 48.00, 0, 19.29, 0.00, 0.00
24/11/2024, 01:13:01, 21.40, 48.00, 0, 19.09, 0.00, 0.00
24/11/2024, 01:13:08, 21.40, 48.00, 0, 19.23, 0.00, 0.00
24/11/2024, 01:13:15, 21.40, 48.00, 0, 19.23, 0.00, 0.00
24/11/2024, 01:13:22, 21.40, 48.00, 0, 19.17, 0.00, 0.00
24/11/2024, 01:13:30, 21.40, 48.00, 0, 19.09, 0.00, 0.00
24/11/2024, 01:13:37, 21.40, 48.00, 0, 19.09, 0.00, 0.00
24/11/2024, 01:13:44, 21.40, 48.00, 0, 19.17, 0.00, 0.00
24/11/2024, 01:13:52, 21.40, 48.00, 0, 19.13, 0.00, 0.00
24/11/2024, 01:13:59, 21.40, 48.00, 0, 19.09, 0.00, 0.00
24/11/2024, 01:14:06, 21.40, 48.00, 0, 19.09, 0.00, 0.00
24/11/2024, 01:14:13, 21.40, 48.00, 0, 19.17, 0.00, 0.00
24/11/2024, 01:14:21, 21.40, 48.00, 0, 19.13, 0.00, 0.00
24/11/2024, 01:14:28, 21.40, 48.00, 0, 19.19, 0.00, 0.00
24/11/2024, 01:14:35, 21.40, 48.00, 0, 19.17, 0.00, 0.00
24/11/2024, 01:14:42, 21.40, 48.00, 0, 19.19, 0.00, 0.00
24/11/2024, 01:14:50, 21.40, 48.00, 0, 19.23, 0.00, 0.00
24/11/2024, 01:14:57, 21.40, 48.00, 0, 19.19, 0.00, 0.00
24/11/2024, 01:15:04, 21.40, 48.00, 0, 19.09, 0.00, 0.00
24/11/2024, 01:15:11, 21.40, 48.00, 0, 19.17, 0.00, 0.00
24/11/2024, 01:15:19, 21.40, 48.00, 0, 19.23, 0.00, 0.00
24/11/2024, 01:15:26, 21.40, 48.00, 0, 19.23, 0.00, 0.00
24/11/2024, 01:15:33, 21.40, 48.00, 0, 19.17, 0.00, 0.00
24/11/2024, 01:15:40, 21.40, 48.00, 0, 19.17, 0.00, 0.00
24/11/2024, 01:15:48, 21.40, 48.00, 0, 19.13, 0.00, 0.00
24/11/2024, 01:15:55, 21.40, 48.00, 0, 19.13, 0.00, 0.00
24/11/2024, 01:16:02, 21.40, 48.00, 0, 19.09, 0.00, 0.00
24/11/2024, 01:16:10, 21.40, 48.00, 0, 19.13, 0.00, 0.00
24/11/2024, 01:16:17, 21.40, 48.00, 0, 19.03, 0.00, 0.00
24/11/2024, 01:16:24, 21.40, 48.00, 0, 19.13, 0.00, 0.00
24/11/2024, 01:16:31, 21.40, 48.00, 0, 19.17, 0.00, 0.00
24/11/2024, 01:16:39, 21.40, 48.00, 0, 19.13, 0.00, 0.00
24/11/2024, 01:16:46, 21.40, 48.00, 0, 19.13, 0.00, 0.00
24/11/2024, 01:16:53, 21.40, 48.00, 0, 19.19, 0.00, 0.00
24/11/2024, 01:17:00, 21.40, 48.00, 0, 19.17, 0.00, 0.00
24/11/2024, 01:17:08, 21.40, 48.00, 0, 19.07, 0.00, 0.00
24/11/2024, 01:17:15, 21.40, 48.00, 0, 19.13, 0.00, 0.00
24/11/2024, 01:17:22, 21.40, 48.00, 0, 19.09, 0.00, 0.00
24/11/2024, 01:17:29, 21.40, 48.00, 0, 19.17, 0.00, 0.00
24/11/2024, 01:17:37, 21.40, 48.00, 0, 19.13, 0.00, 0.00
24/11/2024, 01:17:44, 21.40, 48.00, 0, 19.09, 0.00, 0.00
24/11/2024, 01:17:51, 21.40, 48.00, 0, 19.01, 0.00, 0.00
24/11/2024, 01:17:58, 21.40, 48.00, 0, 19.09, 0.00, 0.00
24/11/2024, 01:18:06, 21.40, 48.00, 0, 19.09, 0.00, 0.00
24/11/2024, 01:18:13, 21.40, 48.00, 0, 19.09, 0.00, 0.00
24/11/2024, 01:18:20, 21.40, 48.00, 0, 19.07, 0.00, 0.00
24/11/2024, 01:18:28, 21.40, 48.00, 0, 19.17, 0.00, 0.00
24/11/2024, 01:18:35, 21.40, 48.00, 0, 19.09, 0.00, 0.00
24/11/2024, 01:18:42, 21.40, 48.00, 0, 19.13, 0.00, 0.00
24/11/2024, 01:18:49, 21.40, 48.00, 0, 19.09, 0.00, 0.00
24/11/2024, 01:18:57, 21.40, 48.00, 0, 19.09, 0.00, 0.00
24/11/2024, 01:19:04, 21.40, 48.00, 0, 19.17, 0.00, 0.00
24/11/2024, 01:19:11, 21.40, 48.00, 0, 19.09, 0.00, 0.00
24/11/2024, 01:19:18, 21.40, 48.00, 0, 19.09, 0.00, 0.00
24/11/2024, 01:19:26, 21.40, 48.00, 0, 19.09, 0.00, 0.00
24/11/2024, 01:19:33, 21.40, 48.00, 0, 19.03, 0.00, 0.00
24/11/2024, 01:19:40, 21.40, 48.00, 0, 19.13, 0.00, 0.00
24/11/2024, 01:19:47, 21.40, 48.00, 0, 19.03, 0.00, 0.00
24/11/2024, 01:19:55, 21.40, 48.00, 0, 19.07, 0.00, 0.00
24/11/2024, 01:20:02, 21.40, 48.00, 0, 19.03, 0.00, 0.00
24/11/2024, 01:20:09, 21.40, 48.00, 0, 19.07, 0.00, 0.00
24/11/2024, 01:20:16, 21.40, 48.00, 0, 19.07, 0.00, 0.00
24/11/2024, 01:20:24, 21.40, 48.00, 0, 19.07, 0.00, 0.00
24/11/2024, 01:20:31, 21.40, 48.00, 0, 19.13, 0.00, 0.00
24/11/2024, 01:20:38, 21.40, 48.00, 0, 19.09, 0.00, 0.00
24/11/2024, 01:20:46, 21.40, 47.00, 0, 19.01, 0.00, 0.00
24/11/2024, 01:20:53, 21.40, 47.00, 0, 19.09, 0.00, 0.00
24/11/2024, 01:21:00, 21.40, 47.00, 0, 19.07, 0.00, 0.00
24/11/2024, 01:21:07, 21.40, 47.00, 0, 19.03, 0.00, 0.00
24/11/2024, 01:21:15, 21.40, 47.00, 0, 19.09, 0.00, 0.00
24/11/2024, 01:21:22, 21.40, 47.00, 0, 19.07, 0.00, 0.00
24/11/2024, 01:21:29, 21.40, 47.00, 0, 19.07, 0.00, 0.00
24/11/2024, 01:21:36, 21.40, 47.00, 0, 18.91, 0.00, 0.00
24/11/2024, 01:21:44, 21.40, 47.00, 0, 19.03, 0.00, 0.00
24/11/2024, 01:21:51, 21.40, 47.00, 0, 19.01, 0.00, 0.00
24/11/2024, 01:21:58, 21.40, 48.00, 0, 19.03, 0.00, 0.00
24/11/2024, 01:22:05, 21.40, 48.00, 0, 19.01, 0.00, 0.00
24/11/2024, 01:22:13, 21.40, 48.00, 0, 19.07, 0.00, 0.00
24/11/2024, 01:22:20, 21.40, 48.00, 0, 19.01, 0.00, 0.00
24/11/2024, 01:22:27, 21.40, 48.00, 0, 18.97, 0.00, 0.00
24/11/2024, 01:22:34, 21.40, 48.00, 0, 19.01, 0.00, 0.00
24/11/2024, 01:22:42, 21.40, 48.00, 0, 18.91, 0.00, 0.00
24/11/2024, 01:22:49, 21.30, 48.00, 0, 19.01, 0.00, 0.00
24/11/2024, 01:22:56, 21.20, 48.00, 0, 19.03, 0.00, 0.00
24/11/2024, 01:23:03, 21.10, 48.00, 0, 19.01, 0.00, 0.00
24/11/2024, 01:23:11, 21.10, 48.00, 0, 19.03, 0.00, 0.00
24/11/2024, 01:23:18, 21.10, 48.00, 0, 19.03, 0.00, 0.00
24/11/2024, 01:23:25, 21.10, 48.00, 0, 18.97, 0.00, 0.00
24/11/2024, 01:23:33, 21.10, 48.00, 0, 19.03, 0.00, 0.00
24/11/2024, 01:23:40, 21.00, 48.00, 0, 19.03, 0.00, 0.00
24/11/2024, 01:23:47, 21.10, 48.00, 0, 19.03, 0.00, 0.00
24/11/2024, 01:23:54, 21.10, 48.00, 0, 19.03, 0.00, 0.00
24/11/2024, 01:24:02, 21.00, 48.00, 0, 18.97, 0.00, 0.00
24/11/2024, 01:24:09, 21.00, 48.00, 0, 19.01, 0.00, 0.00
24/11/2024, 01:24:16, 21.10, 48.00, 0, 18.97, 0.00, 0.00
24/11/2024, 01:24:23, 21.10, 48.00, 0, 18.97, 0.00, 0.00
24/11/2024, 01:24:31, 21.00, 48.00, 0, 18.95, 0.00, 0.00
24/11/2024, 01:24:38, 21.00, 48.00, 0, 18.97, 0.00, 0.00
24/11/2024, 01:24:45, 21.00, 48.00, 0, 19.01, 0.00, 0.00
24/11/2024, 01:24:52, 21.00, 48.00, 0, 19.03, 0.00, 0.00
24/11/2024, 01:25:00, 21.00, 48.00, 0, 18.97, 0.00, 0.00
24/11/2024, 01:25:07, 21.00, 48.00, 0, 18.97, 0.00, 0.00
24/11/2024, 01:25:14, 21.00, 48.00, 0, 19.01, 0.00, 0.00
24/11/2024, 01:25:21, 21.00, 48.00, 0, 18.95, 0.00, 0.00
24/11/2024, 01:25:29, 21.00, 48.00, 0, 19.01, 0.00, 0.00
24/11/2024, 01:25:36, 21.00, 48.00, 0, 18.95, 0.00, 0.00
24/11/2024, 01:25:43, 21.00, 48.00, 0, 18.97, 0.00, 0.00
24/11/2024, 01:25:51, 21.00, 48.00, 0, 19.01, 0.00, 0.00
24/11/2024, 01:25:58, 21.00, 48.00, 0, 19.01, 0.00, 0.00
24/11/2024, 01:26:05, 21.00, 48.00, 0, 19.03, 0.00, 0.00
24/11/2024, 01:26:12, 21.00, 48.00, 0, 19.01, 0.00, 0.00
24/11/2024, 01:26:20, 21.00, 48.00, 0, 18.97, 0.00, 0.00
24/11/2024, 01:26:27, 21.00, 48.00, 0, 18.97, 0.00, 0.00
24/11/2024, 01:26:34, 21.00, 48.00, 0, 19.03, 0.00, 0.00
24/11/2024, 01:26:41, 21.00, 48.00, 0, 18.97, 0.00, 0.00
24/11/2024, 01:26:49, 21.00, 48.00, 0, 19.07, 0.00, 0.00
24/11/2024, 01:26:56, 21.00, 48.00, 0, 19.01, 0.00, 0.00
24/11/2024, 01:27:03, 21.10, 48.00, 0, 19.01, 0.00, 0.00
24/11/2024, 01:27:10, 21.00, 48.00, 0, 19.01, 0.00, 0.00
24/11/2024, 01:27:18, 21.00, 48.00, 0, 18.95, 0.00, 0.00
24/11/2024, 01:27:25, 21.00, 48.00, 0, 18.95, 0.00, 0.00
24/11/2024, 01:27:32, 21.10, 48.00, 0, 18.97, 0.00, 0.00
24/11/2024, 01:27:39, 21.00, 48.00, 0, 18.91, 0.00, 0.00
24/11/2024, 01:27:47, 21.00, 48.00, 0, 18.95, 0.00, 0.00
24/11/2024, 01:27:54, 21.00, 48.00, 0, 18.97, 0.00, 0.00
24/11/2024, 01:28:01, 21.10, 48.00, 0, 18.97, 0.00, 0.00
24/11/2024, 01:28:09, 21.00, 48.00, 0, 18.97, 0.00, 0.00
24/11/2024, 01:28:16, 21.00, 48.00, 0, 18.91, 0.00, 0.00
24/11/2024, 01:28:23, 21.00, 48.00, 0, 18.87, 0.00, 0.00
24/11/2024, 01:28:30, 21.10, 48.00, 0, 18.97, 0.00, 0.00
24/11/2024, 01:28:38, 21.00, 48.00, 0, 18.95, 0.00, 0.00
24/11/2024, 01:28:45, 21.00, 48.00, 0, 18.91, 0.00, 0.00
24/11/2024, 01:28:52, 21.10, 48.00, 0, 18.95, 0.00, 0.00
24/11/2024, 01:28:59, 21.00, 48.00, 0, 18.91, 0.00, 0.00
24/11/2024, 01:29:07, 21.00, 48.00, 0, 18.91, 0.00, 0.00
24/11/2024, 01:29:14, 21.00, 48.00, 0, 18.87, 0.00, 0.00
24/11/2024, 01:29:21, 21.10, 48.00, 0, 18.91, 0.00, 0.00
24/11/2024, 01:29:28, 21.00, 48.00, 0, 18.97, 0.00, 0.00
24/11/2024, 01:29:36, 21.00, 48.00, 0, 18.91, 0.00, 0.00
24/11/2024, 01:29:43, 21.00, 48.00, 0, 18.91, 0.00, 0.00
24/11/2024, 01:29:50, 21.00, 48.00, 0, 18.91, 0.00, 0.00
24/11/2024, 01:29:57, 21.10, 48.00, 0, 18.87, 0.00, 0.00
24/11/2024, 01:30:05, 21.00, 48.00, 0, 18.91, 0.00, 0.00
24/11/2024, 01:30:12, 21.00, 48.00, 0, 18.95, 0.00, 0.00
24/11/2024, 01:30:19, 21.00, 48.00, 0, 19.01, 0.00, 0.00
24/11/2024, 01:30:26, 21.00, 48.00, 0, 18.91, 0.00, 0.00
24/11/2024, 01:30:34, 21.00, 48.00, 0, 18.95, 0.00, 0.00
24/11/2024, 01:30:41, 21.10, 48.00, 0, 18.91, 0.00, 0.00
24/11/2024, 01:30:48, 21.10, 48.00, 0, 18.95, 0.00, 0.00
24/11/2024, 01:30:56, 21.00, 48.00, 0, 18.91, 0.00, 0.00
24/11/2024, 01:31:03, 21.10, 48.00, 0, 18.87, 0.00, 0.00
24/11/2024, 01:31:10, 21.00, 48.00, 0, 18.91, 0.00, 0.00
24/11/2024, 01:31:17, 21.00, 48.00, 0, 18.91, 0.00, 0.00
24/11/2024, 01:31:25, 21.00, 48.00, 0, 18.87, 0.00, 0.00
24/11/2024, 01:31:32, 21.00, 48.00, 0, 18.91, 0.00, 0.00
24/11/2024, 01:31:39, 21.00, 48.00, 0, 18.87, 0.00, 0.00
24/11/2024, 01:31:46, 21.10, 48.00, 0, 18.91, 0.00, 0.00
24/11/2024, 01:31:54, 21.10, 48.00, 0, 18.91, 0.00, 0.00
24/11/2024, 01:32:01, 21.10, 48.00, 0, 18.87, 0.00, 0.00
24/11/2024, 01:32:08, 21.10, 48.00, 0, 18.87, 0.00, 0.00
24/11/2024, 01:32:15, 21.20, 48.00, 0, 18.87, 0.00, 0.00
24/11/2024, 01:32:23, 21.20, 48.00, 0, 18.95, 0.00, 0.00
24/11/2024, 01:32:30, 21.10, 48.00, 0, 18.87, 0.00, 0.00
24/11/2024, 01:32:37, 21.00, 48.00, 0, 18.91, 0.00, 0.00
24/11/2024, 01:32:44, 21.10, 48.00, 0, 18.85, 0.00, 0.00
24/11/2024, 01:32:52, 21.10, 48.00, 0, 18.87, 0.00, 0.00
24/11/2024, 01:32:59, 21.10, 48.00, 0, 18.87, 0.00, 0.00
24/11/2024, 01:33:06, 21.10, 48.00, 0, 18.87, 0.00, 0.00
24/11/2024, 01:33:14, 21.00, 48.00, 0, 18.87, 0.00, 0.00
24/11/2024, 01:33:21, 21.00, 48.00, 0, 18.87, 0.00, 0.00
24/11/2024, 01:33:28, 21.10, 48.00, 0, 18.87, 0.00, 0.00
24/11/2024, 01:33:35, 21.00, 48.00, 0, 18.85, 0.00, 0.00
24/11/2024, 01:33:43, 21.10, 48.00, 0, 18.85, 0.00, 0.00
24/11/2024, 01:33:50, 21.10, 48.00, 0, 18.91, 0.00, 0.00
24/11/2024, 01:33:57, 21.00, 48.00, 0, 18.87, 0.00, 0.00
24/11/2024, 01:34:04, 21.10, 48.00, 0, 18.91, 0.00, 0.00
24/11/2024, 01:34:12, 21.10, 48.00, 0, 18.81, 0.00, 0.00
24/11/2024, 01:34:19, 21.00, 48.00, 0, 18.87, 0.00, 0.00
24/11/2024, 01:34:26, 21.00, 48.00, 0, 18.87, 0.00, 0.00
24/11/2024, 01:34:33, 21.00, 48.00, 0, 18.87, 0.00, 0.00
24/11/2024, 01:34:41, 21.00, 48.00, 0, 18.87, 0.00, 0.00
24/11/2024, 01:34:48, 21.00, 48.00, 0, 18.81, 0.00, 0.00
24/11/2024, 01:34:55, 21.00, 48.00, 0, 18.81, 0.00, 0.00
24/11/2024, 01:35:02, 21.00, 48.00, 0, 18.85, 0.00, 0.00
24/11/2024, 01:35:10, 21.00, 48.00, 0, 18.81, 0.00, 0.00
24/11/2024, 01:35:17, 21.00, 48.00, 0, 18.81, 0.00, 0.00
24/11/2024, 01:35:24, 21.00, 48.00, 0, 18.81, 0.00, 0.00
24/11/2024, 01:35:31, 21.00, 48.00, 0, 18.85, 0.00, 0.00
24/11/2024, 01:35:39, 21.00, 48.00, 0, 18.97, 0.00, 0.00
24/11/2024, 01:35:46, 21.00, 48.00, 0, 18.87, 0.00, 0.00
24/11/2024, 01:35:53, 21.00, 48.00, 0, 18.85, 0.00, 0.00
24/11/2024, 01:36:01, 21.00, 48.00, 0, 18.85, 0.00, 0.00
24/11/2024, 01:36:08, 21.00, 48.00, 0, 18.81, 0.00, 0.00
24/11/2024, 01:36:15, 21.00, 48.00, 0, 18.85, 0.00, 0.00
24/11/2024, 01:36:22, 21.00, 48.00, 0, 18.87, 0.00, 0.00
24/11/2024, 01:36:30, 21.00, 48.00, 0, 18.85, 0.00, 0.00
24/11/2024, 01:36:37, 21.00, 48.00, 0, 18.85, 0.00, 0.00
24/11/2024, 01:36:44, 21.00, 48.00, 0, 18.87, 0.00, 0.00
24/11/2024, 01:36:51, 21.00, 48.00, 0, 18.85, 0.00, 0.00
24/11/2024, 01:36:59, 21.00, 48.00, 0, 18.75, 0.00, 0.00
24/11/2024, 01:37:06, 21.00, 48.00, 0, 18.85, 0.00, 0.00
24/11/2024, 01:37:13, 21.00, 48.00, 0, 18.85, 0.00, 0.00
24/11/2024, 01:37:20, 21.00, 48.00, 0, 18.81, 0.00, 0.00
24/11/2024, 01:37:28, 21.00, 48.00, 0, 18.81, 0.00, 0.00
24/11/2024, 01:37:35, 21.00, 48.00, 0, 18.81, 0.00, 0.00
24/11/2024, 01:37:42, 21.00, 48.00, 0, 18.85, 0.00, 0.00
24/11/2024, 01:37:49, 21.00, 48.00, 0, 18.75, 0.00, 0.00
24/11/2024, 01:37:57, 21.00, 48.00, 0, 18.81, 0.00, 0.00
24/11/2024, 01:38:04, 21.00, 48.00, 0, 18.81, 0.00, 0.00
24/11/2024, 01:38:11, 21.00, 48.00, 0, 18.87, 0.00, 0.00
24/11/2024, 01:38:18, 21.00, 48.00, 0, 18.71, 0.00, 0.00
24/11/2024, 01:38:26, 21.00, 48.00, 0, 18.81, 0.00, 0.00
24/11/2024, 01:38:33, 21.00, 48.00, 0, 18.81, 0.00, 0.00
24/11/2024, 01:38:40, 21.00, 48.00, 0, 18.81, 0.00, 0.00
24/11/2024, 01:38:48, 21.00, 48.00, 0, 18.79, 0.00, 0.00
24/11/2024, 01:38:55, 21.00, 48.00, 0, 18.69, 0.00, 0.00
24/11/2024, 01:39:02, 21.00, 48.00, 0, 18.81, 0.00, 0.00
24/11/2024, 01:39:09, 21.00, 48.00, 0, 18.79, 0.00, 0.00
24/11/2024, 01:39:17, 21.00, 48.00, 0, 18.79, 0.00, 0.00
24/11/2024, 01:39:24, 21.00, 48.00, 0, 18.81, 0.00, 0.00
24/11/2024, 01:39:31, 21.00, 48.00, 0, 18.81, 0.00, 0.00
24/11/2024, 01:39:38, 21.00, 48.00, 0, 18.71, 0.00, 0.00
24/11/2024, 01:39:46, 21.00, 48.00, 0, 18.71, 0.00, 0.00
24/11/2024, 01:39:53, 21.00, 48.00, 0, 18.79, 0.00, 0.00
24/11/2024, 01:40:00, 21.00, 48.00, 0, 18.87, 0.00, 0.00
24/11/2024, 01:40:07, 21.00, 48.00, 0, 18.79, 0.00, 0.00
24/11/2024, 01:40:15, 21.00, 48.00, 0, 18.87, 0.00, 0.00
24/11/2024, 01:40:22, 21.00, 48.00, 0, 18.71, 0.00, 0.00
24/11/2024, 01:40:29, 21.00, 48.00, 0, 18.79, 0.00, 0.00
24/11/2024, 01:40:36, 21.00, 48.00, 0, 18.79, 0.00, 0.00
24/11/2024, 01:40:44, 21.00, 48.00, 0, 18.71, 0.00, 0.00
24/11/2024, 01:40:51, 21.00, 48.00, 0, 18.81, 0.00, 0.00
24/11/2024, 01:40:58, 21.00, 48.00, 0, 18.69, 0.00, 0.00
24/11/2024, 01:41:06, 21.00, 48.00, 0, 18.75, 0.00, 0.00
24/11/2024, 01:41:13, 21.00, 48.00, 0, 18.71, 0.00, 0.00
24/11/2024, 01:41:20, 21.00, 48.00, 0, 18.75, 0.00, 0.00
24/11/2024, 01:41:27, 21.00, 48.00, 0, 18.71, 0.00, 0.00
24/11/2024, 01:41:35, 21.00, 48.00, 0, 18.69, 0.00, 0.00
24/11/2024, 01:41:42, 21.00, 48.00, 0, 18.71, 0.00, 0.00
24/11/2024, 01:41:49, 21.00, 48.00, 0, 18.71, 0.00, 0.00
24/11/2024, 01:41:56, 21.00, 48.00, 0, 18.71, 0.00, 0.00
24/11/2024, 01:42:04, 21.00, 48.00, 0, 18.71, 0.00, 0.00
24/11/2024, 01:42:11, 21.00, 48.00, 0, 18.75, 0.00, 0.00
24/11/2024, 01:42:18, 21.00, 48.00, 0, 18.75, 0.00, 0.00
24/11/2024, 01:42:25, 21.00, 48.00, 0, 18.75, 0.00, 0.00
24/11/2024, 01:42:33, 21.00, 48.00, 0, 18.79, 0.00, 0.00
24/11/2024, 01:42:40, 21.00, 48.00, 0, 18.75, 0.00, 0.00
24/11/2024, 01:42:47, 21.00, 48.00, 0, 18.75, 0.00, 0.00
24/11/2024, 01:42:54, 21.00, 48.00, 0, 18.71, 0.00, 0.00
24/11/2024, 01:43:02, 21.00, 48.00, 0, 18.75, 0.00, 0.00
24/11/2024, 01:43:09, 21.00, 48.00, 0, 18.65, 0.00, 0.00
24/11/2024, 01:43:16, 21.00, 48.00, 0, 18.71, 0.00, 0.00
24/11/2024, 01:43:23, 21.00, 48.00, 0, 18.81, 0.00, 0.00
24/11/2024, 01:43:31, 21.00, 48.00, 0, 18.79, 0.00, 0.00
24/11/2024, 01:43:38, 21.00, 48.00, 0, 18.69, 0.00, 0.00
24/11/2024, 01:43:45, 21.00, 48.00, 0, 18.75, 0.00, 0.00
24/11/2024, 01:43:53, 21.00, 48.00, 0, 18.63, 0.00, 0.00
24/11/2024, 01:44:00, 21.00, 48.00, 0, 18.71, 0.00, 0.00
24/11/2024, 01:44:07, 21.00, 48.00, 0, 18.81, 0.00, 0.00
24/11/2024, 01:44:14, 21.00, 48.00, 0, 18.69, 0.00, 0.00
24/11/2024, 01:44:22, 21.00, 48.00, 0, 18.65, 0.00, 0.00
24/11/2024, 01:44:29, 21.00, 48.00, 0, 18.69, 0.00, 0.00
24/11/2024, 01:44:36, 21.00, 48.00, 0, 18.69, 0.00, 0.00
24/11/2024, 01:44:43, 21.00, 48.00, 0, 18.69, 0.00, 0.00
24/11/2024, 01:44:51, 21.00, 48.00, 0, 18.71, 0.00, 0.00
24/11/2024, 01:44:58, 21.00, 48.00, 0, 18.71, 0.00, 0.00
24/11/2024, 01:45:05, 21.00, 48.00, 0, 18.69, 0.00, 0.00
24/11/2024, 01:45:12, 21.00, 48.00, 0, 18.69, 0.00, 0.00
24/11/2024, 01:45:20, 21.00, 48.00, 0, 18.65, 0.00, 0.00
24/11/2024, 01:45:27, 21.00, 48.00, 0, 18.75, 0.00, 0.00
24/11/2024, 01:45:34, 21.00, 48.00, 0, 18.71, 0.00, 0.00
24/11/2024, 01:45:41, 21.00, 48.00, 0, 18.65, 0.00, 0.00
24/11/2024, 01:45:49, 21.00, 48.00, 0, 18.63, 0.00, 0.00
24/11/2024, 01:45:56, 21.00, 48.00, 0, 18.69, 0.00, 0.00
24/11/2024, 01:46:03, 21.00, 48.00, 0, 18.69, 0.00, 0.00
24/11/2024, 01:46:10, 21.00, 48.00, 0, 18.71, 0.00, 0.00
24/11/2024, 01:46:18, 21.00, 48.00, 0, 18.65, 0.00, 0.00
24/11/2024, 01:46:25, 21.00, 48.00, 0, 18.71, 0.00, 0.00
24/11/2024, 01:46:32, 21.00, 48.00, 0, 18.65, 0.00, 0.00
24/11/2024, 01:46:40, 21.00, 48.00, 0, 18.79, 0.00, 0.00
24/11/2024, 01:46:47, 21.00, 48.00, 0, 18.69, 0.00, 0.00
24/11/2024, 01:46:54, 21.00, 48.00, 0, 18.65, 0.00, 0.00
24/11/2024, 01:47:01, 21.00, 48.00, 0, 18.65, 0.00, 0.00
24/11/2024, 01:47:09, 21.00, 48.00, 0, 18.69, 0.00, 0.00
24/11/2024, 01:47:16, 21.00, 48.00, 0, 18.59, 0.00, 0.00
24/11/2024, 01:47:23, 21.00, 48.00, 0, 18.71, 0.00, 0.00
24/11/2024, 01:47:30, 21.00, 48.00, 0, 18.65, 0.00, 0.00
24/11/2024, 01:47:38, 21.00, 48.00, 0, 18.69, 0.00, 0.00
24/11/2024, 01:47:45, 21.00, 48.00, 0, 18.65, 0.00, 0.00
24/11/2024, 01:47:52, 21.00, 48.00, 0, 18.59, 0.00, 0.00
24/11/2024, 01:47:59, 21.00, 48.00, 0, 18.63, 0.00, 0.00
24/11/2024, 01:48:07, 21.00, 48.00, 0, 18.63, 0.00, 0.00
24/11/2024, 01:48:14, 21.00, 48.00, 0, 18.69, 0.00, 0.00
24/11/2024, 01:48:21, 21.00, 48.00, 0, 18.65, 0.00, 0.00
24/11/2024, 01:48:28, 21.00, 48.00, 0, 18.63, 0.00, 0.00
24/11/2024, 01:48:36, 21.00, 48.00, 0, 18.63, 0.00, 0.00
24/11/2024, 01:48:43, 21.00, 48.00, 0, 18.63, 0.00, 0.00
24/11/2024, 01:48:50, 21.00, 48.00, 0, 18.65, 0.00, 0.00
24/11/2024, 01:48:57, 21.00, 48.00, 0, 18.65, 0.00, 0.00
24/11/2024, 01:49:05, 21.00, 48.00, 0, 18.59, 0.00, 0.00
24/11/2024, 01:49:12, 21.00, 48.00, 0, 18.65, 0.00, 0.00
24/11/2024, 01:49:19, 21.00, 48.00, 0, 18.63, 0.00, 0.00
24/11/2024, 01:49:27, 21.00, 48.00, 0, 18.65, 0.00, 0.00
24/11/2024, 01:49:34, 21.00, 48.00, 0, 18.63, 0.00, 0.00
24/11/2024, 01:49:41, 21.00, 48.00, 0, 18.65, 0.00, 0.00
24/11/2024, 01:49:48, 21.00, 48.00, 0, 18.63, 0.00, 0.00
24/11/2024, 01:49:56, 21.00, 48.00, 0, 18.69, 0.00, 0.00
24/11/2024, 01:50:03, 21.00, 48.00, 0, 18.59, 0.00, 0.00
24/11/2024, 01:50:10, 21.00, 48.00, 0, 18.55, 0.00, 0.00
24/11/2024, 01:50:17, 21.00, 48.00, 0, 18.59, 0.00, 0.00
24/11/2024, 01:50:25, 21.00, 48.00, 0, 18.59, 0.00, 0.00
24/11/2024, 01:50:32, 21.00, 48.00, 0, 18.59, 0.00, 0.00
24/11/2024, 01:50:39, 21.00, 48.00, 0, 18.59, 0.00, 0.00
24/11/2024, 01:50:46, 21.00, 48.00, 0, 18.59, 0.00, 0.00
24/11/2024, 01:50:54, 21.00, 48.00, 0, 18.59, 0.00, 0.00
24/11/2024, 01:51:01, 21.00, 48.00, 0, 18.65, 0.00, 0.00
24/11/2024, 01:51:08, 21.00, 48.00, 0, 18.63, 0.00, 0.00
24/11/2024, 01:51:15, 21.00, 48.00, 0, 18.63, 0.00, 0.00
24/11/2024, 01:51:23, 21.00, 48.00, 0, 18.65, 0.00, 0.00
24/11/2024, 01:51:30, 21.00, 48.00, 0, 18.59, 0.00, 0.00
24/11/2024, 01:51:37, 21.00, 48.00, 0, 18.53, 0.00, 0.00
24/11/2024, 01:51:44, 21.00, 48.00, 0, 18.59, 0.00, 0.00
24/11/2024, 01:51:52, 21.00, 48.00, 0, 18.55, 0.00, 0.00
24/11/2024, 01:51:59, 21.00, 48.00, 0, 18.59, 0.00, 0.00
24/11/2024, 01:52:06, 21.00, 48.00, 0, 18.63, 0.00, 0.00
24/11/2024, 01:52:14, 21.00, 48.00, 0, 18.59, 0.00, 0.00
24/11/2024, 01:52:21, 21.00, 48.00, 0, 18.53, 0.00, 0.00
24/11/2024, 01:52:28, 21.00, 48.00, 0, 18.53, 0.00, 0.00
24/11/2024, 01:52:35, 21.00, 48.00, 0, 18.59, 0.00, 0.00
24/11/2024, 01:52:43, 21.00, 48.00, 0, 18.55, 0.00, 0.00
24/11/2024, 01:52:50, 21.00, 48.00, 0, 18.41, 0.00, 0.00
24/11/2024, 01:52:57, 21.00, 48.00, 0, 18.53, 0.00, 0.00
24/11/2024, 01:53:04, 21.00, 48.00, 0, 18.53, 0.00, 0.00
24/11/2024, 01:53:12, 21.00, 48.00, 0, 18.55, 0.00, 0.00
24/11/2024, 01:53:19, 21.00, 48.00, 0, 18.49, 0.00, 0.00
24/11/2024, 01:53:26, 21.00, 48.00, 0, 18.53, 0.00, 0.00
24/11/2024, 01:53:33, 20.80, 49.00, 0, 18.53, 0.00, 0.00
24/11/2024, 01:53:41, 20.70, 49.00, 0, 18.55, 0.00, 0.00
24/11/2024, 01:53:48, 20.70, 49.00, 0, 18.59, 0.00, 0.00
24/11/2024, 01:53:55, 20.80, 49.00, 0, 18.59, 0.00, 0.00
24/11/2024, 01:54:02, 20.80, 49.00, 0, 18.53, 0.00, 0.00
24/11/2024, 01:54:10, 20.80, 49.00, 0, 18.59, 0.00, 0.00
24/11/2024, 01:54:17, 20.70, 49.00, 0, 18.53, 0.00, 0.00
24/11/2024, 01:54:24, 20.60, 49.00, 0, 18.59, 0.00, 0.00
24/11/2024, 01:54:31, 20.60, 49.00, 0, 18.53, 0.00, 0.00
24/11/2024, 01:54:39, 20.60, 49.00, 0, 18.49, 0.00, 0.00
24/11/2024, 01:54:46, 20.60, 49.00, 0, 18.55, 0.00, 0.00
24/11/2024, 01:54:53, 20.70, 49.00, 0, 18.47, 0.00, 0.00
24/11/2024, 01:55:01, 20.70, 49.00, 0, 18.55, 0.00, 0.00
24/11/2024, 01:55:08, 20.70, 49.00, 0, 18.55, 0.00, 0.00
24/11/2024, 01:55:15, 20.60, 49.00, 0, 18.55, 0.00, 0.00
24/11/2024, 01:55:22, 20.60, 49.00, 0, 18.53, 0.00, 0.00
24/11/2024, 01:55:30, 20.60, 49.00, 0, 18.55, 0.00, 0.00
24/11/2024, 01:55:37, 20.60, 49.00, 0, 18.47, 0.00, 0.00
24/11/2024, 01:55:44, 20.60, 49.00, 0, 18.55, 0.00, 0.00
24/11/2024, 01:55:51, 20.60, 49.00, 0, 18.49, 0.00, 0.00
24/11/2024, 01:55:59, 20.60, 49.00, 0, 18.49, 0.00, 0.00
24/11/2024, 01:56:06, 20.60, 49.00, 0, 18.49, 0.00, 0.00
24/11/2024, 01:56:13, 20.60, 49.00, 0, 18.55, 0.00, 0.00
24/11/2024, 01:56:20, 20.60, 49.00, 0, 18.47, 0.00, 0.00
24/11/2024, 01:56:28, 20.60, 49.00, 0, 18.47, 0.00, 0.00
24/11/2024, 01:56:35, 20.60, 49.00, 0, 18.47, 0.00, 0.00
24/11/2024, 01:56:42, 20.60, 49.00, 0, 18.47, 0.00, 0.00
24/11/2024, 01:56:49, 20.60, 49.00, 0, 18.53, 0.00, 0.00
24/11/2024, 01:56:57, 20.60, 49.00, 0, 18.49, 0.00, 0.00
24/11/2024, 01:57:04, 20.60, 49.00, 0, 18.49, 0.00, 0.00
24/11/2024, 01:57:11, 20.60, 49.00, 0, 18.49, 0.00, 0.00
24/11/2024, 01:57:18, 20.60, 49.00, 0, 18.47, 0.00, 0.00
24/11/2024, 01:57:26, 20.60, 49.00, 0, 18.49, 0.00, 0.00
24/11/2024, 01:57:33, 20.60, 49.00, 0, 18.49, 0.00, 0.00
24/11/2024, 01:57:40, 20.60, 49.00, 0, 18.49, 0.00, 0.00
24/11/2024, 01:57:48, 20.60, 49.00, 0, 18.49, 0.00, 0.00
24/11/2024, 01:57:55, 20.60, 49.00, 0, 18.37, 0.00, 0.00
24/11/2024, 01:58:02, 20.60, 49.00, 0, 18.49, 0.00, 0.00
24/11/2024, 01:58:09, 20.60, 49.00, 0, 18.49, 0.00, 0.00
24/11/2024, 01:58:17, 20.60, 49.00, 0, 18.49, 0.00, 0.00
24/11/2024, 01:58:24, 20.60, 49.00, 0, 18.49, 0.00, 0.00
24/11/2024, 01:58:31, 20.60, 49.00, 0, 18.47, 0.00, 0.00
24/11/2024, 01:58:38, 20.60, 49.00, 0, 18.47, 0.00, 0.00
24/11/2024, 01:58:46, 20.60, 49.00, 0, 18.49, 0.00, 0.00
24/11/2024, 01:58:53, 20.60, 49.00, 0, 18.47, 0.00, 0.00
24/11/2024, 01:59:00, 20.60, 49.00, 0, 18.53, 0.00, 0.00
24/11/2024, 01:59:07, 20.60, 49.00, 0, 18.53, 0.00, 0.00
24/11/2024, 01:59:15, 20.60, 49.00, 0, 18.49, 0.00, 0.00
24/11/2024, 01:59:22, 20.60, 49.00, 0, 18.53, 0.00, 0.00
24/11/2024, 01:59:29, 20.60, 49.00, 0, 18.47, 0.00, 0.00
24/11/2024, 01:59:36, 20.60, 49.00, 0, 18.53, 0.00, 0.00
24/11/2024, 01:59:44, 20.60, 49.00, 0, 18.49, 0.00, 0.00
24/11/2024, 01:59:51, 20.60, 49.00, 0, 18.47, 0.00, 0.00
24/11/2024, 01:59:58, 20.60, 49.00, 0, 18.47, 0.00, 0.00
24/11/2024, 02:00:05, 20.60, 49.00, 0, 18.43, 0.00, 0.00
24/11/2024, 02:00:13, 20.60, 49.00, 0, 18.55, 0.00, 0.00
24/11/2024, 02:00:20, 20.60, 49.00, 0, 18.43, 0.00, 0.00
24/11/2024, 02:00:27, 20.60, 49.00, 0, 18.53, 0.00, 0.00
24/11/2024, 02:00:35, 20.60, 49.00, 0, 18.53, 0.00, 0.00
24/11/2024, 02:00:42, 20.60, 49.00, 0, 18.47, 0.00, 0.00
24/11/2024, 02:00:49, 20.60, 49.00, 0, 18.49, 0.00, 0.00
24/11/2024, 02:00:56, 20.60, 49.00, 0, 18.47, 0.00, 0.00
24/11/2024, 02:01:04, 20.60, 49.00, 0, 18.49, 0.00, 0.00
24/11/2024, 02:01:11, 20.60, 49.00, 0, 18.47, 0.00, 0.00
24/11/2024, 02:01:18, 20.60, 49.00, 0, 18.43, 0.00, 0.00
24/11/2024, 02:01:25, 20.60, 49.00, 0, 18.53, 0.00, 0.00
24/11/2024, 02:01:33, 20.60, 49.00, 0, 18.49, 0.00, 0.00
24/11/2024, 02:01:40, 20.60, 49.00, 0, 18.47, 0.00, 0.00
24/11/2024, 02:01:47, 20.60, 49.00, 0, 18.43, 0.00, 0.00
24/11/2024, 02:01:54, 20.60, 49.00, 0, 18.41, 0.00, 0.00
24/11/2024, 02:02:02, 20.60, 49.00, 0, 18.41, 0.00, 0.00
24/11/2024, 02:02:09, 20.60, 49.00, 0, 18.41, 0.00, 0.00
24/11/2024, 02:02:16, 20.60, 49.00, 0, 18.47, 0.00, 0.00
24/11/2024, 02:02:23, 20.60, 49.00, 0, 18.47, 0.00, 0.00
24/11/2024, 02:02:31, 20.60, 49.00, 0, 18.43, 0.00, 0.00
24/11/2024, 02:02:38, 20.60, 49.00, 0, 18.43, 0.00, 0.00
24/11/2024, 02:02:45, 20.60, 49.00, 0, 18.47, 0.00, 0.00
24/11/2024, 02:02:52, 20.60, 49.00, 0, 18.41, 0.00, 0.00
24/11/2024, 02:03:00, 20.60, 49.00, 0, 18.43, 0.00, 0.00
24/11/2024, 02:03:07, 20.60, 49.00, 0, 18.41, 0.00, 0.00
24/11/2024, 02:03:14, 20.60, 49.00, 0, 18.47, 0.00, 0.00
24/11/2024, 02:03:22, 20.60, 49.00, 0, 18.47, 0.00, 0.00
24/11/2024, 02:03:29, 20.60, 49.00, 0, 18.47, 0.00, 0.00
24/11/2024, 02:03:36, 20.60, 49.00, 0, 18.49, 0.00, 0.00
24/11/2024, 02:03:43, 20.60, 49.00, 0, 18.43, 0.00, 0.00
24/11/2024, 02:03:51, 20.60, 49.00, 0, 18.41, 0.00, 0.00
24/11/2024, 02:03:58, 20.60, 49.00, 0, 18.41, 0.00, 0.00
24/11/2024, 02:04:05, 20.60, 49.00, 0, 18.41, 0.00, 0.00
24/11/2024, 02:04:12, 20.60, 49.00, 0, 18.41, 0.00, 0.00
24/11/2024, 02:04:20, 20.60, 49.00, 0, 18.47, 0.00, 0.00
24/11/2024, 02:04:27, 20.60, 49.00, 0, 18.47, 0.00, 0.00
24/11/2024, 02:04:34, 20.60, 49.00, 0, 18.43, 0.00, 0.00
24/11/2024, 02:04:41, 20.60, 49.00, 0, 18.41, 0.00, 0.00
24/11/2024, 02:04:49, 20.60, 49.00, 0, 18.41, 0.00, 0.00
24/11/2024, 02:04:56, 20.60, 49.00, 0, 18.33, 0.00, 0.00
24/11/2024, 02:05:03, 20.60, 49.00, 0, 18.41, 0.00, 0.00
24/11/2024, 02:05:10, 20.60, 49.00, 0, 18.41, 0.00, 0.00
24/11/2024, 02:05:18, 20.60, 49.00, 0, 18.41, 0.00, 0.00
24/11/2024, 02:05:25, 20.60, 49.00, 0, 18.41, 0.00, 0.00
24/11/2024, 02:05:32, 20.60, 49.00, 0, 18.41, 0.00, 0.00
24/11/2024, 02:05:39, 20.60, 49.00, 0, 18.37, 0.00, 0.00
24/11/2024, 02:05:47, 20.60, 49.00, 0, 18.43, 0.00, 0.00
24/11/2024, 02:05:54, 20.60, 49.00, 0, 18.37, 0.00, 0.00
24/11/2024, 02:06:01, 20.60, 49.00, 0, 18.43, 0.00, 0.00
24/11/2024, 02:06:08, 20.60, 49.00, 0, 18.41, 0.00, 0.00
24/11/2024, 02:06:16, 20.60, 49.00, 0, 18.37, 0.00, 0.00
24/11/2024, 02:06:23, 20.60, 49.00, 0, 18.41, 0.00, 0.00
24/11/2024, 02:06:30, 20.60, 49.00, 0, 18.43, 0.00, 0.00
24/11/2024, 02:06:38, 20.60, 49.00, 0, 18.47, 0.00, 0.00
24/11/2024, 02:06:45, 20.60, 49.00, 0, 18.41, 0.00, 0.00
24/11/2024, 02:06:52, 20.60, 49.00, 0, 18.43, 0.00, 0.00
24/11/2024, 02:06:59, 20.60, 49.00, 0, 18.37, 0.00, 0.00
24/11/2024, 02:07:07, 20.60, 49.00, 0, 18.37, 0.00, 0.00
24/11/2024, 02:07:14, 20.60, 49.00, 0, 18.33, 0.00, 0.00
24/11/2024, 02:07:21, 20.60, 49.00, 0, 18.37, 0.00, 0.00
24/11/2024, 02:07:28, 20.60, 49.00, 0, 18.41, 0.00, 0.00
24/11/2024, 02:07:36, 20.60, 49.00, 0, 18.41, 0.00, 0.00
24/11/2024, 02:07:43, 20.60, 49.00, 0, 18.41, 0.00, 0.00
24/11/2024, 02:07:50, 20.60, 49.00, 0, 18.41, 0.00, 0.00
24/11/2024, 02:07:57, 20.60, 49.00, 0, 18.41, 0.00, 0.00
24/11/2024, 02:08:05, 20.60, 49.00, 0, 18.33, 0.00, 0.00
24/11/2024, 02:08:12, 20.60, 49.00, 0, 18.33, 0.00, 0.00
24/11/2024, 02:08:19, 20.60, 49.00, 0, 18.37, 0.00, 0.00
24/11/2024, 02:08:26, 20.60, 49.00, 0, 18.37, 0.00, 0.00
24/11/2024, 02:08:34, 20.60, 49.00, 0, 18.37, 0.00, 0.00
24/11/2024, 02:08:41, 20.60, 49.00, 0, 18.37, 0.00, 0.00
24/11/2024, 02:08:48, 20.60, 49.00, 0, 18.37, 0.00, 0.00
24/11/2024, 02:08:55, 20.60, 49.00, 0, 18.37, 0.00, 0.00
24/11/2024, 02:09:03, 20.60, 49.00, 0, 18.43, 0.00, 0.00
24/11/2024, 02:09:10, 20.60, 49.00, 0, 18.41, 0.00, 0.00
24/11/2024, 02:09:17, 20.60, 49.00, 0, 18.33, 0.00, 0.00
24/11/2024, 02:09:25, 20.60, 49.00, 0, 18.37, 0.00, 0.00
24/11/2024, 02:09:32, 20.60, 49.00, 0, 18.37, 0.00, 0.00
24/11/2024, 02:09:39, 20.60, 49.00, 0, 18.37, 0.00, 0.00
24/11/2024, 02:09:46, 20.60, 49.00, 0, 18.41, 0.00, 0.00
24/11/2024, 02:09:54, 20.60, 49.00, 0, 18.33, 0.00, 0.00
24/11/2024, 02:10:01, 20.60, 49.00, 0, 18.43, 0.00, 0.00
24/11/2024, 02:10:08, 20.60, 49.00, 0, 18.27, 0.00, 0.00
24/11/2024, 02:10:15, 20.60, 49.00, 0, 18.33, 0.00, 0.00
24/11/2024, 02:10:23, 20.60, 49.00, 0, 18.41, 0.00, 0.00
24/11/2024, 02:10:30, 20.60, 49.00, 0, 18.21, 0.00, 0.00
24/11/2024, 02:10:37, 20.60, 49.00, 0, 18.33, 0.00, 0.00
24/11/2024, 02:10:44, 20.60, 49.00, 0, 18.37, 0.00, 0.00
24/11/2024, 02:10:52, 20.60, 49.00, 0, 18.37, 0.00, 0.00
24/11/2024, 02:10:59, 20.60, 49.00, 0, 18.33, 0.00, 0.00
24/11/2024, 02:11:06, 20.60, 49.00, 0, 18.31, 0.00, 0.00
24/11/2024, 02:11:13, 20.60, 49.00, 0, 18.27, 0.00, 0.00
24/11/2024, 02:11:21, 20.60, 49.00, 0, 18.31, 0.00, 0.00
24/11/2024, 02:11:28, 20.60, 49.00, 0, 18.31, 0.00, 0.00
24/11/2024, 02:11:35, 20.60, 49.00, 0, 18.33, 0.00, 0.00
24/11/2024, 02:11:42, 20.60, 49.00, 0, 18.33, 0.00, 0.00
24/11/2024, 02:11:50, 20.60, 49.00, 0, 18.37, 0.00, 0.00
24/11/2024, 02:11:57, 20.60, 49.00, 0, 18.33, 0.00, 0.00
24/11/2024, 02:12:04, 20.60, 49.00, 0, 18.27, 0.00, 0.00
24/11/2024, 02:12:11, 20.60, 49.00, 0, 18.31, 0.00, 0.00
24/11/2024, 02:12:19, 20.60, 49.00, 0, 18.31, 0.00, 0.00
24/11/2024, 02:12:26, 20.60, 49.00, 0, 18.31, 0.00, 0.00
24/11/2024, 02:12:33, 20.60, 49.00, 0, 18.17, 0.00, 0.00
24/11/2024, 02:12:41, 20.60, 49.00, 0, 18.31, 0.00, 0.00
24/11/2024, 02:12:48, 20.60, 49.00, 0, 18.27, 0.00, 0.00
24/11/2024, 02:12:55, 20.60, 49.00, 0, 18.31, 0.00, 0.00
24/11/2024, 02:13:02, 20.60, 49.00, 0, 18.27, 0.00, 0.00
24/11/2024, 02:13:10, 20.60, 49.00, 0, 18.33, 0.00, 0.00
24/11/2024, 02:13:17, 20.60, 49.00, 0, 18.33, 0.00, 0.00
24/11/2024, 02:13:24, 20.60, 49.00, 0, 18.31, 0.00, 0.00
24/11/2024, 02:13:31, 20.60, 49.00, 0, 18.33, 0.00, 0.00
24/11/2024, 02:13:39, 20.60, 49.00, 0, 18.27, 0.00, 0.00
24/11/2024, 02:13:46, 20.60, 49.00, 0, 18.31, 0.00, 0.00
24/11/2024, 02:13:53, 20.60, 49.00, 0, 18.25, 0.00, 0.00
24/11/2024, 02:14:00, 20.60, 49.00, 0, 18.27, 0.00, 0.00
24/11/2024, 02:14:08, 20.60, 49.00, 0, 18.33, 0.00, 0.00
24/11/2024, 02:14:15, 20.60, 49.00, 0, 18.31, 0.00, 0.00
24/11/2024, 02:14:22, 20.60, 49.00, 0, 18.31, 0.00, 0.00
24/11/2024, 02:14:29, 20.60, 49.00, 0, 18.27, 0.00, 0.00
24/11/2024, 02:14:37, 20.60, 49.00, 0, 18.27, 0.00, 0.00
24/11/2024, 02:14:44, 20.60, 49.00, 0, 18.27, 0.00, 0.00
24/11/2024, 02:14:51, 20.60, 49.00, 0, 18.37, 0.00, 0.00
24/11/2024, 02:14:58, 20.60, 49.00, 0, 18.21, 0.00, 0.00
24/11/2024, 02:15:06, 20.60, 49.00, 0, 18.33, 0.00, 0.00
24/11/2024, 02:15:13, 20.60, 49.00, 0, 18.27, 0.00, 0.00
24/11/2024, 02:15:20, 20.60, 49.00, 0, 18.31, 0.00, 0.00
24/11/2024, 02:15:28, 20.60, 49.00, 0, 18.33, 0.00, 0.00
24/11/2024, 02:15:35, 20.60, 49.00, 0, 18.33, 0.00, 0.00
24/11/2024, 02:15:42, 20.60, 49.00, 0, 18.31, 0.00, 0.00
24/11/2024, 02:15:49, 20.60, 49.00, 0, 18.27, 0.00, 0.00
24/11/2024, 02:15:57, 20.60, 49.00, 0, 18.27, 0.00, 0.00
24/11/2024, 02:16:04, 20.60, 49.00, 0, 18.31, 0.00, 0.00
24/11/2024, 02:16:11, 20.60, 49.00, 0, 18.25, 0.00, 0.00
24/11/2024, 02:16:18, 20.60, 49.00, 0, 18.33, 0.00, 0.00
24/11/2024, 02:16:26, 20.60, 49.00, 0, 18.31, 0.00, 0.00
24/11/2024, 02:16:33, 20.60, 49.00, 0, 18.21, 0.00, 0.00
24/11/2024, 02:16:40, 20.60, 49.00, 0, 18.27, 0.00, 0.00
24/11/2024, 02:16:47, 20.60, 49.00, 0, 18.27, 0.00, 0.00
24/11/2024, 02:16:55, 20.60, 49.00, 0, 18.25, 0.00, 0.00
24/11/2024, 02:17:02, 20.60, 49.00, 0, 18.25, 0.00, 0.00
24/11/2024, 02:17:09, 20.60, 49.00, 0, 18.25, 0.00, 0.00
24/11/2024, 02:17:16, 20.60, 49.00, 0, 18.31, 0.00, 0.00
24/11/2024, 02:17:24, 20.60, 49.00, 0, 18.27, 0.00, 0.00
24/11/2024, 02:17:31, 20.60, 49.00, 0, 18.27, 0.00, 0.00
24/11/2024, 02:17:38, 20.60, 49.00, 0, 18.25, 0.00, 0.00
24/11/2024, 02:17:45, 20.60, 49.00, 0, 18.31, 0.00, 0.00
24/11/2024, 02:17:53, 20.60, 49.00, 0, 18.27, 0.00, 0.00
24/11/2024, 02:18:00, 20.60, 49.00, 0, 18.31, 0.00, 0.00
24/11/2024, 02:18:07, 20.60, 49.00, 0, 18.27, 0.00, 0.00
24/11/2024, 02:18:14, 20.60, 49.00, 0, 18.25, 0.00, 0.00
24/11/2024, 02:18:22, 20.60, 49.00, 0, 18.27, 0.00, 0.00
24/11/2024, 02:18:29, 20.60, 49.00, 0, 18.31, 0.00, 0.00
24/11/2024, 02:18:36, 20.60, 49.00, 0, 18.21, 0.00, 0.00
24/11/2024, 02:18:44, 20.60, 49.00, 0, 18.27, 0.00, 0.00
24/11/2024, 02:18:51, 20.60, 49.00, 0, 18.25, 0.00, 0.00
24/11/2024, 02:18:58, 20.60, 49.00, 0, 18.33, 0.00, 0.00
24/11/2024, 02:19:05, 20.60, 49.00, 0, 18.25, 0.00, 0.00
24/11/2024, 02:19:13, 20.60, 49.00, 0, 18.27, 0.00, 0.00
24/11/2024, 02:19:20, 20.60, 49.00, 0, 18.25, 0.00, 0.00
24/11/2024, 02:19:27, 20.60, 49.00, 0, 18.25, 0.00, 0.00
24/11/2024, 02:19:34, 20.60, 49.00, 0, 18.27, 0.00, 0.00
24/11/2024, 02:19:42, 20.60, 49.00, 0, 18.25, 0.00, 0.00
24/11/2024, 02:19:49, 20.60, 49.00, 0, 18.25, 0.00, 0.00
24/11/2024, 02:19:56, 20.60, 49.00, 0, 18.21, 0.00, 0.00
24/11/2024, 02:20:03, 20.60, 49.00, 0, 18.27, 0.00, 0.00
24/11/2024, 02:20:11, 20.60, 49.00, 0, 18.25, 0.00, 0.00
24/11/2024, 02:20:18, 20.60, 49.00, 0, 18.21, 0.00, 0.00
24/11/2024, 02:20:25, 20.60, 49.00, 0, 18.25, 0.00, 0.00
24/11/2024, 02:20:32, 20.60, 49.00, 0, 18.27, 0.00, 0.00
24/11/2024, 02:20:40, 20.60, 49.00, 0, 18.27, 0.00, 0.00
24/11/2024, 02:20:47, 20.60, 49.00, 0, 18.17, 0.00, 0.00
24/11/2024, 02:20:54, 20.60, 49.00, 0, 18.25, 0.00, 0.00
24/11/2024, 02:21:01, 20.60, 49.00, 0, 18.17, 0.00, 0.00
24/11/2024, 02:21:09, 20.60, 49.00, 0, 18.25, 0.00, 0.00
24/11/2024, 02:21:16, 20.60, 49.00, 0, 18.17, 0.00, 0.00
24/11/2024, 02:21:23, 20.60, 49.00, 0, 18.21, 0.00, 0.00
24/11/2024, 02:21:31, 20.60, 49.00, 0, 18.21, 0.00, 0.00
24/11/2024, 02:21:38, 20.60, 49.00, 0, 18.25, 0.00, 0.00
24/11/2024, 02:21:45, 20.60, 49.00, 0, 18.27, 0.00, 0.00
24/11/2024, 02:21:52, 20.60, 49.00, 0, 18.21, 0.00, 0.00
24/11/2024, 02:22:00, 20.60, 49.00, 0, 18.21, 0.00, 0.00
24/11/2024, 02:22:07, 20.40, 49.00, 0, 18.21, 0.00, 0.00
24/11/2024, 02:22:14, 20.30, 49.00, 0, 18.21, 0.00, 0.00
24/11/2024, 02:22:21, 20.20, 49.00, 0, 18.25, 0.00, 0.00
24/11/2024, 02:22:29, 20.20, 49.00, 0, 18.21, 0.00, 0.00
24/11/2024, 02:22:36, 20.30, 49.00, 0, 18.21, 0.00, 0.00
24/11/2024, 02:22:43, 20.30, 49.00, 0, 18.21, 0.00, 0.00
24/11/2024, 02:22:50, 20.30, 49.00, 0, 18.27, 0.00, 0.00
24/11/2024, 02:22:58, 20.40, 49.00, 0, 18.17, 0.00, 0.00
24/11/2024, 02:23:05, 20.50, 49.00, 0, 18.15, 0.00, 0.00
24/11/2024, 02:23:12, 20.50, 49.00, 0, 18.17, 0.00, 0.00
24/11/2024, 02:23:19, 20.40, 49.00, 0, 18.21, 0.00, 0.00
24/11/2024, 02:23:27, 20.40, 49.00, 0, 18.21, 0.00, 0.00
24/11/2024, 02:23:34, 20.40, 49.00, 0, 18.21, 0.00, 0.00
24/11/2024, 02:23:41, 20.30, 49.00, 0, 18.25, 0.00, 0.00
24/11/2024, 02:23:48, 20.20, 49.00, 0, 18.17, 0.00, 0.00
24/11/2024, 02:23:56, 20.20, 49.00, 0, 18.25, 0.00, 0.00
24/11/2024, 02:24:03, 20.20, 49.00, 0, 18.15, 0.00, 0.00
24/11/2024, 02:24:10, 20.20, 49.00, 0, 18.27, 0.00, 0.00
24/11/2024, 02:24:17, 20.40, 49.00, 0, 18.21, 0.00, 0.00
24/11/2024, 02:24:25, 20.60, 49.00, 0, 18.21, 0.00, 0.00
24/11/2024, 02:24:32, 20.60, 49.00, 0, 18.17, 0.00, 0.00
24/11/2024, 02:24:39, 20.60, 49.00, 0, 18.17, 0.00, 0.00
24/11/2024, 02:24:47, 20.60, 49.00, 0, 18.21, 0.00, 0.00
24/11/2024, 02:24:54, 20.60, 49.00, 0, 18.25, 0.00, 0.00
24/11/2024, 02:25:01, 20.60, 49.00, 0, 18.21, 0.00, 0.00
24/11/2024, 02:25:08, 20.60, 49.00, 0, 18.21, 0.00, 0.00
24/11/2024, 02:25:16, 20.50, 49.00, 0, 18.21, 0.00, 0.00
24/11/2024, 02:25:23, 20.30, 49.00, 0, 18.17, 0.00, 0.00
24/11/2024, 02:25:30, 20.20, 49.00, 0, 18.15, 0.00, 0.00
24/11/2024, 02:25:37, 20.30, 49.00, 0, 18.17, 0.00, 0.00
24/11/2024, 02:25:45, 20.30, 49.00, 0, 18.15, 0.00, 0.00
24/11/2024, 02:25:52, 20.20, 49.00, 0, 18.15, 0.00, 0.00
24/11/2024, 02:25:59, 20.20, 49.00, 0, 18.17, 0.00, 0.00
24/11/2024, 02:26:06, 20.20, 49.00, 0, 18.05, 0.00, 0.00
24/11/2024, 02:26:14, 20.20, 49.00, 0, 18.21, 0.00, 0.00
24/11/2024, 02:26:21, 20.20, 49.00, 0, 18.21, 0.00, 0.00
24/11/2024, 02:26:28, 20.20, 49.00, 0, 18.17, 0.00, 0.00
24/11/2024, 02:26:35, 20.20, 49.00, 0, 18.25, 0.00, 0.00
24/11/2024, 02:26:43, 20.20, 49.00, 0, 18.15, 0.00, 0.00
24/11/2024, 02:26:50, 20.20, 49.00, 0, 18.17, 0.00, 0.00
24/11/2024, 02:26:57, 20.20, 49.00, 0, 18.09, 0.00, 0.00
24/11/2024, 02:27:04, 20.20, 49.00, 0, 18.15, 0.00, 0.00
24/11/2024, 02:27:12, 20.20, 49.00, 0, 18.17, 0.00, 0.00
24/11/2024, 02:27:19, 20.20, 49.00, 0, 18.17, 0.00, 0.00
24/11/2024, 02:27:26, 20.20, 49.00, 0, 18.21, 0.00, 0.00
24/11/2024, 02:27:33, 20.20, 49.00, 0, 18.15, 0.00, 0.00
24/11/2024, 02:27:41, 20.20, 49.00, 0, 18.15, 0.00, 0.00
24/11/2024, 02:27:48, 20.20, 49.00, 0, 18.15, 0.00, 0.00
24/11/2024, 02:27:55, 20.20, 49.00, 0, 18.17, 0.00, 0.00
24/11/2024, 02:28:03, 20.20, 49.00, 0, 18.17, 0.00, 0.00
24/11/2024, 02:28:10, 20.20, 49.00, 0, 18.15, 0.00, 0.00
24/11/2024, 02:28:17, 20.20, 49.00, 0, 18.25, 0.00, 0.00
24/11/2024, 02:28:24, 20.20, 49.00, 0, 18.15, 0.00, 0.00
24/11/2024, 02:28:32, 20.20, 49.00, 0, 18.11, 0.00, 0.00
24/11/2024, 02:28:39, 20.20, 49.00, 0, 18.15, 0.00, 0.00
24/11/2024, 02:28:46, 20.20, 49.00, 0, 18.17, 0.00, 0.00
24/11/2024, 02:28:53, 20.20, 49.00, 0, 18.17, 0.00, 0.00
24/11/2024, 02:29:01, 20.20, 49.00, 0, 18.21, 0.00, 0.00
24/11/2024, 02:29:08, 20.20, 49.00, 0, 18.11, 0.00, 0.00
24/11/2024, 02:29:15, 20.20, 49.00, 0, 18.15, 0.00, 0.00
24/11/2024, 02:29:22, 20.20, 49.00, 0, 18.15, 0.00, 0.00
24/11/2024, 02:29:30, 20.20, 49.00, 0, 18.21, 0.00, 0.00
24/11/2024, 02:29:37, 20.20, 49.00, 0, 18.15, 0.00, 0.00
24/11/2024, 02:29:44, 20.20, 49.00, 0, 18.15, 0.00, 0.00
24/11/2024, 02:29:51, 20.20, 49.00, 0, 18.25, 0.00, 0.00
24/11/2024, 02:29:59, 20.20, 49.00, 0, 18.17, 0.00, 0.00
24/11/2024, 02:30:06, 20.20, 49.00, 0, 18.15, 0.00, 0.00
24/11/2024, 02:30:13, 20.20, 49.00, 0, 18.01, 0.00, 0.00
24/11/2024, 02:30:20, 20.20, 49.00, 0, 18.11, 0.00, 0.00
24/11/2024, 02:30:28, 20.20, 49.00, 0, 18.15, 0.00, 0.00
24/11/2024, 02:30:35, 20.20, 49.00, 0, 18.15, 0.00, 0.00
24/11/2024, 02:30:42, 20.20, 49.00, 0, 18.15, 0.00, 0.00
24/11/2024, 02:30:50, 20.20, 49.00, 0, 18.11, 0.00, 0.00
24/11/2024, 02:30:57, 20.20, 49.00, 0, 18.11, 0.00, 0.00
24/11/2024, 02:31:04, 20.20, 49.00, 0, 18.15, 0.00, 0.00
24/11/2024, 02:31:11, 20.20, 49.00, 0, 18.11, 0.00, 0.00
24/11/2024, 02:31:19, 20.20, 49.00, 0, 18.15, 0.00, 0.00
24/11/2024, 02:31:26, 20.20, 49.00, 0, 18.15, 0.00, 0.00
24/11/2024, 02:31:33, 20.20, 49.00, 0, 18.15, 0.00, 0.00
24/11/2024, 02:31:40, 20.20, 49.00, 0, 18.15, 0.00, 0.00
24/11/2024, 02:31:48, 20.20, 49.00, 0, 18.11, 0.00, 0.00
24/11/2024, 02:31:55, 20.20, 49.00, 0, 18.15, 0.00, 0.00
24/11/2024, 02:32:02, 20.20, 49.00, 0, 18.15, 0.00, 0.00
24/11/2024, 02:32:09, 20.20, 49.00, 0, 18.09, 0.00, 0.00
24/11/2024, 02:32:17, 20.20, 49.00, 0, 18.15, 0.00, 0.00
24/11/2024, 02:32:24, 20.20, 49.00, 0, 18.11, 0.00, 0.00
24/11/2024, 02:32:31, 20.20, 49.00, 0, 18.01, 0.00, 0.00
24/11/2024, 02:32:38, 20.20, 49.00, 0, 18.17, 0.00, 0.00
24/11/2024, 02:32:46, 20.20, 49.00, 0, 18.11, 0.00, 0.00
24/11/2024, 02:32:53, 20.20, 49.00, 0, 18.05, 0.00, 0.00
24/11/2024, 02:33:00, 20.20, 49.00, 0, 18.15, 0.00, 0.00
24/11/2024, 02:33:07, 20.20, 49.00, 0, 18.11, 0.00, 0.00
24/11/2024, 02:33:15, 20.20, 49.00, 0, 18.15, 0.00, 0.00
24/11/2024, 02:33:22, 20.20, 49.00, 0, 18.05, 0.00, 0.00
24/11/2024, 02:33:29, 20.20, 49.00, 0, 18.05, 0.00, 0.00
24/11/2024, 02:33:36, 20.20, 49.00, 0, 18.17, 0.00, 0.00
24/11/2024, 02:33:44, 20.20, 49.00, 0, 18.11, 0.00, 0.00
24/11/2024, 02:33:51, 20.20, 49.00, 0, 18.09, 0.00, 0.00
24/11/2024, 02:33:58, 20.20, 49.00, 0, 18.11, 0.00, 0.00
24/11/2024, 02:34:06, 20.20, 49.00, 0, 18.09, 0.00, 0.00
24/11/2024, 02:34:13, 20.20, 49.00, 0, 18.11, 0.00, 0.00
24/11/2024, 02:34:20, 20.20, 49.00, 0, 18.17, 0.00, 0.00
24/11/2024, 02:34:27, 20.20, 49.00, 0, 18.11, 0.00, 0.00
24/11/2024, 02:34:35, 20.20, 49.00, 0, 18.15, 0.00, 0.00
24/11/2024, 02:34:42, 20.20, 49.00, 0, 18.09, 0.00, 0.00
24/11/2024, 02:34:49, 20.20, 49.00, 0, 18.11, 0.00, 0.00
24/11/2024, 02:34:56, 20.20, 49.00, 0, 18.11, 0.00, 0.00
24/11/2024, 02:35:04, 20.20, 49.00, 0, 18.05, 0.00, 0.00
24/11/2024, 02:35:11, 20.20, 49.00, 0, 18.11, 0.00, 0.00
24/11/2024, 02:35:18, 20.20, 49.00, 0, 18.11, 0.00, 0.00
24/11/2024, 02:35:25, 20.20, 49.00, 0, 18.15, 0.00, 0.00
24/11/2024, 02:35:33, 20.20, 49.00, 0, 18.17, 0.00, 0.00
24/11/2024, 02:35:40, 20.20, 49.00, 0, 18.11, 0.00, 0.00
24/11/2024, 02:35:47, 20.20, 49.00, 0, 18.01, 0.00, 0.00
24/11/2024, 02:35:54, 20.20, 49.00, 0, 18.11, 0.00, 0.00
24/11/2024, 02:36:02, 20.20, 49.00, 0, 18.09, 0.00, 0.00
24/11/2024, 02:36:09, 20.20, 49.00, 0, 18.11, 0.00, 0.00
24/11/2024, 02:36:16, 20.20, 49.00, 0, 18.11, 0.00, 0.00
24/11/2024, 02:36:23, 20.20, 49.00, 0, 18.11, 0.00, 0.00
24/11/2024, 02:36:31, 20.20, 49.00, 0, 18.11, 0.00, 0.00
24/11/2024, 02:36:38, 20.20, 49.00, 0, 18.09, 0.00, 0.00
24/11/2024, 02:36:45, 20.20, 49.00, 0, 18.05, 0.00, 0.00
24/11/2024, 02:36:53, 20.20, 49.00, 0, 18.09, 0.00, 0.00
24/11/2024, 02:37:00, 20.20, 49.00, 0, 18.09, 0.00, 0.00
24/11/2024, 02:37:07, 20.20, 49.00, 0, 18.01, 0.00, 0.00
24/11/2024, 02:37:14, 20.20, 49.00, 0, 18.09, 0.00, 0.00
24/11/2024, 02:37:22, 20.20, 49.00, 0, 17.99, 0.00, 0.00
24/11/2024, 02:37:29, 20.20, 49.00, 0, 18.11, 0.00, 0.00
24/11/2024, 02:37:36, 20.20, 49.00, 0, 18.01, 0.00, 0.00
24/11/2024, 02:37:43, 20.20, 49.00, 0, 18.09, 0.00, 0.00
24/11/2024, 02:37:51, 20.20, 49.00, 0, 18.09, 0.00, 0.00
24/11/2024, 02:37:58, 20.20, 49.00, 0, 18.11, 0.00, 0.00
24/11/2024, 02:38:05, 20.20, 49.00, 0, 18.05, 0.00, 0.00
24/11/2024, 02:38:12, 20.20, 49.00, 0, 18.09, 0.00, 0.00
24/11/2024, 02:38:20, 20.20, 49.00, 0, 18.11, 0.00, 0.00
24/11/2024, 02:38:27, 20.20, 49.00, 0, 18.09, 0.00, 0.00
24/11/2024, 02:38:34, 20.20, 49.00, 0, 18.11, 0.00, 0.00
24/11/2024, 02:38:41, 20.20, 49.00, 0, 18.09, 0.00, 0.00
24/11/2024, 02:38:49, 20.20, 49.00, 0, 18.05, 0.00, 0.00
24/11/2024, 02:38:56, 20.20, 49.00, 0, 18.05, 0.00, 0.00
24/11/2024, 02:39:03, 20.20, 49.00, 0, 18.11, 0.00, 0.00
24/11/2024, 02:39:10, 20.20, 49.00, 0, 18.01, 0.00, 0.00
24/11/2024, 02:39:18, 20.20, 49.00, 0, 18.09, 0.00, 0.00
24/11/2024, 02:39:25, 20.20, 49.00, 0, 18.01, 0.00, 0.00
24/11/2024, 02:39:32, 20.20, 49.00, 0, 18.09, 0.00, 0.00
24/11/2024, 02:39:39, 20.20, 49.00, 0, 18.05, 0.00, 0.00
24/11/2024, 02:39:47, 20.20, 49.00, 0, 17.95, 0.00, 0.00
24/11/2024, 02:39:54, 20.20, 49.00, 0, 18.05, 0.00, 0.00
24/11/2024, 02:40:01, 20.20, 49.00, 0, 17.95, 0.00, 0.00
24/11/2024, 02:40:09, 20.20, 49.00, 0, 17.99, 0.00, 0.00
24/11/2024, 02:40:16, 20.20, 49.00, 0, 17.93, 0.00, 0.00
24/11/2024, 02:40:23, 20.20, 49.00, 0, 17.95, 0.00, 0.00
24/11/2024, 02:40:30, 20.20, 49.00, 0, 17.95, 0.00, 0.00
24/11/2024, 02:40:38, 20.20, 49.00, 0, 17.99, 0.00, 0.00
24/11/2024, 02:40:45, 20.20, 49.00, 0, 18.01, 0.00, 0.00
24/11/2024, 02:40:52, 20.20, 49.00, 0, 17.95, 0.00, 0.00
24/11/2024, 02:40:59, 20.20, 49.00, 0, 17.95, 0.00, 0.00
24/11/2024, 02:41:07, 20.20, 49.00, 0, 18.01, 0.00, 0.00
24/11/2024, 02:41:14, 20.20, 49.00, 0, 17.99, 0.00, 0.00
24/11/2024, 02:41:21, 20.20, 49.00, 0, 17.99, 0.00, 0.00
24/11/2024, 02:41:28, 20.20, 49.00, 0, 18.09, 0.00, 0.00
24/11/2024, 02:41:36, 20.20, 49.00, 0, 17.95, 0.00, 0.00
24/11/2024, 02:41:43, 20.20, 49.00, 0, 17.99, 0.00, 0.00
24/11/2024, 02:41:50, 20.20, 50.00, 0, 18.09, 0.00, 0.00
24/11/2024, 02:41:57, 20.20, 50.00, 0, 18.05, 0.00, 0.00
24/11/2024, 02:42:05, 20.20, 50.00, 0, 17.95, 0.00, 0.00
24/11/2024, 02:42:12, 20.20, 50.00, 0, 17.99, 0.00, 0.00
24/11/2024, 02:42:19, 20.20, 50.00, 0, 17.93, 0.00, 0.00
24/11/2024, 02:42:26, 20.20, 50.00, 0, 18.05, 0.00, 0.00
24/11/2024, 02:42:34, 20.20, 50.00, 0, 17.95, 0.00, 0.00
24/11/2024, 02:42:41, 20.20, 50.00, 0, 18.01, 0.00, 0.00
24/11/2024, 02:42:48, 20.20, 50.00, 0, 17.95, 0.00, 0.00
24/11/2024, 02:42:56, 20.20, 49.00, 0, 18.01, 0.00, 0.00
24/11/2024, 02:43:03, 20.20, 49.00, 0, 18.05, 0.00, 0.00
24/11/2024, 02:43:10, 20.20, 49.00, 0, 18.01, 0.00, 0.00
24/11/2024, 02:43:17, 20.20, 50.00, 0, 17.89, 0.00, 0.00
24/11/2024, 02:43:25, 20.20, 50.00, 0, 17.95, 0.00, 0.00
24/11/2024, 02:43:32, 20.20, 50.00, 0, 17.95, 0.00, 0.00
24/11/2024, 02:43:39, 20.20, 50.00, 0, 17.93, 0.00, 0.00
24/11/2024, 02:43:46, 20.20, 50.00, 0, 18.01, 0.00, 0.00
24/11/2024, 02:43:54, 20.20, 50.00, 0, 18.05, 0.00, 0.00
24/11/2024, 02:44:01, 20.20, 50.00, 0, 17.93, 0.00, 0.00
24/11/2024, 02:44:08, 20.20, 50.00, 0, 17.95, 0.00, 0.00
24/11/2024, 02:44:15, 20.20, 50.00, 0, 17.95, 0.00, 0.00
24/11/2024, 02:44:23, 20.20, 50.00, 0, 17.95, 0.00, 0.00
24/11/2024, 02:44:30, 20.20, 50.00, 0, 17.95, 0.00, 0.00
24/11/2024, 02:44:37, 20.20, 50.00, 0, 18.01, 0.00, 0.00
24/11/2024, 02:44:44, 20.20, 50.00, 0, 17.95, 0.00, 0.00
24/11/2024, 02:44:52, 20.20, 50.00, 0, 17.93, 0.00, 0.00
24/11/2024, 02:44:59, 20.20, 50.00, 0, 17.95, 0.00, 0.00
24/11/2024, 02:45:06, 20.20, 50.00, 0, 17.99, 0.00, 0.00
24/11/2024, 02:45:13, 20.20, 50.00, 0, 17.95, 0.00, 0.00
24/11/2024, 02:45:21, 20.20, 50.00, 0, 17.85, 0.00, 0.00
24/11/2024, 02:45:28, 20.20, 50.00, 0, 17.99, 0.00, 0.00
24/11/2024, 02:45:35, 20.20, 50.00, 0, 17.99, 0.00, 0.00
24/11/2024, 02:45:42, 20.20, 50.00, 0, 17.89, 0.00, 0.00
24/11/2024, 02:45:50, 20.20, 50.00, 0, 17.99, 0.00, 0.00
24/11/2024, 02:45:57, 20.20, 50.00, 0, 17.85, 0.00, 0.00
24/11/2024, 02:46:04, 20.20, 50.00, 0, 18.01, 0.00, 0.00
24/11/2024, 02:46:12, 20.20, 50.00, 0, 18.01, 0.00, 0.00
24/11/2024, 02:46:19, 20.20, 50.00, 0, 17.95, 0.00, 0.00
24/11/2024, 02:46:26, 20.20, 50.00, 0, 17.99, 0.00, 0.00
24/11/2024, 02:46:33, 20.20, 50.00, 0, 17.93, 0.00, 0.00
24/11/2024, 02:46:41, 20.20, 50.00, 0, 17.93, 0.00, 0.00
24/11/2024, 02:46:48, 20.20, 50.00, 0, 18.01, 0.00, 0.00
24/11/2024, 02:46:55, 20.20, 50.00, 0, 17.99, 0.00, 0.00
24/11/2024, 02:47:02, 20.20, 50.00, 0, 17.99, 0.00, 0.00
24/11/2024, 02:47:10, 20.20, 50.00, 0, 17.99, 0.00, 0.00
24/11/2024, 02:47:17, 20.20, 50.00, 0, 17.95, 0.00, 0.00
24/11/2024, 02:47:24, 20.20, 50.00, 0, 17.93, 0.00, 0.00
24/11/2024, 02:47:31, 20.20, 50.00, 0, 17.99, 0.00, 0.00
24/11/2024, 02:47:39, 20.20, 50.00, 0, 17.95, 0.00, 0.00
24/11/2024, 02:47:46, 20.20, 50.00, 0, 17.99, 0.00, 0.00
24/11/2024, 02:47:53, 20.20, 50.00, 0, 17.99, 0.00, 0.00
24/11/2024, 02:48:00, 20.20, 50.00, 0, 18.01, 0.00, 0.00
24/11/2024, 02:48:08, 20.20, 50.00, 0, 17.99, 0.00, 0.00
24/11/2024, 02:48:15, 20.20, 50.00, 0, 18.01, 0.00, 0.00
24/11/2024, 02:48:22, 20.20, 50.00, 0, 17.89, 0.00, 0.00
24/11/2024, 02:48:29, 20.20, 50.00, 0, 17.93, 0.00, 0.00
24/11/2024, 02:48:37, 20.20, 50.00, 0, 17.99, 0.00, 0.00
24/11/2024, 02:48:44, 20.20, 50.00, 0, 17.95, 0.00, 0.00
24/11/2024, 02:48:51, 20.20, 50.00, 0, 17.95, 0.00, 0.00
24/11/2024, 02:48:58, 20.20, 50.00, 0, 17.95, 0.00, 0.00
24/11/2024, 02:49:06, 20.20, 50.00, 0, 17.95, 0.00, 0.00
24/11/2024, 02:49:13, 20.20, 50.00, 0, 17.85, 0.00, 0.00
24/11/2024, 02:49:20, 20.20, 50.00, 0, 17.95, 0.00, 0.00
24/11/2024, 02:49:28, 20.20, 50.00, 0, 18.01, 0.00, 0.00
24/11/2024, 02:49:35, 20.20, 50.00, 0, 17.85, 0.00, 0.00
24/11/2024, 02:49:42, 20.20, 50.00, 0, 17.93, 0.00, 0.00
24/11/2024, 02:49:49, 20.20, 50.00, 0, 17.95, 0.00, 0.00
24/11/2024, 02:49:57, 20.20, 50.00, 0, 17.85, 0.00, 0.00
24/11/2024, 02:50:04, 20.20, 50.00, 0, 17.85, 0.00, 0.00
24/11/2024, 02:50:11, 20.20, 50.00, 0, 17.99, 0.00, 0.00
24/11/2024, 02:50:18, 20.20, 50.00, 0, 18.01, 0.00, 0.00
24/11/2024, 02:50:26, 20.20, 50.00, 0, 17.95, 0.00, 0.00
24/11/2024, 02:50:33, 20.20, 50.00, 0, 17.95, 0.00, 0.00
24/11/2024, 02:50:40, 20.20, 50.00, 0, 17.95, 0.00, 0.00
24/11/2024, 02:50:47, 20.20, 50.00, 0, 17.95, 0.00, 0.00
24/11/2024, 02:50:55, 20.20, 50.00, 0, 17.89, 0.00, 0.00
24/11/2024, 02:51:02, 20.20, 50.00, 0, 17.99, 0.00, 0.00
24/11/2024, 02:51:09, 20.20, 50.00, 0, 17.89, 0.00, 0.00
24/11/2024, 02:51:16, 20.20, 50.00, 0, 17.75, 0.00, 0.00
24/11/2024, 02:51:24, 20.20, 50.00, 0, 17.83, 0.00, 0.00
24/11/2024, 02:51:31, 20.20, 50.00, 0, 17.89, 0.00, 0.00
24/11/2024, 02:51:38, 20.20, 50.00, 0, 17.95, 0.00, 0.00
24/11/2024, 02:51:45, 20.20, 50.00, 0, 17.93, 0.00, 0.00
24/11/2024, 02:51:53, 20.20, 50.00, 0, 17.93, 0.00, 0.00
24/11/2024, 02:52:00, 20.20, 50.00, 0, 17.93, 0.00, 0.00
24/11/2024, 02:52:07, 20.20, 50.00, 0, 17.95, 0.00, 0.00
24/11/2024, 02:52:14, 20.20, 50.00, 0, 17.83, 0.00, 0.00
24/11/2024, 02:52:22, 20.20, 50.00, 0, 17.89, 0.00, 0.00
24/11/2024, 02:52:29, 20.20, 50.00, 0, 17.99, 0.00, 0.00
24/11/2024, 02:52:36, 20.20, 50.00, 0, 17.95, 0.00, 0.00
24/11/2024, 02:52:44, 20.20, 50.00, 0, 17.93, 0.00, 0.00
24/11/2024, 02:52:51, 20.20, 50.00, 0, 17.93, 0.00, 0.00
24/11/2024, 02:52:58, 20.20, 50.00, 0, 17.85, 0.00, 0.00
24/11/2024, 02:53:05, 20.20, 50.00, 0, 17.83, 0.00, 0.00
24/11/2024, 02:53:13, 20.20, 50.00, 0, 17.89, 0.00, 0.00
24/11/2024, 02:53:20, 20.20, 50.00, 0, 17.85, 0.00, 0.00
24/11/2024, 02:53:27, 20.20, 50.00, 0, 17.95, 0.00, 0.00
24/11/2024, 02:53:34, 20.20, 50.00, 0, 17.85, 0.00, 0.00
24/11/2024, 02:53:42, 20.20, 50.00, 0, 17.85, 0.00, 0.00
24/11/2024, 02:53:49, 20.20, 50.00, 0, 17.85, 0.00, 0.00
24/11/2024, 02:53:56, 20.20, 50.00, 0, 17.93, 0.00, 0.00
24/11/2024, 02:54:03, 20.20, 50.00, 0, 17.93, 0.00, 0.00
24/11/2024, 02:54:11, 20.20, 50.00, 0, 17.93, 0.00, 0.00
24/11/2024, 02:54:18, 20.20, 50.00, 0, 17.93, 0.00, 0.00
24/11/2024, 02:54:25, 20.20, 50.00, 0, 17.89, 0.00, 0.00
24/11/2024, 02:54:32, 20.20, 50.00, 0, 17.85, 0.00, 0.00
24/11/2024, 02:54:40, 20.20, 50.00, 0, 17.85, 0.00, 0.00
24/11/2024, 02:54:47, 20.20, 50.00, 0, 17.85, 0.00, 0.00
24/11/2024, 02:54:54, 20.20, 50.00, 0, 17.85, 0.00, 0.00
24/11/2024, 02:55:01, 20.20, 50.00, 0, 17.93, 0.00, 0.00
24/11/2024, 02:55:09, 20.20, 50.00, 0, 17.83, 0.00, 0.00
24/11/2024, 02:55:16, 20.20, 50.00, 0, 17.85, 0.00, 0.00
24/11/2024, 02:55:23, 20.20, 50.00, 0, 17.93, 0.00, 0.00
24/11/2024, 02:55:31, 20.20, 50.00, 0, 17.85, 0.00, 0.00
24/11/2024, 02:55:38, 20.20, 50.00, 0, 17.79, 0.00, 0.00
24/11/2024, 02:55:45, 20.20, 50.00, 0, 17.79, 0.00, 0.00
24/11/2024, 02:55:52, 20.20, 50.00, 0, 17.85, 0.00, 0.00
24/11/2024, 02:56:00, 20.20, 50.00, 0, 17.85, 0.00, 0.00
24/11/2024, 02:56:07, 20.20, 50.00, 0, 17.85, 0.00, 0.00
24/11/2024, 02:56:14, 20.20, 50.00, 0, 17.85, 0.00, 0.00
24/11/2024, 02:56:21, 20.20, 50.00, 0, 17.79, 0.00, 0.00
24/11/2024, 02:56:29, 20.20, 50.00, 0, 17.85, 0.00, 0.00
24/11/2024, 02:56:36, 20.20, 50.00, 0, 17.89, 0.00, 0.00
24/11/2024, 02:56:43, 20.20, 50.00, 0, 17.85, 0.00, 0.00
24/11/2024, 02:56:50, 20.20, 50.00, 0, 17.93, 0.00, 0.00
24/11/2024, 02:56:58, 20.20, 50.00, 0, 17.85, 0.00, 0.00
24/11/2024, 02:57:05, 20.20, 50.00, 0, 17.83, 0.00, 0.00
24/11/2024, 02:57:12, 20.20, 50.00, 0, 17.75, 0.00, 0.00
24/11/2024, 02:57:19, 20.20, 50.00, 0, 17.89, 0.00, 0.00
24/11/2024, 02:57:27, 20.20, 50.00, 0, 17.79, 0.00, 0.00
24/11/2024, 02:57:34, 20.20, 50.00, 0, 17.85, 0.00, 0.00
24/11/2024, 02:57:41, 20.20, 50.00, 0, 17.93, 0.00, 0.00
24/11/2024, 02:57:48, 20.20, 50.00, 0, 17.85, 0.00, 0.00
24/11/2024, 02:57:56, 20.20, 50.00, 0, 17.75, 0.00, 0.00
24/11/2024, 02:58:03, 20.20, 50.00, 0, 17.93, 0.00, 0.00
24/11/2024, 02:58:10, 20.20, 50.00, 0, 17.89, 0.00, 0.00
24/11/2024, 02:58:17, 20.20, 50.00, 0, 17.79, 0.00, 0.00
24/11/2024, 02:58:25, 20.20, 50.00, 0, 17.85, 0.00, 0.00
24/11/2024, 02:58:32, 20.20, 50.00, 0, 17.79, 0.00, 0.00
24/11/2024, 02:58:39, 20.20, 50.00, 0, 17.89, 0.00, 0.00
24/11/2024, 02:58:47, 20.20, 50.00, 0, 17.93, 0.00, 0.00
24/11/2024, 02:58:54, 20.20, 50.00, 0, 17.93, 0.00, 0.00
24/11/2024, 02:59:01, 20.20, 50.00, 0, 17.85, 0.00, 0.00
24/11/2024, 02:59:08, 20.20, 50.00, 0, 17.85, 0.00, 0.00
24/11/2024, 02:59:16, 20.20, 50.00, 0, 17.79, 0.00, 0.00
24/11/2024, 02:59:23, 20.20, 50.00, 0, 17.85, 0.00, 0.00
24/11/2024, 02:59:30, 20.20, 50.00, 0, 17.89, 0.00, 0.00
24/11/2024, 02:59:37, 20.20, 50.00, 0, 17.85, 0.00, 0.00
24/11/2024, 02:59:45, 20.20, 50.00, 0, 17.85, 0.00, 0.00
24/11/2024, 02:59:52, 20.20, 50.00, 0, 17.85, 0.00, 0.00
24/11/2024, 02:59:59, 20.20, 50.00, 0, 17.85, 0.00, 0.00
24/11/2024, 03:00:06, 20.20, 50.00, 0, 17.85, 0.00, 0.00
24/11/2024, 03:00:14, 20.20, 50.00, 0, 17.85, 0.00, 0.00
24/11/2024, 03:00:21, 20.20, 50.00, 0, 17.93, 0.00, 0.00
24/11/2024, 03:00:28, 20.20, 50.00, 0, 17.85, 0.00, 0.00
24/11/2024, 03:00:35, 20.20, 50.00, 0, 17.85, 0.00, 0.00
24/11/2024, 03:00:43, 20.20, 50.00, 0, 17.83, 0.00, 0.00
24/11/2024, 03:00:50, 20.20, 50.00, 0, 17.79, 0.00, 0.00
24/11/2024, 03:00:57, 20.20, 50.00, 0, 17.89, 0.00, 0.00
24/11/2024, 03:01:04, 20.20, 50.00, 0, 17.85, 0.00, 0.00
24/11/2024, 03:01:12, 20.20, 50.00, 0, 17.83, 0.00, 0.00
24/11/2024, 03:01:19, 20.20, 50.00, 0, 17.79, 0.00, 0.00
24/11/2024, 03:01:26, 20.20, 50.00, 0, 17.89, 0.00, 0.00
24/11/2024, 03:01:33, 20.20, 50.00, 0, 17.83, 0.00, 0.00
24/11/2024, 03:01:41, 20.20, 50.00, 0, 17.85, 0.00, 0.00
24/11/2024, 03:01:48, 20.20, 50.00, 0, 17.75, 0.00, 0.00
24/11/2024, 03:01:55, 20.20, 50.00, 0, 17.75, 0.00, 0.00
24/11/2024, 03:02:03, 20.20, 50.00, 0, 17.79, 0.00, 0.00
24/11/2024, 03:02:10, 20.20, 50.00, 0, 17.79, 0.00, 0.00
24/11/2024, 03:02:17, 20.20, 50.00, 0, 17.83, 0.00, 0.00
24/11/2024, 03:02:24, 20.20, 50.00, 0, 17.93, 0.00, 0.00
24/11/2024, 03:02:32, 20.20, 50.00, 0, 17.83, 0.00, 0.00
24/11/2024, 03:02:39, 20.20, 50.00, 0, 17.83, 0.00, 0.00
24/11/2024, 03:02:46, 20.20, 50.00, 0, 17.83, 0.00, 0.00
24/11/2024, 03:02:53, 20.20, 50.00, 0, 17.83, 0.00, 0.00
24/11/2024, 03:03:01, 20.20, 50.00, 0, 17.83, 0.00, 0.00
24/11/2024, 03:03:08, 20.20, 50.00, 0, 17.85, 0.00, 0.00
24/11/2024, 03:03:15, 20.20, 50.00, 0, 17.73, 0.00, 0.00
24/11/2024, 03:03:22, 20.20, 50.00, 0, 17.85, 0.00, 0.00
24/11/2024, 03:03:30, 20.20, 50.00, 0, 17.85, 0.00, 0.00
24/11/2024, 03:03:37, 20.20, 50.00, 0, 17.85, 0.00, 0.00
24/11/2024, 03:03:44, 20.20, 50.00, 0, 17.83, 0.00, 0.00
24/11/2024, 03:03:51, 20.20, 50.00, 0, 17.75, 0.00, 0.00
24/11/2024, 03:03:59, 20.20, 50.00, 0, 17.83, 0.00, 0.00
24/11/2024, 03:04:06, 20.20, 50.00, 0, 17.89, 0.00, 0.00
24/11/2024, 03:04:13, 20.20, 50.00, 0, 17.83, 0.00, 0.00
24/11/2024, 03:04:20, 20.20, 50.00, 0, 17.85, 0.00, 0.00
24/11/2024, 03:04:28, 20.20, 50.00, 0, 17.83, 0.00, 0.00
24/11/2024, 03:04:35, 20.20, 50.00, 0, 17.73, 0.00, 0.00
24/11/2024, 03:04:42, 20.20, 50.00, 0, 17.73, 0.00, 0.00
24/11/2024, 03:04:49, 20.20, 50.00, 0, 17.75, 0.00, 0.00
24/11/2024, 03:04:57, 20.20, 50.00, 0, 17.75, 0.00, 0.00
24/11/2024, 03:05:04, 20.20, 50.00, 0, 17.83, 0.00, 0.00
24/11/2024, 03:05:11, 20.20, 50.00, 0, 17.83, 0.00, 0.00
24/11/2024, 03:05:19, 20.20, 50.00, 0, 17.83, 0.00, 0.00
24/11/2024, 03:05:26, 20.20, 50.00, 0, 17.73, 0.00, 0.00
24/11/2024, 03:05:33, 20.20, 50.00, 0, 17.75, 0.00, 0.00
24/11/2024, 03:05:40, 20.20, 50.00, 0, 17.83, 0.00, 0.00
24/11/2024, 03:05:48, 20.20, 50.00, 0, 17.75, 0.00, 0.00
24/11/2024, 03:05:55, 20.20, 50.00, 0, 17.83, 0.00, 0.00
24/11/2024, 03:06:02, 20.20, 50.00, 0, 17.79, 0.00, 0.00
24/11/2024, 03:06:09, 20.20, 50.00, 0, 17.83, 0.00, 0.00
24/11/2024, 03:06:17, 20.20, 50.00, 0, 17.85, 0.00, 0.00
24/11/2024, 03:06:24, 20.20, 50.00, 0, 17.79, 0.00, 0.00
24/11/2024, 03:06:31, 20.20, 50.00, 0, 17.83, 0.00, 0.00
24/11/2024, 03:06:38, 20.20, 50.00, 0, 17.75, 0.00, 0.00
24/11/2024, 03:06:46, 20.20, 50.00, 0, 17.75, 0.00, 0.00
24/11/2024, 03:06:53, 20.20, 50.00, 0, 17.73, 0.00, 0.00
24/11/2024, 03:07:00, 20.20, 50.00, 0, 17.69, 0.00, 0.00
24/11/2024, 03:07:07, 20.20, 50.00, 0, 17.75, 0.00, 0.00
24/11/2024, 03:07:15, 20.20, 50.00, 0, 17.83, 0.00, 0.00
24/11/2024, 03:07:22, 20.20, 50.00, 0, 17.83, 0.00, 0.00
24/11/2024, 03:07:29, 20.20, 50.00, 0, 17.79, 0.00, 0.00
24/11/2024, 03:07:36, 20.20, 50.00, 0, 17.75, 0.00, 0.00
24/11/2024, 03:07:44, 20.20, 50.00, 0, 17.75, 0.00, 0.00
24/11/2024, 03:07:51, 20.20, 50.00, 0, 17.69, 0.00, 0.00
24/11/2024, 03:07:58, 20.20, 50.00, 0, 17.69, 0.00, 0.00
24/11/2024, 03:08:05, 20.20, 50.00, 0, 17.69, 0.00, 0.00
24/11/2024, 03:08:13, 20.20, 50.00, 0, 17.69, 0.00, 0.00
24/11/2024, 03:08:20, 20.20, 50.00, 0, 17.73, 0.00, 0.00
24/11/2024, 03:08:27, 20.20, 50.00, 0, 17.75, 0.00, 0.00
24/11/2024, 03:08:35, 20.20, 50.00, 0, 17.79, 0.00, 0.00
24/11/2024, 03:08:42, 20.20, 50.00, 0, 17.69, 0.00, 0.00
24/11/2024, 03:08:49, 20.20, 50.00, 0, 17.75, 0.00, 0.00
24/11/2024, 03:08:56, 20.20, 50.00, 0, 17.83, 0.00, 0.00
24/11/2024, 03:09:04, 20.20, 50.00, 0, 17.79, 0.00, 0.00
24/11/2024, 03:09:11, 20.20, 50.00, 0, 17.73, 0.00, 0.00
24/11/2024, 03:09:18, 20.20, 50.00, 0, 17.83, 0.00, 0.00
24/11/2024, 03:09:25, 20.20, 50.00, 0, 17.69, 0.00, 0.00
24/11/2024, 03:09:33, 20.20, 50.00, 0, 17.67, 0.00, 0.00
24/11/2024, 03:09:40, 20.20, 50.00, 0, 17.67, 0.00, 0.00
24/11/2024, 03:09:47, 20.20, 50.00, 0, 17.79, 0.00, 0.00
24/11/2024, 03:09:54, 20.20, 50.00, 0, 17.69, 0.00, 0.00
24/11/2024, 03:10:02, 20.20, 50.00, 0, 17.75, 0.00, 0.00
24/11/2024, 03:10:09, 20.00, 50.00, 0, 17.79, 0.00, 0.00
24/11/2024, 03:10:16, 19.90, 50.00, 0, 17.73, 0.00, 0.00
24/11/2024, 03:10:23, 20.00, 50.00, 0, 17.69, 0.00, 0.00
24/11/2024, 03:10:31, 20.20, 50.00, 0, 17.67, 0.00, 0.00
24/11/2024, 03:10:38, 20.20, 50.00, 0, 17.75, 0.00, 0.00
24/11/2024, 03:10:45, 20.20, 50.00, 0, 17.67, 0.00, 0.00
24/11/2024, 03:10:52, 20.20, 50.00, 0, 17.79, 0.00, 0.00
24/11/2024, 03:11:00, 20.20, 50.00, 0, 17.73, 0.00, 0.00
24/11/2024, 03:11:07, 20.20, 50.00, 0, 17.79, 0.00, 0.00
24/11/2024, 03:11:14, 20.20, 50.00, 0, 17.67, 0.00, 0.00
24/11/2024, 03:11:22, 20.20, 50.00, 0, 17.79, 0.00, 0.00
24/11/2024, 03:11:29, 20.20, 50.00, 0, 17.69, 0.00, 0.00
24/11/2024, 03:11:36, 20.20, 50.00, 0, 17.79, 0.00, 0.00
24/11/2024, 03:11:43, 20.20, 50.00, 0, 17.75, 0.00, 0.00
24/11/2024, 03:11:51, 20.20, 50.00, 0, 17.75, 0.00, 0.00
24/11/2024, 03:11:58, 20.20, 50.00, 0, 17.79, 0.00, 0.00
24/11/2024, 03:12:05, 20.20, 50.00, 0, 17.75, 0.00, 0.00
24/11/2024, 03:12:12, 20.20, 50.00, 0, 17.75, 0.00, 0.00
24/11/2024, 03:12:20, 20.20, 50.00, 0, 17.69, 0.00, 0.00
24/11/2024, 03:12:27, 20.20, 50.00, 0, 17.67, 0.00, 0.00
24/11/2024, 03:12:34, 20.20, 50.00, 0, 17.69, 0.00, 0.00
24/11/2024, 03:12:41, 20.20, 50.00, 0, 17.79, 0.00, 0.00
24/11/2024, 03:12:49, 20.20, 50.00, 0, 17.63, 0.00, 0.00
24/11/2024, 03:12:56, 20.20, 50.00, 0, 17.69, 0.00, 0.00
24/11/2024, 03:13:03, 20.20, 50.00, 0, 17.75, 0.00, 0.00
24/11/2024, 03:13:10, 20.20, 50.00, 0, 17.69, 0.00, 0.00
24/11/2024, 03:13:18, 20.20, 50.00, 0, 17.69, 0.00, 0.00
24/11/2024, 03:13:25, 20.20, 50.00, 0, 17.75, 0.00, 0.00
24/11/2024, 03:13:32, 20.20, 50.00, 0, 17.67, 0.00, 0.00
24/11/2024, 03:13:39, 20.20, 50.00, 0, 17.75, 0.00, 0.00
24/11/2024, 03:13:47, 20.20, 50.00, 0, 17.75, 0.00, 0.00
24/11/2024, 03:13:54, 20.20, 50.00, 0, 17.67, 0.00, 0.00
24/11/2024, 03:14:01, 20.20, 50.00, 0, 17.69, 0.00, 0.00
24/11/2024, 03:14:08, 20.20, 50.00, 0, 17.75, 0.00, 0.00
24/11/2024, 03:14:16, 20.20, 50.00, 0, 17.69, 0.00, 0.00
24/11/2024, 03:14:23, 20.20, 50.00, 0, 17.69, 0.00, 0.00
24/11/2024, 03:14:30, 20.20, 50.00, 0, 17.75, 0.00, 0.00
24/11/2024, 03:14:38, 20.20, 50.00, 0, 17.69, 0.00, 0.00
24/11/2024, 03:14:45, 20.20, 50.00, 0, 17.75, 0.00, 0.00
24/11/2024, 03:14:52, 20.20, 50.00, 0, 17.73, 0.00, 0.00
24/11/2024, 03:14:59, 20.20, 50.00, 0, 17.67, 0.00, 0.00
24/11/2024, 03:15:07, 20.20, 50.00, 0, 17.73, 0.00, 0.00
24/11/2024, 03:15:14, 20.20, 50.00, 0, 17.69, 0.00, 0.00
24/11/2024, 03:15:21, 20.20, 50.00, 0, 17.67, 0.00, 0.00
24/11/2024, 03:15:28, 20.20, 50.00, 0, 17.69, 0.00, 0.00
24/11/2024, 03:15:36, 20.20, 50.00, 0, 17.69, 0.00, 0.00
24/11/2024, 03:15:43, 20.20, 50.00, 0, 17.59, 0.00, 0.00
24/11/2024, 03:15:50, 20.20, 50.00, 0, 17.63, 0.00, 0.00
24/11/2024, 03:15:57, 20.20, 50.00, 0, 17.73, 0.00, 0.00
24/11/2024, 03:16:05, 20.20, 50.00, 0, 17.59, 0.00, 0.00
24/11/2024, 03:16:12, 20.20, 50.00, 0, 17.63, 0.00, 0.00
24/11/2024, 03:16:19, 20.20, 50.00, 0, 17.63, 0.00, 0.00
24/11/2024, 03:16:26, 20.20, 50.00, 0, 17.67, 0.00, 0.00
24/11/2024, 03:16:34, 20.20, 50.00, 0, 17.67, 0.00, 0.00
24/11/2024, 03:16:41, 20.20, 50.00, 0, 17.63, 0.00, 0.00
24/11/2024, 03:16:48, 20.10, 50.00, 0, 17.63, 0.00, 0.00
24/11/2024, 03:16:55, 20.00, 50.00, 0, 17.57, 0.00, 0.00
24/11/2024, 03:17:03, 19.90, 50.00, 0, 17.63, 0.00, 0.00
24/11/2024, 03:17:10, 19.80, 50.00, 0, 17.67, 0.00, 0.00
24/11/2024, 03:17:17, 19.90, 50.00, 0, 17.67, 0.00, 0.00
24/11/2024, 03:17:25, 20.00, 50.00, 0, 17.69, 0.00, 0.00
24/11/2024, 03:17:32, 20.00, 50.00, 0, 17.59, 0.00, 0.00
24/11/2024, 03:17:39, 19.90, 50.00, 0, 17.69, 0.00, 0.00
24/11/2024, 03:17:46, 19.80, 50.00, 0, 17.63, 0.00, 0.00
24/11/2024, 03:17:54, 19.80, 50.00, 0, 17.69, 0.00, 0.00
24/11/2024, 03:18:01, 19.80, 50.00, 0, 17.57, 0.00, 0.00
24/11/2024, 03:18:08, 19.80, 50.00, 0, 17.57, 0.00, 0.00
24/11/2024, 03:18:15, 19.80, 50.00, 0, 17.59, 0.00, 0.00
24/11/2024, 03:18:23, 19.80, 50.00, 0, 17.59, 0.00, 0.00
24/11/2024, 03:18:30, 19.80, 50.00, 0, 17.67, 0.00, 0.00
24/11/2024, 03:18:37, 19.80, 50.00, 0, 17.69, 0.00, 0.00
24/11/2024, 03:18:44, 19.80, 50.00, 0, 17.67, 0.00, 0.00
24/11/2024, 03:18:52, 19.80, 50.00, 0, 17.67, 0.00, 0.00
24/11/2024, 03:18:59, 19.80, 50.00, 0, 17.67, 0.00, 0.00
24/11/2024, 03:19:06, 19.80, 50.00, 0, 17.67, 0.00, 0.00
24/11/2024, 03:19:13, 19.80, 50.00, 0, 17.69, 0.00, 0.00
24/11/2024, 03:19:21, 19.80, 50.00, 0, 17.59, 0.00, 0.00
24/11/2024, 03:19:28, 19.80, 50.00, 0, 17.67, 0.00, 0.00
24/11/2024, 03:19:35, 19.80, 50.00, 0, 17.69, 0.00, 0.00
24/11/2024, 03:19:42, 19.80, 50.00, 0, 17.67, 0.00, 0.00
24/11/2024, 03:19:50, 19.80, 50.00, 0, 17.63, 0.00, 0.00
24/11/2024, 03:19:57, 19.80, 50.00, 0, 17.69, 0.00, 0.00
24/11/2024, 03:20:04, 19.80, 50.00, 0, 17.59, 0.00, 0.00
24/11/2024, 03:20:11, 19.80, 50.00, 0, 17.57, 0.00, 0.00
24/11/2024, 03:20:19, 19.80, 50.00, 0, 17.69, 0.00, 0.00
24/11/2024, 03:20:26, 19.80, 50.00, 0, 17.59, 0.00, 0.00
24/11/2024, 03:20:33, 19.80, 50.00, 0, 17.59, 0.00, 0.00
24/11/2024, 03:20:41, 19.80, 50.00, 0, 17.59, 0.00, 0.00
24/11/2024, 03:20:48, 19.80, 50.00, 0, 17.59, 0.00, 0.00
24/11/2024, 03:20:55, 19.80, 50.00, 0, 17.59, 0.00, 0.00
24/11/2024, 03:21:02, 19.80, 50.00, 0, 17.59, 0.00, 0.00
24/11/2024, 03:21:10, 19.80, 50.00, 0, 17.67, 0.00, 0.00
24/11/2024, 03:21:17, 19.80, 50.00, 0, 17.57, 0.00, 0.00
24/11/2024, 03:21:24, 19.80, 50.00, 0, 17.63, 0.00, 0.00
24/11/2024, 03:21:31, 19.80, 50.00, 0, 17.59, 0.00, 0.00
24/11/2024, 03:21:39, 19.80, 50.00, 0, 17.67, 0.00, 0.00
24/11/2024, 03:21:46, 19.80, 50.00, 0, 17.63, 0.00, 0.00
24/11/2024, 03:21:53, 19.80, 50.00, 0, 17.57, 0.00, 0.00
24/11/2024, 03:22:00, 19.80, 50.00, 0, 17.69, 0.00, 0.00
24/11/2024, 03:22:08, 19.80, 50.00, 0, 17.69, 0.00, 0.00
24/11/2024, 03:22:15, 19.80, 50.00, 0, 17.67, 0.00, 0.00
24/11/2024, 03:22:22, 19.80, 50.00, 0, 17.57, 0.00, 0.00
24/11/2024, 03:22:29, 19.80, 50.00, 0, 17.57, 0.00, 0.00
24/11/2024, 03:22:37, 19.80, 50.00, 0, 17.69, 0.00, 0.00
24/11/2024, 03:22:44, 19.80, 50.00, 0, 17.63, 0.00, 0.00
24/11/2024, 03:22:51, 19.80, 50.00, 0, 17.67, 0.00, 0.00
24/11/2024, 03:22:58, 19.80, 50.00, 0, 17.63, 0.00, 0.00
24/11/2024, 03:23:06, 19.80, 50.00, 0, 17.59, 0.00, 0.00
24/11/2024, 03:23:13, 19.80, 50.00, 0, 17.57, 0.00, 0.00
24/11/2024, 03:23:20, 19.80, 50.00, 0, 17.63, 0.00, 0.00
24/11/2024, 03:23:27, 19.80, 50.00, 0, 17.63, 0.00, 0.00
24/11/2024, 03:23:35, 19.80, 50.00, 0, 17.63, 0.00, 0.00
24/11/2024, 03:23:42, 19.80, 50.00, 0, 17.63, 0.00, 0.00
24/11/2024, 03:23:49, 19.80, 50.00, 0, 17.57, 0.00, 0.00
24/11/2024, 03:23:57, 19.80, 50.00, 0, 17.63, 0.00, 0.00
24/11/2024, 03:24:04, 19.80, 50.00, 0, 17.59, 0.00, 0.00
24/11/2024, 03:24:11, 19.80, 50.00, 0, 17.53, 0.00, 0.00
24/11/2024, 03:24:18, 19.80, 50.00, 0, 17.59, 0.00, 0.00
24/11/2024, 03:24:26, 19.80, 50.00, 0, 17.63, 0.00, 0.00
24/11/2024, 03:24:33, 19.80, 50.00, 0, 17.57, 0.00, 0.00
24/11/2024, 03:24:40, 19.80, 50.00, 0, 17.51, 0.00, 0.00
24/11/2024, 03:24:47, 19.80, 50.00, 0, 17.59, 0.00, 0.00
24/11/2024, 03:24:55, 19.80, 50.00, 0, 17.59, 0.00, 0.00
24/11/2024, 03:25:02, 19.80, 50.00, 0, 17.63, 0.00, 0.00
24/11/2024, 03:25:09, 19.80, 50.00, 0, 17.57, 0.00, 0.00
24/11/2024, 03:25:16, 19.80, 50.00, 0, 17.59, 0.00, 0.00
24/11/2024, 03:25:24, 19.80, 50.00, 0, 17.63, 0.00, 0.00
24/11/2024, 03:25:31, 19.80, 50.00, 0, 17.59, 0.00, 0.00
24/11/2024, 03:25:38, 19.80, 50.00, 0, 17.53, 0.00, 0.00
24/11/2024, 03:25:45, 19.80, 50.00, 0, 17.53, 0.00, 0.00
24/11/2024, 03:25:53, 19.80, 50.00, 0, 17.51, 0.00, 0.00
24/11/2024, 03:26:00, 19.80, 50.00, 0, 17.59, 0.00, 0.00
24/11/2024, 03:26:07, 19.80, 50.00, 0, 17.51, 0.00, 0.00
24/11/2024, 03:26:14, 19.80, 50.00, 0, 17.59, 0.00, 0.00
24/11/2024, 03:26:22, 19.80, 50.00, 0, 17.53, 0.00, 0.00
24/11/2024, 03:26:29, 19.80, 50.00, 0, 17.53, 0.00, 0.00
24/11/2024, 03:26:36, 19.80, 50.00, 0, 17.59, 0.00, 0.00
24/11/2024, 03:26:43, 19.80, 50.00, 0, 17.57, 0.00, 0.00
24/11/2024, 03:26:51, 19.80, 50.00, 0, 17.53, 0.00, 0.00
24/11/2024, 03:26:58, 19.80, 50.00, 0, 17.51, 0.00, 0.00
24/11/2024, 03:27:05, 19.80, 50.00, 0, 17.53, 0.00, 0.00
24/11/2024, 03:27:13, 19.80, 50.00, 0, 17.63, 0.00, 0.00
24/11/2024, 03:27:20, 19.80, 50.00, 0, 17.59, 0.00, 0.00
24/11/2024, 03:27:27, 19.80, 50.00, 0, 17.59, 0.00, 0.00
24/11/2024, 03:27:34, 19.80, 50.00, 0, 17.43, 0.00, 0.00
24/11/2024, 03:27:42, 19.80, 50.00, 0, 17.47, 0.00, 0.00
24/11/2024, 03:27:49, 19.80, 50.00, 0, 17.59, 0.00, 0.00
24/11/2024, 03:27:56, 19.80, 50.00, 0, 17.47, 0.00, 0.00
24/11/2024, 03:28:03, 19.80, 50.00, 0, 17.53, 0.00, 0.00
24/11/2024, 03:28:11, 19.80, 50.00, 0, 17.57, 0.00, 0.00
24/11/2024, 03:28:18, 19.80, 50.00, 0, 17.57, 0.00, 0.00
24/11/2024, 03:28:25, 19.80, 50.00, 0, 17.57, 0.00, 0.00
24/11/2024, 03:28:32, 19.80, 50.00, 0, 17.47, 0.00, 0.00
24/11/2024, 03:28:40, 19.80, 50.00, 0, 17.57, 0.00, 0.00
24/11/2024, 03:28:47, 19.80, 50.00, 0, 17.57, 0.00, 0.00
24/11/2024, 03:28:54, 19.80, 50.00, 0, 17.53, 0.00, 0.00
24/11/2024, 03:29:01, 19.80, 50.00, 0, 17.59, 0.00, 0.00
24/11/2024, 03:29:09, 19.80, 50.00, 0, 17.53, 0.00, 0.00
24/11/2024, 03:29:16, 19.80, 50.00, 0, 17.59, 0.00, 0.00
24/11/2024, 03:29:23, 19.80, 50.00, 0, 17.53, 0.00, 0.00
24/11/2024, 03:29:30, 19.80, 50.00, 0, 17.53, 0.00, 0.00
24/11/2024, 03:29:38, 19.80, 50.00, 0, 17.53, 0.00, 0.00
24/11/2024, 03:29:45, 19.80, 50.00, 0, 17.57, 0.00, 0.00
24/11/2024, 03:29:52, 19.80, 50.00, 0, 17.53, 0.00, 0.00
24/11/2024, 03:29:59, 19.80, 50.00, 0, 17.57, 0.00, 0.00
24/11/2024, 03:30:07, 19.80, 50.00, 0, 17.53, 0.00, 0.00
24/11/2024, 03:30:14, 19.80, 50.00, 0, 17.53, 0.00, 0.00
24/11/2024, 03:30:21, 19.80, 50.00, 0, 17.53, 0.00, 0.00
24/11/2024, 03:30:29, 19.80, 50.00, 0, 17.57, 0.00, 0.00
24/11/2024, 03:30:36, 19.80, 50.00, 0, 17.57, 0.00, 0.00
24/11/2024, 03:30:43, 19.80, 50.00, 0, 17.57, 0.00, 0.00
24/11/2024, 03:30:50, 19.80, 50.00, 0, 17.47, 0.00, 0.00
24/11/2024, 03:30:58, 19.80, 50.00, 0, 17.53, 0.00, 0.00
24/11/2024, 03:31:05, 19.80, 50.00, 0, 17.53, 0.00, 0.00
24/11/2024, 03:31:12, 19.80, 50.00, 0, 17.53, 0.00, 0.00
24/11/2024, 03:31:19, 19.80, 50.00, 0, 17.57, 0.00, 0.00
24/11/2024, 03:31:27, 19.80, 50.00, 0, 17.53, 0.00, 0.00
24/11/2024, 03:31:34, 19.80, 50.00, 0, 17.53, 0.00, 0.00
24/11/2024, 03:31:41, 19.80, 50.00, 0, 17.57, 0.00, 0.00
24/11/2024, 03:31:48, 19.80, 50.00, 0, 17.57, 0.00, 0.00
24/11/2024, 03:31:56, 19.80, 50.00, 0, 17.53, 0.00, 0.00
24/11/2024, 03:32:03, 19.80, 50.00, 0, 17.53, 0.00, 0.00
24/11/2024, 03:32:10, 19.80, 50.00, 0, 17.51, 0.00, 0.00
24/11/2024, 03:32:17, 19.80, 50.00, 0, 17.43, 0.00, 0.00
24/11/2024, 03:32:25, 19.80, 50.00, 0, 17.43, 0.00, 0.00
24/11/2024, 03:32:32, 19.80, 50.00, 0, 17.57, 0.00, 0.00
24/11/2024, 03:32:39, 19.80, 50.00, 0, 17.51, 0.00, 0.00
24/11/2024, 03:32:46, 19.80, 50.00, 0, 17.47, 0.00, 0.00
24/11/2024, 03:32:54, 19.80, 50.00, 0, 17.47, 0.00, 0.00
24/11/2024, 03:33:01, 19.80, 50.00, 0, 17.53, 0.00, 0.00
24/11/2024, 03:33:08, 19.80, 50.00, 0, 17.43, 0.00, 0.00
24/11/2024, 03:33:15, 19.80, 50.00, 0, 17.53, 0.00, 0.00
24/11/2024, 03:33:23, 19.80, 50.00, 0, 17.53, 0.00, 0.00
24/11/2024, 03:33:30, 19.80, 50.00, 0, 17.57, 0.00, 0.00
24/11/2024, 03:33:37, 19.80, 50.00, 0, 17.47, 0.00, 0.00
24/11/2024, 03:33:44, 19.80, 50.00, 0, 17.43, 0.00, 0.00
24/11/2024, 03:33:52, 19.80, 50.00, 0, 17.43, 0.00, 0.00
24/11/2024, 03:33:59, 19.80, 50.00, 0, 17.41, 0.00, 0.00
24/11/2024, 03:34:06, 19.80, 50.00, 0, 17.41, 0.00, 0.00
24/11/2024, 03:34:14, 19.80, 50.00, 0, 17.47, 0.00, 0.00
24/11/2024, 03:34:21, 19.80, 50.00, 0, 17.43, 0.00, 0.00
24/11/2024, 03:34:28, 19.80, 50.00, 0, 17.43, 0.00, 0.00
24/11/2024, 03:34:35, 19.80, 50.00, 0, 17.41, 0.00, 0.00
24/11/2024, 03:34:43, 19.80, 50.00, 0, 17.43, 0.00, 0.00
24/11/2024, 03:34:50, 19.80, 50.00, 0, 17.43, 0.00, 0.00
24/11/2024, 03:34:57, 19.80, 50.00, 0, 17.43, 0.00, 0.00
24/11/2024, 03:35:04, 19.80, 50.00, 0, 17.51, 0.00, 0.00
24/11/2024, 03:35:12, 19.80, 50.00, 0, 17.41, 0.00, 0.00
24/11/2024, 03:35:19, 19.80, 50.00, 0, 17.47, 0.00, 0.00
24/11/2024, 03:35:26, 19.80, 50.00, 0, 17.41, 0.00, 0.00
24/11/2024, 03:35:33, 19.80, 50.00, 0, 17.37, 0.00, 0.00
24/11/2024, 03:35:41, 19.80, 50.00, 0, 17.37, 0.00, 0.00
24/11/2024, 03:35:48, 19.80, 50.00, 0, 17.41, 0.00, 0.00
24/11/2024, 03:35:55, 19.80, 50.00, 0, 17.47, 0.00, 0.00
24/11/2024, 03:36:02, 19.80, 50.00, 0, 17.37, 0.00, 0.00
24/11/2024, 03:36:10, 19.80, 50.00, 0, 17.37, 0.00, 0.00
24/11/2024, 03:36:17, 19.80, 50.00, 0, 17.53, 0.00, 0.00
24/11/2024, 03:36:24, 19.80, 50.00, 0, 17.41, 0.00, 0.00
24/11/2024, 03:36:31, 19.80, 50.00, 0, 17.43, 0.00, 0.00
24/11/2024, 03:36:39, 19.80, 50.00, 0, 17.43, 0.00, 0.00
24/11/2024, 03:36:46, 19.80, 50.00, 0, 17.37, 0.00, 0.00
24/11/2024, 03:36:53, 19.80, 50.00, 0, 17.41, 0.00, 0.00
24/11/2024, 03:37:00, 19.80, 50.00, 0, 17.41, 0.00, 0.00
24/11/2024, 03:37:08, 19.80, 50.00, 0, 17.37, 0.00, 0.00
24/11/2024, 03:37:15, 19.80, 50.00, 0, 17.43, 0.00, 0.00
24/11/2024, 03:37:22, 19.80, 50.00, 0, 17.41, 0.00, 0.00
24/11/2024, 03:37:30, 19.80, 50.00, 0, 17.37, 0.00, 0.00
24/11/2024, 03:37:37, 19.80, 50.00, 0, 17.43, 0.00, 0.00
24/11/2024, 03:37:44, 19.80, 50.00, 0, 17.51, 0.00, 0.00
24/11/2024, 03:37:51, 19.80, 50.00, 0, 17.47, 0.00, 0.00
24/11/2024, 03:37:59, 19.80, 50.00, 0, 17.33, 0.00, 0.00
24/11/2024, 03:38:06, 19.80, 50.00, 0, 17.43, 0.00, 0.00
24/11/2024, 03:38:13, 19.80, 50.00, 0, 17.43, 0.00, 0.00
24/11/2024, 03:38:20, 19.80, 50.00, 0, 17.33, 0.00, 0.00
24/11/2024, 03:38:28, 19.80, 50.00, 0, 17.37, 0.00, 0.00
24/11/2024, 03:38:35, 19.80, 50.00, 0, 17.43, 0.00, 0.00
24/11/2024, 03:38:42, 19.80, 50.00, 0, 17.47, 0.00, 0.00
24/11/2024, 03:38:49, 19.80, 50.00, 0, 17.43, 0.00, 0.00
24/11/2024, 03:38:57, 19.80, 50.00, 0, 17.33, 0.00, 0.00
24/11/2024, 03:39:04, 19.80, 50.00, 0, 17.37, 0.00, 0.00
24/11/2024, 03:39:11, 19.80, 50.00, 0, 17.37, 0.00, 0.00
24/11/2024, 03:39:18, 19.80, 50.00, 0, 17.43, 0.00, 0.00
24/11/2024, 03:39:26, 19.80, 50.00, 0, 17.43, 0.00, 0.00
24/11/2024, 03:39:33, 19.80, 50.00, 0, 17.47, 0.00, 0.00
24/11/2024, 03:39:40, 19.80, 50.00, 0, 17.37, 0.00, 0.00
24/11/2024, 03:39:47, 19.80, 50.00, 0, 17.51, 0.00, 0.00
24/11/2024, 03:39:55, 19.80, 50.00, 0, 17.43, 0.00, 0.00
24/11/2024, 03:40:02, 19.80, 50.00, 0, 17.37, 0.00, 0.00
24/11/2024, 03:40:09, 19.80, 50.00, 0, 17.37, 0.00, 0.00
24/11/2024, 03:40:16, 19.80, 50.00, 0, 17.37, 0.00, 0.00
24/11/2024, 03:40:24, 19.80, 50.00, 0, 17.43, 0.00, 0.00
24/11/2024, 03:40:31, 19.80, 50.00, 0, 17.43, 0.00, 0.00
24/11/2024, 03:40:38, 19.80, 50.00, 0, 17.47, 0.00, 0.00
24/11/2024, 03:40:46, 19.80, 50.00, 0, 17.37, 0.00, 0.00
24/11/2024, 03:40:53, 19.80, 50.00, 0, 17.37, 0.00, 0.00
24/11/2024, 03:41:00, 19.80, 50.00, 0, 17.43, 0.00, 0.00
24/11/2024, 03:41:07, 19.80, 50.00, 0, 17.51, 0.00, 0.00
24/11/2024, 03:41:15, 19.80, 50.00, 0, 17.47, 0.00, 0.00
24/11/2024, 03:41:22, 19.80, 50.00, 0, 17.47, 0.00, 0.00
24/11/2024, 03:41:29, 19.80, 50.00, 0, 17.37, 0.00, 0.00
24/11/2024, 03:41:36, 19.80, 50.00, 0, 17.33, 0.00, 0.00
24/11/2024, 03:41:44, 19.80, 50.00, 0, 17.31, 0.00, 0.00
24/11/2024, 03:41:51, 19.80, 50.00, 0, 17.41, 0.00, 0.00
24/11/2024, 03:41:58, 19.80, 50.00, 0, 17.41, 0.00, 0.00
24/11/2024, 03:42:05, 19.80, 50.00, 0, 17.31, 0.00, 0.00
24/11/2024, 03:42:13, 19.80, 50.00, 0, 17.31, 0.00, 0.00
24/11/2024, 03:42:20, 19.80, 50.00, 0, 17.37, 0.00, 0.00
24/11/2024, 03:42:27, 19.80, 50.00, 0, 17.31, 0.00, 0.00
24/11/2024, 03:42:34, 19.80, 50.00, 0, 17.31, 0.00, 0.00
24/11/2024, 03:42:42, 19.80, 50.00, 0, 17.37, 0.00, 0.00
24/11/2024, 03:42:49, 19.80, 50.00, 0, 17.33, 0.00, 0.00
24/11/2024, 03:42:56, 19.80, 50.00, 0, 17.37, 0.00, 0.00
24/11/2024, 03:43:03, 19.80, 50.00, 0, 17.27, 0.00, 0.00
24/11/2024, 03:43:11, 19.80, 50.00, 0, 17.43, 0.00, 0.00
24/11/2024, 03:43:18, 19.80, 50.00, 0, 17.33, 0.00, 0.00
24/11/2024, 03:43:25, 19.80, 50.00, 0, 17.37, 0.00, 0.00
24/11/2024, 03:43:32, 19.80, 50.00, 0, 17.43, 0.00, 0.00
24/11/2024, 03:43:40, 19.80, 50.00, 0, 17.41, 0.00, 0.00
24/11/2024, 03:43:47, 19.80, 50.00, 0, 17.31, 0.00, 0.00
24/11/2024, 03:43:54, 19.80, 50.00, 0, 17.31, 0.00, 0.00
24/11/2024, 03:44:01, 19.80, 50.00, 0, 17.31, 0.00, 0.00
24/11/2024, 03:44:09, 19.80, 50.00, 0, 17.37, 0.00, 0.00
24/11/2024, 03:44:16, 19.80, 50.00, 0, 17.31, 0.00, 0.00
24/11/2024, 03:44:23, 19.80, 50.00, 0, 17.31, 0.00, 0.00
24/11/2024, 03:44:31, 19.80, 50.00, 0, 17.31, 0.00, 0.00
24/11/2024, 03:44:38, 19.80, 50.00, 0, 17.37, 0.00, 0.00
24/11/2024, 03:44:45, 19.80, 50.00, 0, 17.27, 0.00, 0.00
24/11/2024, 03:44:52, 19.80, 50.00, 0, 17.37, 0.00, 0.00
24/11/2024, 03:45:00, 19.80, 50.00, 0, 17.37, 0.00, 0.00
24/11/2024, 03:45:07, 19.80, 50.00, 0, 17.41, 0.00, 0.00
24/11/2024, 03:45:14, 19.80, 50.00, 0, 17.41, 0.00, 0.00
24/11/2024, 03:45:21, 19.80, 50.00, 0, 17.37, 0.00, 0.00
24/11/2024, 03:45:29, 19.80, 50.00, 0, 17.31, 0.00, 0.00
24/11/2024, 03:45:36, 19.80, 50.00, 0, 17.41, 0.00, 0.00
24/11/2024, 03:45:43, 19.80, 50.00, 0, 17.27, 0.00, 0.00
24/11/2024, 03:45:50, 19.80, 50.00, 0, 17.31, 0.00, 0.00
24/11/2024, 03:45:58, 19.80, 50.00, 0, 17.27, 0.00, 0.00
24/11/2024, 03:46:05, 19.80, 50.00, 0, 17.21, 0.00, 0.00
24/11/2024, 03:46:12, 19.80, 50.00, 0, 17.27, 0.00, 0.00
24/11/2024, 03:46:19, 19.80, 50.00, 0, 17.37, 0.00, 0.00
24/11/2024, 03:46:27, 19.80, 50.00, 0, 17.31, 0.00, 0.00
24/11/2024, 03:46:34, 19.80, 50.00, 0, 17.31, 0.00, 0.00
24/11/2024, 03:46:41, 19.80, 50.00, 0, 17.33, 0.00, 0.00
24/11/2024, 03:46:48, 19.80, 50.00, 0, 17.27, 0.00, 0.00
24/11/2024, 03:46:56, 19.80, 50.00, 0, 17.27, 0.00, 0.00
24/11/2024, 03:47:03, 19.80, 50.00, 0, 17.31, 0.00, 0.00
24/11/2024, 03:47:10, 19.80, 50.00, 0, 17.27, 0.00, 0.00
24/11/2024, 03:47:17, 19.80, 50.00, 0, 17.33, 0.00, 0.00
24/11/2024, 03:47:25, 19.80, 50.00, 0, 17.31, 0.00, 0.00
24/11/2024, 03:47:32, 19.80, 50.00, 0, 17.31, 0.00, 0.00
24/11/2024, 03:47:39, 19.80, 50.00, 0, 17.25, 0.00, 0.00
24/11/2024, 03:47:47, 19.80, 50.00, 0, 17.27, 0.00, 0.00
24/11/2024, 03:47:54, 19.80, 50.00, 0, 17.25, 0.00, 0.00
24/11/2024, 03:48:01, 19.80, 50.00, 0, 17.27, 0.00, 0.00
24/11/2024, 03:48:08, 19.80, 50.00, 0, 17.25, 0.00, 0.00
24/11/2024, 03:48:16, 19.80, 50.00, 0, 17.27, 0.00, 0.00
24/11/2024, 03:48:23, 19.80, 50.00, 0, 17.25, 0.00, 0.00
24/11/2024, 03:48:30, 19.80, 50.00, 0, 17.25, 0.00, 0.00
24/11/2024, 03:48:37, 19.80, 50.00, 0, 17.21, 0.00, 0.00
24/11/2024, 03:48:45, 19.80, 50.00, 0, 17.25, 0.00, 0.00
24/11/2024, 03:48:52, 19.80, 50.00, 0, 17.25, 0.00, 0.00
24/11/2024, 03:48:59, 19.80, 50.00, 0, 17.27, 0.00, 0.00
24/11/2024, 03:49:06, 19.80, 50.00, 0, 17.17, 0.00, 0.00
24/11/2024, 03:49:14, 19.80, 50.00, 0, 17.27, 0.00, 0.00
24/11/2024, 03:49:21, 19.80, 50.00, 0, 17.31, 0.00, 0.00
24/11/2024, 03:49:28, 19.80, 50.00, 0, 17.21, 0.00, 0.00
24/11/2024, 03:49:35, 19.80, 50.00, 0, 17.25, 0.00, 0.00
24/11/2024, 03:49:43, 19.80, 50.00, 0, 17.33, 0.00, 0.00
24/11/2024, 03:49:50, 19.80, 50.00, 0, 17.31, 0.00, 0.00
24/11/2024, 03:49:57, 19.80, 50.00, 0, 17.21, 0.00, 0.00
24/11/2024, 03:50:04, 19.80, 50.00, 0, 17.27, 0.00, 0.00
24/11/2024, 03:50:12, 19.80, 50.00, 0, 17.31, 0.00, 0.00
24/11/2024, 03:50:19, 19.80, 50.00, 0, 17.33, 0.00, 0.00
24/11/2024, 03:50:26, 19.80, 50.00, 0, 17.25, 0.00, 0.00
24/11/2024, 03:50:33, 19.80, 50.00, 0, 17.25, 0.00, 0.00
24/11/2024, 03:50:41, 19.80, 50.00, 0, 17.27, 0.00, 0.00
24/11/2024, 03:50:48, 19.80, 50.00, 0, 17.31, 0.00, 0.00
24/11/2024, 03:50:55, 19.80, 50.00, 0, 17.31, 0.00, 0.00
24/11/2024, 03:51:02, 19.80, 50.00, 0, 17.33, 0.00, 0.00
24/11/2024, 03:51:10, 19.80, 50.00, 0, 17.25, 0.00, 0.00
24/11/2024, 03:51:17, 19.80, 50.00, 0, 17.33, 0.00, 0.00
24/11/2024, 03:51:24, 19.80, 50.00, 0, 17.31, 0.00, 0.00
24/11/2024, 03:51:32, 19.80, 50.00, 0, 17.27, 0.00, 0.00
24/11/2024, 03:51:39, 19.80, 50.00, 0, 17.27, 0.00, 0.00
24/11/2024, 03:51:46, 19.80, 50.00, 0, 17.25, 0.00, 0.00
24/11/2024, 03:51:53, 19.80, 50.00, 0, 17.27, 0.00, 0.00
24/11/2024, 03:52:01, 19.80, 50.00, 0, 17.31, 0.00, 0.00
24/11/2024, 03:52:08, 19.80, 50.00, 0, 17.21, 0.00, 0.00
24/11/2024, 03:52:15, 19.80, 50.00, 0, 17.31, 0.00, 0.00
24/11/2024, 03:52:22, 19.80, 50.00, 0, 17.31, 0.00, 0.00
24/11/2024, 03:52:30, 19.80, 50.00, 0, 17.27, 0.00, 0.00
24/11/2024, 03:52:37, 19.80, 50.00, 0, 17.15, 0.00, 0.00
24/11/2024, 03:52:44, 19.80, 50.00, 0, 17.25, 0.00, 0.00
24/11/2024, 03:52:51, 19.80, 50.00, 0, 17.27, 0.00, 0.00
24/11/2024, 03:52:59, 19.80, 50.00, 0, 17.31, 0.00, 0.00
24/11/2024, 03:53:06, 19.80, 50.00, 0, 17.27, 0.00, 0.00
24/11/2024, 03:53:13, 19.80, 50.00, 0, 17.31, 0.00, 0.00
24/11/2024, 03:53:20, 19.80, 50.00, 0, 17.33, 0.00, 0.00
24/11/2024, 03:53:28, 19.80, 50.00, 0, 17.25, 0.00, 0.00
24/11/2024, 03:53:35, 19.80, 50.00, 0, 17.31, 0.00, 0.00
24/11/2024, 03:53:42, 19.80, 50.00, 0, 17.31, 0.00, 0.00
24/11/2024, 03:53:49, 19.80, 50.00, 0, 17.17, 0.00, 0.00
24/11/2024, 03:53:57, 19.80, 50.00, 0, 17.33, 0.00, 0.00
24/11/2024, 03:54:04, 19.80, 50.00, 0, 17.25, 0.00, 0.00
24/11/2024, 03:54:11, 19.80, 50.00, 0, 17.27, 0.00, 0.00
24/11/2024, 03:54:18, 19.80, 50.00, 0, 17.27, 0.00, 0.00
24/11/2024, 03:54:26, 19.80, 50.00, 0, 17.17, 0.00, 0.00
24/11/2024, 03:54:33, 19.80, 50.00, 0, 17.25, 0.00, 0.00
24/11/2024, 03:54:40, 19.80, 50.00, 0, 17.27, 0.00, 0.00
24/11/2024, 03:54:47, 19.80, 50.00, 0, 17.17, 0.00, 0.00
24/11/2024, 03:54:55, 19.80, 50.00, 0, 17.17, 0.00, 0.00
24/11/2024, 03:55:02, 19.80, 50.00, 0, 17.27, 0.00, 0.00
24/11/2024, 03:55:09, 19.80, 50.00, 0, 17.27, 0.00, 0.00
24/11/2024, 03:55:17, 19.80, 50.00, 0, 17.25, 0.00, 0.00
24/11/2024, 03:55:24, 19.80, 50.00, 0, 17.15, 0.00, 0.00
24/11/2024, 03:55:31, 19.80, 50.00, 0, 17.27, 0.00, 0.00
24/11/2024, 03:55:38, 19.80, 50.00, 0, 17.25, 0.00, 0.00
24/11/2024, 03:55:46, 19.80, 50.00, 0, 17.27, 0.00, 0.00
24/11/2024, 03:55:53, 19.80, 50.00, 0, 17.27, 0.00, 0.00
24/11/2024, 03:56:00, 19.80, 50.00, 0, 17.27, 0.00, 0.00
24/11/2024, 03:56:07, 19.80, 50.00, 0, 17.25, 0.00, 0.00
24/11/2024, 03:56:15, 19.80, 50.00, 0, 17.27, 0.00, 0.00
24/11/2024, 03:56:22, 19.80, 50.00, 0, 17.25, 0.00, 0.00
24/11/2024, 03:56:29, 19.80, 50.00, 0, 17.15, 0.00, 0.00
24/11/2024, 03:56:36, 19.80, 50.00, 0, 17.17, 0.00, 0.00
24/11/2024, 03:56:44, 19.80, 50.00, 0, 17.25, 0.00, 0.00
24/11/2024, 03:56:51, 19.80, 50.00, 0, 17.25, 0.00, 0.00
24/11/2024, 03:56:58, 19.80, 50.00, 0, 17.27, 0.00, 0.00
24/11/2024, 03:57:05, 19.80, 50.00, 0, 17.27, 0.00, 0.00
24/11/2024, 03:57:13, 19.80, 50.00, 0, 17.17, 0.00, 0.00
24/11/2024, 03:57:20, 19.80, 50.00, 0, 17.25, 0.00, 0.00
24/11/2024, 03:57:27, 19.80, 50.00, 0, 17.25, 0.00, 0.00
24/11/2024, 03:57:34, 19.80, 50.00, 0, 17.25, 0.00, 0.00
24/11/2024, 03:57:42, 19.80, 50.00, 0, 17.15, 0.00, 0.00
24/11/2024, 03:57:49, 19.60, 50.00, 0, 17.25, 0.00, 0.00
24/11/2024, 03:57:56, 19.40, 50.00, 0, 17.31, 0.00, 0.00
24/11/2024, 03:58:03, 19.40, 50.00, 0, 17.27, 0.00, 0.00
24/11/2024, 03:58:11, 19.40, 50.00, 0, 17.25, 0.00, 0.00
24/11/2024, 03:58:18, 19.40, 50.00, 0, 17.15, 0.00, 0.00
24/11/2024, 03:58:25, 19.40, 50.00, 0, 17.21, 0.00, 0.00
24/11/2024, 03:58:33, 19.40, 50.00, 0, 17.27, 0.00, 0.00
24/11/2024, 03:58:40, 19.40, 50.00, 0, 17.15, 0.00, 0.00
24/11/2024, 03:58:47, 19.40, 50.00, 0, 17.27, 0.00, 0.00
24/11/2024, 03:58:54, 19.40, 50.00, 0, 17.17, 0.00, 0.00
24/11/2024, 03:59:02, 19.40, 50.00, 0, 17.21, 0.00, 0.00
24/11/2024, 03:59:09, 19.40, 50.00, 0, 17.11, 0.00, 0.00
24/11/2024, 03:59:16, 19.40, 50.00, 0, 17.21, 0.00, 0.00
24/11/2024, 03:59:23, 19.40, 50.00, 0, 17.25, 0.00, 0.00
24/11/2024, 03:59:31, 19.40, 50.00, 0, 17.21, 0.00, 0.00
24/11/2024, 03:59:38, 19.40, 50.00, 0, 17.25, 0.00, 0.00
24/11/2024, 03:59:45, 19.40, 50.00, 0, 17.17, 0.00, 0.00
24/11/2024, 03:59:52, 19.40, 50.00, 0, 17.17, 0.00, 0.00
24/11/2024, 04:00:00, 19.40, 50.00, 0, 17.21, 0.00, 0.00
24/11/2024, 04:00:07, 19.40, 50.00, 0, 17.17, 0.00, 0.00
24/11/2024, 04:00:14, 19.40, 50.00, 0, 17.21, 0.00, 0.00
24/11/2024, 04:00:21, 19.40, 50.00, 0, 17.25, 0.00, 0.00
24/11/2024, 04:00:29, 19.50, 50.00, 0, 17.21, 0.00, 0.00
24/11/2024, 04:00:36, 19.70, 50.00, 0, 17.17, 0.00, 0.00
24/11/2024, 04:00:43, 19.70, 50.00, 0, 17.11, 0.00, 0.00
24/11/2024, 04:00:50, 19.60, 50.00, 0, 17.11, 0.00, 0.00
24/11/2024, 04:00:58, 19.40, 50.00, 0, 17.31, 0.00, 0.00
24/11/2024, 04:01:05, 19.40, 50.00, 0, 17.21, 0.00, 0.00
24/11/2024, 04:01:12, 19.40, 50.00, 0, 17.21, 0.00, 0.00
24/11/2024, 04:01:19, 19.40, 50.00, 0, 17.17, 0.00, 0.00
24/11/2024, 04:01:27, 19.40, 50.00, 0, 17.21, 0.00, 0.00
24/11/2024, 04:01:34, 19.40, 50.00, 0, 17.17, 0.00, 0.00
24/11/2024, 04:01:41, 19.40, 50.00, 0, 17.25, 0.00, 0.00
24/11/2024, 04:01:48, 19.50, 50.00, 0, 17.17, 0.00, 0.00
24/11/2024, 04:01:56, 19.60, 50.00, 0, 17.21, 0.00, 0.00
24/11/2024, 04:02:03, 19.80, 50.00, 0, 17.25, 0.00, 0.00
24/11/2024, 04:02:10, 19.80, 50.00, 0, 17.21, 0.00, 0.00
24/11/2024, 04:02:18, 19.80, 50.00, 0, 17.21, 0.00, 0.00
24/11/2024, 04:02:25, 19.50, 50.00, 0, 17.15, 0.00, 0.00
24/11/2024, 04:02:32, 19.40, 50.00, 0, 17.17, 0.00, 0.00
24/11/2024, 04:02:39, 19.40, 50.00, 0, 17.25, 0.00, 0.00
24/11/2024, 04:02:47, 19.40, 50.00, 0, 17.17, 0.00, 0.00
24/11/2024, 04:02:54, 19.40, 50.00, 0, 17.11, 0.00, 0.00
24/11/2024, 04:03:01, 19.40, 50.00, 0, 17.21, 0.00, 0.00
24/11/2024, 04:03:08, 19.40, 50.00, 0, 17.17, 0.00, 0.00
24/11/2024, 04:03:16, 19.40, 50.00, 0, 17.11, 0.00, 0.00
24/11/2024, 04:03:23, 19.40, 50.00, 0, 17.17, 0.00, 0.00
24/11/2024, 04:03:30, 19.40, 50.00, 0, 17.17, 0.00, 0.00
24/11/2024, 04:03:37, 19.50, 50.00, 0, 17.15, 0.00, 0.00
24/11/2024, 04:03:45, 19.50, 50.00, 0, 17.17, 0.00, 0.00
24/11/2024, 04:03:52, 19.50, 50.00, 0, 17.17, 0.00, 0.00
24/11/2024, 04:03:59, 19.40, 50.00, 0, 17.17, 0.00, 0.00
24/11/2024, 04:04:06, 19.40, 50.00, 0, 17.09, 0.00, 0.00
24/11/2024, 04:04:14, 19.40, 50.00, 0, 17.17, 0.00, 0.00
24/11/2024, 04:04:21, 19.40, 50.00, 0, 17.09, 0.00, 0.00
24/11/2024, 04:04:28, 19.40, 50.00, 0, 17.21, 0.00, 0.00
24/11/2024, 04:04:35, 19.40, 50.00, 0, 17.11, 0.00, 0.00
24/11/2024, 04:04:43, 19.40, 50.00, 0, 17.11, 0.00, 0.00
24/11/2024, 04:04:50, 19.40, 50.00, 0, 17.11, 0.00, 0.00
24/11/2024, 04:04:57, 19.40, 50.00, 0, 17.11, 0.00, 0.00
24/11/2024, 04:05:04, 19.40, 50.00, 0, 17.17, 0.00, 0.00
24/11/2024, 04:05:12, 19.40, 50.00, 0, 17.05, 0.00, 0.00
24/11/2024, 04:05:19, 19.40, 50.00, 0, 17.15, 0.00, 0.00
24/11/2024, 04:05:26, 19.40, 50.00, 0, 17.09, 0.00, 0.00
24/11/2024, 04:05:33, 19.40, 50.00, 0, 17.17, 0.00, 0.00
24/11/2024, 04:05:41, 19.40, 50.00, 0, 17.11, 0.00, 0.00
24/11/2024, 04:05:48, 19.40, 50.00, 0, 17.11, 0.00, 0.00
24/11/2024, 04:05:55, 19.40, 50.00, 0, 17.05, 0.00, 0.00
24/11/2024, 04:06:03, 19.40, 50.00, 0, 17.05, 0.00, 0.00
24/11/2024, 04:06:10, 19.40, 50.00, 0, 17.17, 0.00, 0.00
24/11/2024, 04:06:17, 19.40, 50.00, 0, 17.17, 0.00, 0.00
24/11/2024, 04:06:24, 19.40, 50.00, 0, 17.11, 0.00, 0.00
24/11/2024, 04:06:32, 19.40, 50.00, 0, 17.15, 0.00, 0.00
24/11/2024, 04:06:39, 19.40, 50.00, 0, 17.11, 0.00, 0.00
24/11/2024, 04:06:46, 19.40, 50.00, 0, 17.21, 0.00, 0.00
24/11/2024, 04:06:53, 19.40, 50.00, 0, 17.15, 0.00, 0.00
24/11/2024, 04:07:01, 19.40, 50.00, 0, 17.15, 0.00, 0.00
24/11/2024, 04:07:08, 19.40, 50.00, 0, 17.05, 0.00, 0.00
24/11/2024, 04:07:15, 19.40, 50.00, 0, 17.17, 0.00, 0.00
24/11/2024, 04:07:22, 19.40, 50.00, 0, 17.15, 0.00, 0.00
24/11/2024, 04:07:30, 19.40, 50.00, 0, 17.11, 0.00, 0.00
24/11/2024, 04:07:37, 19.40, 50.00, 0, 17.15, 0.00, 0.00
24/11/2024, 04:07:44, 19.40, 50.00, 0, 17.09, 0.00, 0.00
24/11/2024, 04:07:51, 19.40, 50.00, 0, 17.09, 0.00, 0.00
24/11/2024, 04:07:59, 19.40, 50.00, 0, 17.17, 0.00, 0.00
24/11/2024, 04:08:06, 19.40, 50.00, 0, 17.11, 0.00, 0.00
24/11/2024, 04:08:13, 19.40, 50.00, 0, 17.17, 0.00, 0.00
24/11/2024, 04:08:20, 19.40, 50.00, 0, 17.15, 0.00, 0.00
24/11/2024, 04:08:28, 19.40, 50.00, 0, 17.11, 0.00, 0.00
24/11/2024, 04:08:35, 19.40, 50.00, 0, 17.09, 0.00, 0.00
24/11/2024, 04:08:42, 19.40, 50.00, 0, 17.09, 0.00, 0.00
24/11/2024, 04:08:49, 19.40, 50.00, 0, 17.11, 0.00, 0.00
24/11/2024, 04:08:57, 19.40, 50.00, 0, 17.11, 0.00, 0.00
24/11/2024, 04:09:04, 19.40, 50.00, 0, 17.11, 0.00, 0.00
24/11/2024, 04:09:11, 19.40, 50.00, 0, 17.17, 0.00, 0.00
24/11/2024, 04:09:19, 19.40, 50.00, 0, 17.11, 0.00, 0.00
24/11/2024, 04:09:26, 19.40, 50.00, 0, 17.11, 0.00, 0.00
24/11/2024, 04:09:33, 19.40, 50.00, 0, 17.09, 0.00, 0.00
24/11/2024, 04:09:40, 19.40, 50.00, 0, 17.17, 0.00, 0.00
24/11/2024, 04:09:48, 19.40, 50.00, 0, 17.11, 0.00, 0.00
24/11/2024, 04:09:55, 19.40, 50.00, 0, 17.09, 0.00, 0.00
24/11/2024, 04:10:02, 19.40, 50.00, 0, 17.15, 0.00, 0.00
24/11/2024, 04:10:09, 19.40, 50.00, 0, 17.09, 0.00, 0.00
24/11/2024, 04:10:17, 19.40, 50.00, 0, 17.11, 0.00, 0.00
24/11/2024, 04:10:24, 19.40, 50.00, 0, 17.11, 0.00, 0.00
24/11/2024, 04:10:31, 19.40, 50.00, 0, 17.09, 0.00, 0.00
24/11/2024, 04:10:38, 19.40, 50.00, 0, 17.11, 0.00, 0.00
24/11/2024, 04:10:46, 19.40, 50.00, 0, 17.09, 0.00, 0.00
24/11/2024, 04:10:53, 19.40, 50.00, 0, 17.05, 0.00, 0.00
24/11/2024, 04:11:00, 19.40, 50.00, 0, 17.11, 0.00, 0.00
24/11/2024, 04:11:07, 19.40, 50.00, 0, 17.09, 0.00, 0.00
24/11/2024, 04:11:15, 19.40, 50.00, 0, 17.11, 0.00, 0.00
24/11/2024, 04:11:22, 19.40, 50.00, 0, 17.05, 0.00, 0.00
24/11/2024, 04:11:29, 19.40, 50.00, 0, 17.11, 0.00, 0.00
24/11/2024, 04:11:36, 19.40, 50.00, 0, 17.09, 0.00, 0.00
24/11/2024, 04:11:44, 19.40, 50.00, 0, 17.11, 0.00, 0.00
24/11/2024, 04:11:51, 19.40, 50.00, 0, 17.11, 0.00, 0.00
24/11/2024, 04:11:58, 19.40, 50.00, 0, 17.05, 0.00, 0.00
24/11/2024, 04:12:05, 19.40, 50.00, 0, 17.09, 0.00, 0.00
24/11/2024, 04:12:13, 19.40, 50.00, 0, 17.09, 0.00, 0.00
24/11/2024, 04:12:20, 19.40, 50.00, 0, 17.09, 0.00, 0.00
24/11/2024, 04:12:27, 19.40, 50.00, 0, 17.09, 0.00, 0.00
24/11/2024, 04:12:34, 19.40, 50.00, 0, 17.09, 0.00, 0.00
24/11/2024, 04:12:42, 19.40, 50.00, 0, 17.09, 0.00, 0.00
24/11/2024, 04:12:49, 19.40, 50.00, 0, 17.09, 0.00, 0.00
24/11/2024, 04:12:56, 19.40, 50.00, 0, 17.11, 0.00, 0.00
24/11/2024, 04:13:04, 19.40, 50.00, 0, 17.11, 0.00, 0.00
24/11/2024, 04:13:11, 19.40, 50.00, 0, 17.09, 0.00, 0.00
24/11/2024, 04:13:18, 19.40, 50.00, 0, 17.05, 0.00, 0.00
24/11/2024, 04:13:25, 19.40, 50.00, 0, 17.11, 0.00, 0.00
24/11/2024, 04:13:33, 19.40, 50.00, 0, 17.11, 0.00, 0.00
24/11/2024, 04:13:40, 19.40, 50.00, 0, 17.11, 0.00, 0.00
24/11/2024, 04:13:47, 19.40, 50.00, 0, 17.09, 0.00, 0.00
24/11/2024, 04:13:54, 19.40, 50.00, 0, 17.09, 0.00, 0.00
24/11/2024, 04:14:02, 19.40, 50.00, 0, 17.05, 0.00, 0.00
24/11/2024, 04:14:09, 19.40, 50.00, 0, 17.05, 0.00, 0.00
24/11/2024, 04:14:16, 19.40, 50.00, 0, 16.99, 0.00, 0.00
24/11/2024, 04:14:23, 19.40, 50.00, 0, 17.09, 0.00, 0.00
24/11/2024, 04:14:31, 19.40, 50.00, 0, 17.05, 0.00, 0.00
24/11/2024, 04:14:38, 19.40, 50.00, 0, 17.09, 0.00, 0.00
24/11/2024, 04:14:45, 19.40, 50.00, 0, 17.05, 0.00, 0.00
24/11/2024, 04:14:52, 19.40, 50.00, 0, 17.11, 0.00, 0.00
24/11/2024, 04:15:00, 19.40, 50.00, 0, 17.09, 0.00, 0.00
24/11/2024, 04:15:07, 19.40, 50.00, 0, 17.09, 0.00, 0.00
24/11/2024, 04:15:14, 19.40, 50.00, 0, 17.09, 0.00, 0.00
24/11/2024, 04:15:21, 19.40, 50.00, 0, 17.11, 0.00, 0.00
24/11/2024, 04:15:29, 19.40, 50.00, 0, 17.09, 0.00, 0.00
24/11/2024, 04:15:36, 19.40, 50.00, 0, 17.05, 0.00, 0.00
24/11/2024, 04:15:43, 19.40, 50.00, 0, 17.09, 0.00, 0.00
24/11/2024, 04:15:50, 19.40, 50.00, 0, 17.05, 0.00, 0.00
24/11/2024, 04:15:58, 19.40, 50.00, 0, 17.09, 0.00, 0.00
24/11/2024, 04:16:05, 19.40, 50.00, 0, 17.05, 0.00, 0.00
24/11/2024, 04:16:12, 19.40, 50.00, 0, 17.09, 0.00, 0.00
24/11/2024, 04:16:20, 19.40, 50.00, 0, 17.01, 0.00, 0.00
24/11/2024, 04:16:27, 19.40, 50.00, 0, 17.11, 0.00, 0.00
24/11/2024, 04:16:34, 19.40, 50.00, 0, 17.01, 0.00, 0.00
24/11/2024, 04:16:41, 19.40, 50.00, 0, 17.05, 0.00, 0.00
24/11/2024, 04:16:49, 19.40, 50.00, 0, 17.11, 0.00, 0.00
24/11/2024, 04:16:56, 19.40, 50.00, 0, 17.05, 0.00, 0.00
24/11/2024, 04:17:03, 19.40, 50.00, 0, 17.01, 0.00, 0.00
24/11/2024, 04:17:10, 19.40, 50.00, 0, 16.95, 0.00, 0.00
24/11/2024, 04:17:18, 19.40, 50.00, 0, 17.01, 0.00, 0.00
24/11/2024, 04:17:25, 19.40, 50.00, 0, 16.91, 0.00, 0.00
24/11/2024, 04:17:32, 19.40, 50.00, 0, 17.01, 0.00, 0.00
24/11/2024, 04:17:39, 19.40, 50.00, 0, 17.05, 0.00, 0.00
24/11/2024, 04:17:47, 19.40, 50.00, 0, 17.11, 0.00, 0.00
24/11/2024, 04:17:54, 19.40, 50.00, 0, 17.01, 0.00, 0.00
24/11/2024, 04:18:01, 19.40, 50.00, 0, 17.05, 0.00, 0.00
24/11/2024, 04:18:08, 19.40, 50.00, 0, 17.09, 0.00, 0.00
24/11/2024, 04:18:16, 19.40, 50.00, 0, 16.99, 0.00, 0.00
24/11/2024, 04:18:23, 19.40, 50.00, 0, 17.05, 0.00, 0.00
24/11/2024, 04:18:30, 19.40, 50.00, 0, 17.09, 0.00, 0.00
24/11/2024, 04:18:37, 19.40, 50.00, 0, 17.01, 0.00, 0.00
24/11/2024, 04:18:45, 19.40, 50.00, 0, 17.01, 0.00, 0.00
24/11/2024, 04:18:52, 19.40, 50.00, 0, 17.01, 0.00, 0.00
24/11/2024, 04:18:59, 19.40, 50.00, 0, 17.09, 0.00, 0.00
24/11/2024, 04:19:06, 19.40, 50.00, 0, 17.05, 0.00, 0.00
24/11/2024, 04:19:14, 19.40, 50.00, 0, 17.05, 0.00, 0.00
24/11/2024, 04:19:21, 19.40, 50.00, 0, 16.99, 0.00, 0.00
24/11/2024, 04:19:28, 19.40, 50.00, 0, 17.15, 0.00, 0.00
24/11/2024, 04:19:35, 19.40, 50.00, 0, 16.99, 0.00, 0.00
24/11/2024, 04:19:43, 19.40, 50.00, 0, 17.01, 0.00, 0.00
24/11/2024, 04:19:50, 19.40, 50.00, 0, 17.01, 0.00, 0.00
24/11/2024, 04:19:57, 19.40, 50.00, 0, 17.05, 0.00, 0.00
24/11/2024, 04:20:05, 19.40, 50.00, 0, 17.01, 0.00, 0.00
24/11/2024, 04:20:12, 19.40, 50.00, 0, 17.01, 0.00, 0.00
24/11/2024, 04:20:19, 19.40, 50.00, 0, 17.09, 0.00, 0.00
24/11/2024, 04:20:26, 19.40, 50.00, 0, 17.01, 0.00, 0.00
24/11/2024, 04:20:34, 19.40, 50.00, 0, 17.01, 0.00, 0.00
24/11/2024, 04:20:41, 19.40, 50.00, 0, 17.05, 0.00, 0.00
24/11/2024, 04:20:48, 19.40, 50.00, 0, 17.05, 0.00, 0.00
24/11/2024, 04:20:55, 19.40, 50.00, 0, 17.01, 0.00, 0.00
24/11/2024, 04:21:03, 19.40, 50.00, 0, 17.01, 0.00, 0.00
24/11/2024, 04:21:10, 19.40, 50.00, 0, 17.01, 0.00, 0.00
24/11/2024, 04:21:17, 19.40, 50.00, 0, 17.01, 0.00, 0.00
24/11/2024, 04:21:24, 19.40, 50.00, 0, 17.01, 0.00, 0.00
24/11/2024, 04:21:32, 19.40, 50.00, 0, 17.01, 0.00, 0.00
24/11/2024, 04:21:39, 19.40, 50.00, 0, 16.91, 0.00, 0.00
24/11/2024, 04:21:46, 19.40, 50.00, 0, 17.01, 0.00, 0.00
24/11/2024, 04:21:53, 19.40, 50.00, 0, 17.09, 0.00, 0.00
24/11/2024, 04:22:01, 19.40, 50.00, 0, 16.99, 0.00, 0.00
24/11/2024, 04:22:08, 19.40, 50.00, 0, 16.95, 0.00, 0.00
24/11/2024, 04:22:15, 19.40, 50.00, 0, 17.09, 0.00, 0.00
24/11/2024, 04:22:22, 19.40, 50.00, 0, 17.05, 0.00, 0.00
24/11/2024, 04:22:30, 19.40, 50.00, 0, 17.01, 0.00, 0.00
24/11/2024, 04:22:37, 19.40, 50.00, 0, 17.01, 0.00, 0.00
24/11/2024, 04:22:44, 19.40, 50.00, 0, 17.01, 0.00, 0.00
24/11/2024, 04:22:51, 19.40, 50.00, 0, 16.99, 0.00, 0.00
24/11/2024, 04:22:59, 19.40, 50.00, 0, 16.99, 0.00, 0.00
24/11/2024, 04:23:06, 19.40, 50.00, 0, 16.99, 0.00, 0.00
24/11/2024, 04:23:13, 19.40, 50.00, 0, 17.01, 0.00, 0.00
24/11/2024, 04:23:21, 19.40, 50.00, 0, 16.99, 0.00, 0.00
24/11/2024, 04:23:28, 19.40, 50.00, 0, 16.99, 0.00, 0.00
24/11/2024, 04:23:35, 19.40, 50.00, 0, 17.05, 0.00, 0.00
24/11/2024, 04:23:42, 19.40, 50.00, 0, 17.09, 0.00, 0.00
24/11/2024, 04:23:50, 19.40, 50.00, 0, 16.99, 0.00, 0.00
24/11/2024, 04:23:57, 19.40, 50.00, 0, 17.09, 0.00, 0.00
24/11/2024, 04:24:04, 19.40, 50.00, 0, 16.99, 0.00, 0.00
24/11/2024, 04:24:11, 19.40, 50.00, 0, 17.01, 0.00, 0.00
24/11/2024, 04:24:19, 19.40, 50.00, 0, 17.01, 0.00, 0.00
24/11/2024, 04:24:26, 19.40, 50.00, 0, 17.01, 0.00, 0.00
24/11/2024, 04:24:33, 19.40, 50.00, 0, 16.99, 0.00, 0.00
24/11/2024, 04:24:40, 19.40, 50.00, 0, 16.99, 0.00, 0.00
24/11/2024, 04:24:48, 19.40, 50.00, 0, 17.01, 0.00, 0.00
24/11/2024, 04:24:55, 19.40, 50.00, 0, 17.09, 0.00, 0.00
24/11/2024, 04:25:02, 19.40, 50.00, 0, 17.01, 0.00, 0.00
24/11/2024, 04:25:09, 19.40, 50.00, 0, 16.99, 0.00, 0.00
24/11/2024, 04:25:17, 19.40, 50.00, 0, 16.95, 0.00, 0.00
24/11/2024, 04:25:24, 19.40, 50.00, 0, 17.01, 0.00, 0.00
24/11/2024, 04:25:31, 19.40, 50.00, 0, 17.01, 0.00, 0.00
24/11/2024, 04:25:38, 19.40, 50.00, 0, 16.95, 0.00, 0.00
24/11/2024, 04:25:46, 19.40, 50.00, 0, 16.99, 0.00, 0.00
24/11/2024, 04:25:53, 19.40, 50.00, 0, 16.95, 0.00, 0.00
24/11/2024, 04:26:00, 19.40, 50.00, 0, 17.05, 0.00, 0.00
24/11/2024, 04:26:07, 19.40, 50.00, 0, 16.99, 0.00, 0.00
24/11/2024, 04:26:15, 19.40, 50.00, 0, 16.95, 0.00, 0.00
24/11/2024, 04:26:22, 19.40, 50.00, 0, 17.01, 0.00, 0.00
24/11/2024, 04:26:29, 19.40, 50.00, 0, 17.01, 0.00, 0.00
24/11/2024, 04:26:36, 19.40, 50.00, 0, 16.99, 0.00, 0.00
24/11/2024, 04:26:44, 19.40, 50.00, 0, 16.99, 0.00, 0.00
24/11/2024, 04:26:51, 19.40, 50.00, 0, 16.95, 0.00, 0.00
24/11/2024, 04:26:58, 19.40, 50.00, 0, 16.95, 0.00, 0.00
24/11/2024, 04:27:06, 19.40, 50.00, 0, 17.01, 0.00, 0.00
24/11/2024, 04:27:13, 19.40, 50.00, 0, 16.95, 0.00, 0.00
24/11/2024, 04:27:20, 19.40, 50.00, 0, 16.99, 0.00, 0.00
24/11/2024, 04:27:27, 19.40, 50.00, 0, 16.99, 0.00, 0.00
24/11/2024, 04:27:35, 19.40, 50.00, 0, 17.01, 0.00, 0.00
24/11/2024, 04:27:42, 19.40, 50.00, 0, 16.99, 0.00, 0.00
24/11/2024, 04:27:49, 19.40, 50.00, 0, 16.99, 0.00, 0.00
24/11/2024, 04:27:56, 19.40, 50.00, 0, 16.95, 0.00, 0.00
24/11/2024, 04:28:04, 19.40, 50.00, 0, 16.95, 0.00, 0.00
24/11/2024, 04:28:11, 19.40, 50.00, 0, 16.99, 0.00, 0.00
24/11/2024, 04:28:18, 19.40, 50.00, 0, 17.01, 0.00, 0.00
24/11/2024, 04:28:25, 19.40, 50.00, 0, 16.99, 0.00, 0.00
24/11/2024, 04:28:33, 19.40, 50.00, 0, 16.91, 0.00, 0.00
24/11/2024, 04:28:40, 19.40, 50.00, 0, 16.95, 0.00, 0.00
24/11/2024, 04:28:47, 19.40, 50.00, 0, 16.91, 0.00, 0.00
24/11/2024, 04:28:54, 19.40, 50.00, 0, 16.91, 0.00, 0.00
24/11/2024, 04:29:02, 19.40, 50.00, 0, 16.99, 0.00, 0.00
24/11/2024, 04:29:09, 19.40, 50.00, 0, 16.99, 0.00, 0.00
24/11/2024, 04:29:16, 19.40, 50.00, 0, 16.95, 0.00, 0.00
24/11/2024, 04:29:23, 19.40, 50.00, 0, 16.95, 0.00, 0.00
24/11/2024, 04:29:31, 19.40, 50.00, 0, 16.99, 0.00, 0.00
24/11/2024, 04:29:38, 19.40, 50.00, 0, 16.95, 0.00, 0.00
24/11/2024, 04:29:45, 19.40, 50.00, 0, 16.91, 0.00, 0.00
24/11/2024, 04:29:52, 19.40, 50.00, 0, 16.91, 0.00, 0.00
24/11/2024, 04:30:00, 19.40, 50.00, 0, 16.91, 0.00, 0.00
24/11/2024, 04:30:07, 19.40, 50.00, 0, 16.95, 0.00, 0.00
24/11/2024, 04:30:14, 19.40, 50.00, 0, 16.95, 0.00, 0.00
24/11/2024, 04:30:22, 19.40, 50.00, 0, 17.01, 0.00, 0.00
24/11/2024, 04:30:29, 19.40, 50.00, 0, 16.99, 0.00, 0.00
24/11/2024, 04:30:36, 19.40, 50.00, 0, 16.99, 0.00, 0.00
24/11/2024, 04:30:43, 19.40, 50.00, 0, 16.99, 0.00, 0.00
24/11/2024, 04:30:51, 19.40, 50.00, 0, 16.99, 0.00, 0.00
24/11/2024, 04:30:58, 19.40, 50.00, 0, 16.95, 0.00, 0.00
24/11/2024, 04:31:05, 19.40, 50.00, 0, 17.01, 0.00, 0.00
24/11/2024, 04:31:12, 19.40, 50.00, 0, 16.99, 0.00, 0.00
24/11/2024, 04:31:20, 19.40, 50.00, 0, 16.99, 0.00, 0.00
24/11/2024, 04:31:27, 19.40, 50.00, 0, 16.91, 0.00, 0.00
24/11/2024, 04:31:34, 19.40, 50.00, 0, 16.89, 0.00, 0.00
24/11/2024, 04:31:41, 19.40, 50.00, 0, 16.95, 0.00, 0.00
24/11/2024, 04:31:49, 19.40, 50.00, 0, 16.99, 0.00, 0.00
24/11/2024, 04:31:56, 19.40, 50.00, 0, 17.01, 0.00, 0.00
24/11/2024, 04:32:03, 19.40, 50.00, 0, 16.95, 0.00, 0.00
24/11/2024, 04:32:10, 19.40, 50.00, 0, 16.89, 0.00, 0.00
24/11/2024, 04:32:18, 19.40, 50.00, 0, 16.85, 0.00, 0.00
24/11/2024, 04:32:25, 19.40, 50.00, 0, 16.95, 0.00, 0.00
24/11/2024, 04:32:32, 19.40, 50.00, 0, 16.89, 0.00, 0.00
24/11/2024, 04:32:39, 19.40, 50.00, 0, 16.95, 0.00, 0.00
24/11/2024, 04:32:47, 19.40, 50.00, 0, 16.99, 0.00, 0.00
24/11/2024, 04:32:54, 19.40, 50.00, 0, 16.91, 0.00, 0.00
24/11/2024, 04:33:01, 19.40, 50.00, 0, 16.91, 0.00, 0.00
24/11/2024, 04:33:08, 19.40, 50.00, 0, 16.89, 0.00, 0.00
24/11/2024, 04:33:16, 19.40, 50.00, 0, 16.85, 0.00, 0.00
24/11/2024, 04:33:23, 19.40, 50.00, 0, 16.95, 0.00, 0.00
24/11/2024, 04:33:30, 19.40, 50.00, 0, 16.91, 0.00, 0.00
24/11/2024, 04:33:37, 19.40, 50.00, 0, 16.91, 0.00, 0.00
24/11/2024, 04:33:45, 19.40, 50.00, 0, 16.89, 0.00, 0.00
24/11/2024, 04:33:52, 19.40, 50.00, 0, 16.91, 0.00, 0.00
24/11/2024, 04:33:59, 19.40, 50.00, 0, 16.89, 0.00, 0.00
24/11/2024, 04:34:07, 19.40, 50.00, 0, 16.91, 0.00, 0.00
24/11/2024, 04:34:14, 19.40, 50.00, 0, 16.89, 0.00, 0.00
24/11/2024, 04:34:21, 19.40, 50.00, 0, 16.89, 0.00, 0.00
24/11/2024, 04:34:28, 19.40, 50.00, 0, 16.95, 0.00, 0.00
24/11/2024, 04:34:36, 19.40, 50.00, 0, 16.95, 0.00, 0.00
24/11/2024, 04:34:43, 19.40, 50.00, 0, 16.99, 0.00, 0.00
24/11/2024, 04:34:50, 19.40, 50.00, 0, 16.85, 0.00, 0.00
24/11/2024, 04:34:57, 19.40, 50.00, 0, 16.89, 0.00, 0.00
24/11/2024, 04:35:05, 19.40, 50.00, 0, 16.89, 0.00, 0.00
24/11/2024, 04:35:12, 19.40, 50.00, 0, 16.91, 0.00, 0.00
24/11/2024, 04:35:19, 19.40, 50.00, 0, 16.91, 0.00, 0.00
24/11/2024, 04:35:26, 19.40, 50.00, 0, 16.91, 0.00, 0.00
24/11/2024, 04:35:34, 19.40, 50.00, 0, 16.91, 0.00, 0.00
24/11/2024, 04:35:41, 19.40, 50.00, 0, 16.95, 0.00, 0.00
24/11/2024, 04:35:48, 19.40, 50.00, 0, 16.99, 0.00, 0.00
24/11/2024, 04:35:55, 19.40, 50.00, 0, 16.95, 0.00, 0.00
24/11/2024, 04:36:03, 19.40, 50.00, 0, 16.91, 0.00, 0.00
24/11/2024, 04:36:10, 19.30, 50.00, 0, 16.91, 0.00, 0.00
24/11/2024, 04:36:17, 19.10, 50.00, 0, 16.91, 0.00, 0.00
24/11/2024, 04:36:24, 19.10, 50.00, 0, 16.83, 0.00, 0.00
24/11/2024, 04:36:32, 19.10, 50.00, 0, 16.95, 0.00, 0.00
24/11/2024, 04:36:39, 19.20, 50.00, 0, 16.95, 0.00, 0.00
24/11/2024, 04:36:46, 19.40, 50.00, 0, 16.99, 0.00, 0.00
24/11/2024, 04:36:53, 19.40, 50.00, 0, 16.89, 0.00, 0.00
24/11/2024, 04:37:01, 19.40, 50.00, 0, 16.91, 0.00, 0.00
24/11/2024, 04:37:08, 19.40, 50.00, 0, 16.95, 0.00, 0.00
24/11/2024, 04:37:15, 19.40, 50.00, 0, 16.95, 0.00, 0.00
24/11/2024, 04:37:22, 19.40, 50.00, 0, 16.89, 0.00, 0.00
24/11/2024, 04:37:30, 19.40, 50.00, 0, 16.89, 0.00, 0.00
24/11/2024, 04:37:37, 19.40, 50.00, 0, 16.91, 0.00, 0.00
24/11/2024, 04:37:44, 19.40, 50.00, 0, 16.89, 0.00, 0.00
24/11/2024, 04:37:52, 19.40, 50.00, 0, 16.85, 0.00, 0.00
24/11/2024, 04:37:59, 19.40, 50.00, 0, 16.85, 0.00, 0.00
24/11/2024, 04:38:06, 19.40, 50.00, 0, 16.95, 0.00, 0.00
24/11/2024, 04:38:13, 19.40, 50.00, 0, 16.95, 0.00, 0.00
24/11/2024, 04:38:21, 19.40, 50.00, 0, 16.91, 0.00, 0.00
24/11/2024, 04:38:28, 19.40, 50.00, 0, 16.89, 0.00, 0.00
24/11/2024, 04:38:35, 19.40, 50.00, 0, 16.83, 0.00, 0.00
24/11/2024, 04:38:42, 19.40, 50.00, 0, 16.89, 0.00, 0.00
24/11/2024, 04:38:50, 19.40, 50.00, 0, 16.95, 0.00, 0.00
24/11/2024, 04:38:57, 19.40, 50.00, 0, 16.95, 0.00, 0.00
24/11/2024, 04:39:04, 19.30, 50.00, 0, 16.89, 0.00, 0.00
24/11/2024, 04:39:11, 19.30, 50.00, 0, 16.89, 0.00, 0.00
24/11/2024, 04:39:19, 19.20, 50.00, 0, 16.89, 0.00, 0.00
24/11/2024, 04:39:26, 19.10, 50.00, 0, 16.89, 0.00, 0.00
24/11/2024, 04:39:33, 19.00, 50.00, 0, 16.89, 0.00, 0.00
24/11/2024, 04:39:40, 19.00, 50.00, 0, 16.85, 0.00, 0.00
24/11/2024, 04:39:48, 19.00, 50.00, 0, 16.95, 0.00, 0.00
24/11/2024, 04:39:55, 19.00, 50.00, 0, 16.89, 0.00, 0.00
24/11/2024, 04:40:02, 19.00, 50.00, 0, 16.89, 0.00, 0.00
24/11/2024, 04:40:09, 19.10, 50.00, 0, 16.89, 0.00, 0.00
24/11/2024, 04:40:17, 19.10, 50.00, 0, 16.91, 0.00, 0.00
24/11/2024, 04:40:24, 19.10, 50.00, 0, 16.91, 0.00, 0.00
24/11/2024, 04:40:31, 19.10, 50.00, 0, 16.83, 0.00, 0.00
24/11/2024, 04:40:38, 19.10, 50.00, 0, 16.89, 0.00, 0.00
24/11/2024, 04:40:46, 19.10, 50.00, 0, 16.85, 0.00, 0.00
24/11/2024, 04:40:53, 19.10, 50.00, 0, 16.83, 0.00, 0.00
24/11/2024, 04:41:00, 19.10, 50.00, 0, 16.95, 0.00, 0.00
24/11/2024, 04:41:07, 19.00, 50.00, 0, 16.85, 0.00, 0.00
24/11/2024, 04:41:15, 19.10, 50.00, 0, 16.91, 0.00, 0.00
24/11/2024, 04:41:22, 19.10, 50.00, 0, 16.85, 0.00, 0.00
24/11/2024, 04:41:29, 19.10, 50.00, 0, 16.91, 0.00, 0.00
24/11/2024, 04:41:37, 19.10, 50.00, 0, 16.85, 0.00, 0.00
24/11/2024, 04:41:44, 19.20, 50.00, 0, 16.83, 0.00, 0.00
24/11/2024, 04:41:51, 19.40, 50.00, 0, 16.83, 0.00, 0.00
24/11/2024, 04:41:58, 19.40, 50.00, 0, 16.85, 0.00, 0.00
24/11/2024, 04:42:06, 19.40, 50.00, 0, 16.85, 0.00, 0.00
24/11/2024, 04:42:13, 19.40, 50.00, 0, 16.89, 0.00, 0.00
24/11/2024, 04:42:20, 19.20, 50.00, 0, 16.85, 0.00, 0.00
24/11/2024, 04:42:27, 19.10, 50.00, 0, 16.85, 0.00, 0.00
24/11/2024, 04:42:35, 19.00, 50.00, 0, 16.83, 0.00, 0.00
24/11/2024, 04:42:42, 19.10, 50.00, 0, 16.83, 0.00, 0.00
24/11/2024, 04:42:49, 19.10, 50.00, 0, 16.83, 0.00, 0.00
24/11/2024, 04:42:56, 19.00, 50.00, 0, 16.85, 0.00, 0.00
24/11/2024, 04:43:04, 19.00, 50.00, 0, 16.91, 0.00, 0.00
24/11/2024, 04:43:11, 19.00, 50.00, 0, 16.83, 0.00, 0.00
24/11/2024, 04:43:18, 19.00, 50.00, 0, 16.83, 0.00, 0.00
24/11/2024, 04:43:25, 19.00, 50.00, 0, 16.85, 0.00, 0.00
24/11/2024, 04:43:33, 19.00, 50.00, 0, 16.89, 0.00, 0.00
24/11/2024, 04:43:40, 19.00, 50.00, 0, 16.85, 0.00, 0.00
24/11/2024, 04:43:47, 19.00, 50.00, 0, 16.89, 0.00, 0.00
24/11/2024, 04:43:54, 19.00, 50.00, 0, 16.89, 0.00, 0.00
24/11/2024, 04:44:02, 19.00, 50.00, 0, 16.89, 0.00, 0.00
24/11/2024, 04:44:09, 19.00, 50.00, 0, 16.85, 0.00, 0.00
24/11/2024, 04:44:16, 19.00, 50.00, 0, 16.83, 0.00, 0.00
24/11/2024, 04:44:23, 19.00, 50.00, 0, 16.85, 0.00, 0.00
24/11/2024, 04:44:31, 19.00, 50.00, 0, 16.83, 0.00, 0.00
24/11/2024, 04:44:38, 19.00, 50.00, 0, 16.83, 0.00, 0.00
24/11/2024, 04:44:45, 19.00, 50.00, 0, 16.83, 0.00, 0.00
24/11/2024, 04:44:52, 19.00, 50.00, 0, 16.83, 0.00, 0.00
24/11/2024, 04:45:00, 19.00, 50.00, 0, 16.89, 0.00, 0.00
24/11/2024, 04:45:07, 19.00, 50.00, 0, 16.85, 0.00, 0.00
24/11/2024, 04:45:14, 19.00, 50.00, 0, 16.79, 0.00, 0.00
24/11/2024, 04:45:22, 19.00, 50.00, 0, 16.85, 0.00, 0.00
24/11/2024, 04:45:29, 19.00, 50.00, 0, 16.85, 0.00, 0.00
24/11/2024, 04:45:36, 19.00, 50.00, 0, 16.89, 0.00, 0.00
24/11/2024, 04:45:43, 19.00, 50.00, 0, 16.85, 0.00, 0.00
24/11/2024, 04:45:51, 19.00, 50.00, 0, 16.73, 0.00, 0.00
24/11/2024, 04:45:58, 19.00, 50.00, 0, 16.85, 0.00, 0.00
24/11/2024, 04:46:05, 19.00, 50.00, 0, 16.83, 0.00, 0.00
24/11/2024, 04:46:12, 19.00, 50.00, 0, 16.83, 0.00, 0.00
24/11/2024, 04:46:20, 19.00, 50.00, 0, 16.79, 0.00, 0.00
24/11/2024, 04:46:27, 19.00, 50.00, 0, 16.85, 0.00, 0.00
24/11/2024, 04:46:34, 19.00, 50.00, 0, 16.83, 0.00, 0.00
24/11/2024, 04:46:41, 19.00, 50.00, 0, 16.83, 0.00, 0.00
24/11/2024, 04:46:49, 19.00, 50.00, 0, 16.83, 0.00, 0.00
24/11/2024, 04:46:56, 19.00, 50.00, 0, 16.83, 0.00, 0.00
24/11/2024, 04:47:03, 19.00, 50.00, 0, 16.75, 0.00, 0.00
24/11/2024, 04:47:10, 19.00, 50.00, 0, 16.79, 0.00, 0.00
24/11/2024, 04:47:18, 19.00, 50.00, 0, 16.83, 0.00, 0.00
24/11/2024, 04:47:25, 19.00, 50.00, 0, 16.85, 0.00, 0.00
24/11/2024, 04:47:32, 19.00, 50.00, 0, 16.79, 0.00, 0.00
24/11/2024, 04:47:39, 19.00, 50.00, 0, 16.79, 0.00, 0.00
24/11/2024, 04:47:47, 19.00, 50.00, 0, 16.79, 0.00, 0.00
24/11/2024, 04:47:54, 19.00, 50.00, 0, 16.75, 0.00, 0.00
24/11/2024, 04:48:01, 19.00, 50.00, 0, 16.85, 0.00, 0.00
24/11/2024, 04:48:08, 19.00, 50.00, 0, 16.75, 0.00, 0.00
24/11/2024, 04:48:16, 19.00, 50.00, 0, 16.75, 0.00, 0.00
24/11/2024, 04:48:23, 19.00, 50.00, 0, 16.89, 0.00, 0.00
24/11/2024, 04:48:30, 19.00, 50.00, 0, 16.73, 0.00, 0.00
24/11/2024, 04:48:37, 19.00, 50.00, 0, 16.83, 0.00, 0.00
24/11/2024, 04:48:45, 19.00, 50.00, 0, 16.79, 0.00, 0.00
24/11/2024, 04:48:52, 19.00, 50.00, 0, 16.75, 0.00, 0.00
24/11/2024, 04:48:59, 19.00, 50.00, 0, 16.79, 0.00, 0.00
24/11/2024, 04:49:07, 19.00, 50.00, 0, 16.75, 0.00, 0.00
24/11/2024, 04:49:14, 19.00, 50.00, 0, 16.79, 0.00, 0.00
24/11/2024, 04:49:21, 19.00, 50.00, 0, 16.83, 0.00, 0.00
24/11/2024, 04:49:28, 19.00, 50.00, 0, 16.83, 0.00, 0.00
24/11/2024, 04:49:36, 19.00, 50.00, 0, 16.75, 0.00, 0.00
24/11/2024, 04:49:43, 19.00, 50.00, 0, 16.75, 0.00, 0.00
24/11/2024, 04:49:50, 19.00, 50.00, 0, 16.83, 0.00, 0.00
24/11/2024, 04:49:57, 19.00, 50.00, 0, 16.75, 0.00, 0.00
24/11/2024, 04:50:05, 19.00, 50.00, 0, 16.79, 0.00, 0.00
24/11/2024, 04:50:12, 19.00, 50.00, 0, 16.75, 0.00, 0.00
24/11/2024, 04:50:19, 19.00, 50.00, 0, 16.83, 0.00, 0.00
24/11/2024, 04:50:26, 19.00, 50.00, 0, 16.79, 0.00, 0.00
24/11/2024, 04:50:34, 19.00, 50.00, 0, 16.75, 0.00, 0.00
24/11/2024, 04:50:41, 19.00, 50.00, 0, 16.83, 0.00, 0.00
24/11/2024, 04:50:48, 19.00, 50.00, 0, 16.75, 0.00, 0.00
24/11/2024, 04:50:55, 19.00, 50.00, 0, 16.79, 0.00, 0.00
24/11/2024, 04:51:03, 19.00, 50.00, 0, 16.75, 0.00, 0.00
24/11/2024, 04:51:10, 19.00, 50.00, 0, 16.75, 0.00, 0.00
24/11/2024, 04:51:17, 19.00, 50.00, 0, 16.79, 0.00, 0.00
24/11/2024, 04:51:24, 19.00, 50.00, 0, 16.75, 0.00, 0.00
24/11/2024, 04:51:32, 19.00, 50.00, 0, 16.75, 0.00, 0.00
24/11/2024, 04:51:39, 19.00, 50.00, 0, 16.79, 0.00, 0.00
24/11/2024, 04:51:46, 19.00, 50.00, 0, 16.79, 0.00, 0.00
24/11/2024, 04:51:53, 19.00, 50.00, 0, 16.75, 0.00, 0.00
24/11/2024, 04:52:01, 19.00, 50.00, 0, 16.73, 0.00, 0.00
24/11/2024, 04:52:08, 19.00, 50.00, 0, 16.73, 0.00, 0.00
24/11/2024, 04:52:15, 19.00, 50.00, 0, 16.75, 0.00, 0.00
24/11/2024, 04:52:22, 19.00, 50.00, 0, 16.73, 0.00, 0.00
24/11/2024, 04:52:30, 19.00, 50.00, 0, 16.69, 0.00, 0.00
24/11/2024, 04:52:37, 19.00, 50.00, 0, 16.73, 0.00, 0.00
24/11/2024, 04:52:44, 19.00, 50.00, 0, 16.75, 0.00, 0.00
24/11/2024, 04:52:52, 19.00, 50.00, 0, 16.79, 0.00, 0.00
24/11/2024, 04:52:59, 19.00, 50.00, 0, 16.75, 0.00, 0.00
24/11/2024, 04:53:06, 19.00, 50.00, 0, 16.69, 0.00, 0.00
24/11/2024, 04:53:13, 19.00, 50.00, 0, 16.73, 0.00, 0.00
24/11/2024, 04:53:21, 19.00, 50.00, 0, 16.69, 0.00, 0.00
24/11/2024, 04:53:28, 19.00, 50.00, 0, 16.73, 0.00, 0.00
24/11/2024, 04:53:35, 19.00, 50.00, 0, 16.69, 0.00, 0.00
24/11/2024, 04:53:42, 19.00, 50.00, 0, 16.75, 0.00, 0.00
24/11/2024, 04:53:50, 19.00, 50.00, 0, 16.69, 0.00, 0.00
24/11/2024, 04:53:57, 19.00, 50.00, 0, 16.69, 0.00, 0.00
24/11/2024, 04:54:04, 19.00, 50.00, 0, 16.69, 0.00, 0.00
24/11/2024, 04:54:11, 19.00, 50.00, 0, 16.73, 0.00, 0.00
24/11/2024, 04:54:19, 19.00, 50.00, 0, 16.73, 0.00, 0.00
24/11/2024, 04:54:26, 19.00, 50.00, 0, 16.75, 0.00, 0.00
24/11/2024, 04:54:33, 19.00, 50.00, 0, 16.69, 0.00, 0.00
24/11/2024, 04:54:40, 19.00, 50.00, 0, 16.75, 0.00, 0.00
24/11/2024, 04:54:48, 19.00, 50.00, 0, 16.75, 0.00, 0.00
24/11/2024, 04:54:55, 19.00, 50.00, 0, 16.73, 0.00, 0.00
24/11/2024, 04:55:02, 19.00, 50.00, 0, 16.69, 0.00, 0.00
24/11/2024, 04:55:09, 19.00, 50.00, 0, 16.69, 0.00, 0.00
24/11/2024, 04:55:17, 19.00, 50.00, 0, 16.69, 0.00, 0.00
24/11/2024, 04:55:24, 19.00, 50.00, 0, 16.69, 0.00, 0.00
24/11/2024, 04:55:31, 19.00, 50.00, 0, 16.69, 0.00, 0.00
24/11/2024, 04:55:38, 19.00, 50.00, 0, 16.63, 0.00, 0.00
24/11/2024, 04:55:46, 19.00, 50.00, 0, 16.69, 0.00, 0.00
24/11/2024, 04:55:53, 19.00, 50.00, 0, 16.75, 0.00, 0.00
24/11/2024, 04:56:00, 19.00, 50.00, 0, 16.69, 0.00, 0.00
24/11/2024, 04:56:07, 19.00, 50.00, 0, 16.75, 0.00, 0.00
24/11/2024, 04:56:15, 19.00, 50.00, 0, 16.73, 0.00, 0.00
24/11/2024, 04:56:22, 19.00, 50.00, 0, 16.75, 0.00, 0.00
24/11/2024, 04:56:29, 19.00, 50.00, 0, 16.73, 0.00, 0.00
24/11/2024, 04:56:37, 19.00, 50.00, 0, 16.73, 0.00, 0.00
24/11/2024, 04:56:44, 19.00, 50.00, 0, 16.73, 0.00, 0.00
24/11/2024, 04:56:51, 19.00, 50.00, 0, 16.79, 0.00, 0.00
24/11/2024, 04:56:58, 19.00, 50.00, 0, 16.75, 0.00, 0.00
24/11/2024, 04:57:06, 19.00, 50.00, 0, 16.65, 0.00, 0.00
24/11/2024, 04:57:13, 19.00, 50.00, 0, 16.79, 0.00, 0.00
24/11/2024, 04:57:20, 19.00, 50.00, 0, 16.69, 0.00, 0.00
24/11/2024, 04:57:27, 19.00, 50.00, 0, 16.69, 0.00, 0.00
24/11/2024, 04:57:35, 19.00, 50.00, 0, 16.73, 0.00, 0.00
24/11/2024, 04:57:42, 19.00, 50.00, 0, 16.75, 0.00, 0.00
24/11/2024, 04:57:49, 19.00, 50.00, 0, 16.73, 0.00, 0.00
24/11/2024, 04:57:56, 19.00, 50.00, 0, 16.69, 0.00, 0.00
24/11/2024, 04:58:04, 19.00, 50.00, 0, 16.69, 0.00, 0.00
24/11/2024, 04:58:11, 19.00, 50.00, 0, 16.75, 0.00, 0.00
24/11/2024, 04:58:18, 19.00, 50.00, 0, 16.69, 0.00, 0.00
24/11/2024, 04:58:25, 19.00, 50.00, 0, 16.73, 0.00, 0.00
24/11/2024, 04:58:33, 19.00, 50.00, 0, 16.69, 0.00, 0.00
24/11/2024, 04:58:40, 19.00, 50.00, 0, 16.69, 0.00, 0.00
24/11/2024, 04:58:47, 19.00, 50.00, 0, 16.73, 0.00, 0.00
24/11/2024, 04:58:54, 19.00, 50.00, 0, 16.73, 0.00, 0.00
24/11/2024, 04:59:02, 19.00, 50.00, 0, 16.69, 0.00, 0.00
24/11/2024, 04:59:09, 19.00, 50.00, 0, 16.65, 0.00, 0.00
24/11/2024, 04:59:16, 19.00, 50.00, 0, 16.69, 0.00, 0.00
24/11/2024, 04:59:23, 19.00, 50.00, 0, 16.69, 0.00, 0.00
24/11/2024, 04:59:31, 19.00, 50.00, 0, 16.65, 0.00, 0.00
24/11/2024, 04:59:38, 19.00, 50.00, 0, 16.69, 0.00, 0.00
24/11/2024, 04:59:45, 19.00, 50.00, 0, 16.65, 0.00, 0.00
24/11/2024, 04:59:52, 19.00, 50.00, 0, 16.65, 0.00, 0.00
24/11/2024, 05:00:00, 19.00, 50.00, 0, 16.69, 0.00, 0.00
24/11/2024, 05:00:07, 19.00, 50.00, 0, 16.73, 0.00, 0.00
24/11/2024, 05:00:14, 19.00, 50.00, 0, 16.65, 0.00, 0.00
24/11/2024, 05:00:22, 19.00, 50.00, 0, 16.69, 0.00, 0.00
24/11/2024, 05:00:29, 19.00, 50.00, 0, 16.65, 0.00, 0.00
24/11/2024, 05:00:36, 19.00, 50.00, 0, 16.69, 0.00, 0.00
24/11/2024, 05:00:43, 19.00, 50.00, 0, 16.65, 0.00, 0.00
24/11/2024, 05:00:51, 19.00, 50.00, 0, 16.63, 0.00, 0.00
24/11/2024, 05:00:58, 19.00, 50.00, 0, 16.63, 0.00, 0.00
24/11/2024, 05:01:05, 19.00, 50.00, 0, 16.63, 0.00, 0.00
24/11/2024, 05:01:12, 19.00, 50.00, 0, 16.69, 0.00, 0.00
24/11/2024, 05:01:20, 19.00, 50.00, 0, 16.65, 0.00, 0.00
24/11/2024, 05:01:27, 19.00, 50.00, 0, 16.65, 0.00, 0.00
24/11/2024, 05:01:34, 19.00, 50.00, 0, 16.65, 0.00, 0.00
24/11/2024, 05:01:41, 19.00, 50.00, 0, 16.69, 0.00, 0.00
24/11/2024, 05:01:49, 19.00, 50.00, 0, 16.69, 0.00, 0.00
24/11/2024, 05:01:56, 19.00, 50.00, 0, 16.69, 0.00, 0.00
24/11/2024, 05:02:03, 19.00, 50.00, 0, 16.69, 0.00, 0.00
24/11/2024, 05:02:10, 19.00, 50.00, 0, 16.65, 0.00, 0.00
24/11/2024, 05:02:18, 19.00, 50.00, 0, 16.65, 0.00, 0.00
24/11/2024, 05:02:25, 19.00, 50.00, 0, 16.63, 0.00, 0.00
24/11/2024, 05:02:32, 19.00, 50.00, 0, 16.69, 0.00, 0.00
24/11/2024, 05:02:39, 19.00, 50.00, 0, 16.63, 0.00, 0.00
24/11/2024, 05:02:47, 19.00, 50.00, 0, 16.65, 0.00, 0.00
24/11/2024, 05:02:54, 19.00, 50.00, 0, 16.63, 0.00, 0.00
24/11/2024, 05:03:01, 19.00, 50.00, 0, 16.63, 0.00, 0.00
24/11/2024, 05:03:08, 19.00, 50.00, 0, 16.59, 0.00, 0.00
24/11/2024, 05:03:16, 19.00, 50.00, 0, 16.63, 0.00, 0.00
24/11/2024, 05:03:23, 19.00, 50.00, 0, 16.65, 0.00, 0.00
24/11/2024, 05:03:30, 19.00, 50.00, 0, 16.63, 0.00, 0.00
24/11/2024, 05:03:37, 19.00, 50.00, 0, 16.59, 0.00, 0.00
24/11/2024, 05:03:45, 19.00, 50.00, 0, 16.65, 0.00, 0.00
24/11/2024, 05:03:52, 19.00, 50.00, 0, 16.63, 0.00, 0.00
24/11/2024, 05:03:59, 19.00, 50.00, 0, 16.63, 0.00, 0.00
24/11/2024, 05:04:07, 19.00, 50.00, 0, 16.65, 0.00, 0.00
24/11/2024, 05:04:14, 19.00, 50.00, 0, 16.59, 0.00, 0.00
24/11/2024, 05:04:21, 19.00, 50.00, 0, 16.59, 0.00, 0.00
24/11/2024, 05:04:28, 19.00, 50.00, 0, 16.59, 0.00, 0.00
24/11/2024, 05:04:36, 19.00, 50.00, 0, 16.65, 0.00, 0.00
24/11/2024, 05:04:43, 19.00, 50.00, 0, 16.59, 0.00, 0.00
24/11/2024, 05:04:50, 19.00, 50.00, 0, 16.59, 0.00, 0.00
24/11/2024, 05:04:57, 19.00, 50.00, 0, 16.59, 0.00, 0.00
24/11/2024, 05:05:05, 19.00, 50.00, 0, 16.63, 0.00, 0.00
24/11/2024, 05:05:12, 19.00, 50.00, 0, 16.63, 0.00, 0.00
24/11/2024, 05:05:19, 19.00, 50.00, 0, 16.63, 0.00, 0.00
24/11/2024, 05:05:26, 19.00, 50.00, 0, 16.59, 0.00, 0.00
24/11/2024, 05:05:34, 19.00, 50.00, 0, 16.59, 0.00, 0.00
24/11/2024, 05:05:41, 19.00, 50.00, 0, 16.59, 0.00, 0.00
24/11/2024, 05:05:48, 19.00, 50.00, 0, 16.59, 0.00, 0.00
24/11/2024, 05:05:55, 19.00, 50.00, 0, 16.57, 0.00, 0.00
24/11/2024, 05:06:03, 19.00, 50.00, 0, 16.63, 0.00, 0.00
24/11/2024, 05:06:10, 19.00, 50.00, 0, 16.65, 0.00, 0.00
24/11/2024, 05:06:17, 19.00, 50.00, 0, 16.63, 0.00, 0.00
24/11/2024, 05:06:24, 19.00, 50.00, 0, 16.63, 0.00, 0.00
24/11/2024, 05:06:32, 19.00, 50.00, 0, 16.59, 0.00, 0.00
24/11/2024, 05:06:39, 19.00, 50.00, 0, 16.63, 0.00, 0.00
24/11/2024, 05:06:46, 19.00, 50.00, 0, 16.65, 0.00, 0.00
24/11/2024, 05:06:53, 19.00, 50.00, 0, 16.57, 0.00, 0.00
24/11/2024, 05:07:01, 19.00, 50.00, 0, 16.63, 0.00, 0.00
24/11/2024, 05:07:08, 19.00, 50.00, 0, 16.59, 0.00, 0.00
24/11/2024, 05:07:15, 19.00, 50.00, 0, 16.63, 0.00, 0.00
24/11/2024, 05:07:22, 19.00, 50.00, 0, 16.59, 0.00, 0.00
24/11/2024, 05:07:30, 19.00, 50.00, 0, 16.57, 0.00, 0.00
24/11/2024, 05:07:37, 19.00, 50.00, 0, 16.57, 0.00, 0.00
24/11/2024, 05:07:44, 19.00, 50.00, 0, 16.59, 0.00, 0.00
24/11/2024, 05:07:52, 19.00, 50.00, 0, 16.63, 0.00, 0.00
24/11/2024, 05:07:59, 19.00, 50.00, 0, 16.59, 0.00, 0.00
24/11/2024, 05:08:06, 19.00, 50.00, 0, 16.63, 0.00, 0.00
24/11/2024, 05:08:13, 19.00, 50.00, 0, 16.59, 0.00, 0.00
24/11/2024, 05:08:21, 19.00, 50.00, 0, 16.59, 0.00, 0.00
24/11/2024, 05:08:28, 19.00, 50.00, 0, 16.59, 0.00, 0.00
24/11/2024, 05:08:35, 19.00, 50.00, 0, 16.57, 0.00, 0.00
24/11/2024, 05:08:42, 19.00, 50.00, 0, 16.47, 0.00, 0.00
24/11/2024, 05:08:50, 19.00, 50.00, 0, 16.53, 0.00, 0.00
24/11/2024, 05:08:57, 19.00, 50.00, 0, 16.59, 0.00, 0.00
24/11/2024, 05:09:04, 19.00, 50.00, 0, 16.57, 0.00, 0.00
24/11/2024, 05:09:11, 19.00, 50.00, 0, 16.59, 0.00, 0.00
24/11/2024, 05:09:19, 19.00, 50.00, 0, 16.57, 0.00, 0.00
24/11/2024, 05:09:26, 19.00, 50.00, 0, 16.57, 0.00, 0.00
24/11/2024, 05:09:33, 19.00, 50.00, 0, 16.47, 0.00, 0.00
24/11/2024, 05:09:40, 19.00, 50.00, 0, 16.59, 0.00, 0.00
24/11/2024, 05:09:48, 19.00, 50.00, 0, 16.53, 0.00, 0.00
24/11/2024, 05:09:55, 19.00, 50.00, 0, 16.57, 0.00, 0.00
24/11/2024, 05:10:02, 19.00, 50.00, 0, 16.57, 0.00, 0.00
24/11/2024, 05:10:09, 19.00, 50.00, 0, 16.53, 0.00, 0.00
24/11/2024, 05:10:17, 19.00, 50.00, 0, 16.57, 0.00, 0.00
24/11/2024, 05:10:24, 19.00, 50.00, 0, 16.53, 0.00, 0.00
24/11/2024, 05:10:31, 19.00, 50.00, 0, 16.53, 0.00, 0.00
24/11/2024, 05:10:38, 19.00, 50.00, 0, 16.49, 0.00, 0.00
24/11/2024, 05:10:46, 19.00, 50.00, 0, 16.53, 0.00, 0.00
24/11/2024, 05:10:53, 19.00, 50.00, 0, 16.57, 0.00, 0.00
24/11/2024, 05:11:00, 19.00, 50.00, 0, 16.57, 0.00, 0.00
24/11/2024, 05:11:07, 19.00, 50.00, 0, 16.59, 0.00, 0.00
24/11/2024, 05:11:15, 19.00, 50.00, 0, 16.53, 0.00, 0.00
24/11/2024, 05:11:22, 19.00, 50.00, 0, 16.53, 0.00, 0.00
24/11/2024, 05:11:29, 19.00, 50.00, 0, 16.53, 0.00, 0.00
24/11/2024, 05:11:37, 19.00, 50.00, 0, 16.57, 0.00, 0.00
24/11/2024, 05:11:44, 19.00, 50.00, 0, 16.59, 0.00, 0.00
24/11/2024, 05:11:51, 19.00, 50.00, 0, 16.59, 0.00, 0.00
24/11/2024, 05:11:58, 19.00, 50.00, 0, 16.53, 0.00, 0.00
24/11/2024, 05:12:06, 19.00, 50.00, 0, 16.57, 0.00, 0.00
24/11/2024, 05:12:13, 19.00, 50.00, 0, 16.57, 0.00, 0.00
24/11/2024, 05:12:20, 19.00, 50.00, 0, 16.49, 0.00, 0.00
24/11/2024, 05:12:27, 19.00, 50.00, 0, 16.47, 0.00, 0.00
24/11/2024, 05:12:35, 19.00, 50.00, 0, 16.59, 0.00, 0.00
24/11/2024, 05:12:42, 19.00, 50.00, 0, 16.49, 0.00, 0.00
24/11/2024, 05:12:49, 19.00, 50.00, 0, 16.57, 0.00, 0.00
24/11/2024, 05:12:56, 19.00, 50.00, 0, 16.53, 0.00, 0.00
24/11/2024, 05:13:04, 19.00, 50.00, 0, 16.53, 0.00, 0.00
24/11/2024, 05:13:11, 19.00, 50.00, 0, 16.53, 0.00, 0.00
24/11/2024, 05:13:18, 19.00, 50.00, 0, 16.57, 0.00, 0.00
24/11/2024, 05:13:25, 19.00, 50.00, 0, 16.47, 0.00, 0.00
24/11/2024, 05:13:33, 19.00, 50.00, 0, 16.53, 0.00, 0.00
24/11/2024, 05:13:40, 19.00, 50.00, 0, 16.43, 0.00, 0.00
24/11/2024, 05:13:47, 19.00, 50.00, 0, 16.47, 0.00, 0.00
24/11/2024, 05:13:54, 19.00, 50.00, 0, 16.57, 0.00, 0.00
24/11/2024, 05:14:02, 19.00, 50.00, 0, 16.47, 0.00, 0.00
24/11/2024, 05:14:09, 19.00, 50.00, 0, 16.49, 0.00, 0.00
24/11/2024, 05:14:16, 19.00, 50.00, 0, 16.49, 0.00, 0.00
24/11/2024, 05:14:23, 19.00, 50.00, 0, 16.47, 0.00, 0.00
24/11/2024, 05:14:31, 19.00, 50.00, 0, 16.49, 0.00, 0.00
24/11/2024, 05:14:38, 19.00, 50.00, 0, 16.53, 0.00, 0.00
24/11/2024, 05:14:45, 19.00, 50.00, 0, 16.53, 0.00, 0.00
24/11/2024, 05:14:52, 19.00, 50.00, 0, 16.43, 0.00, 0.00
24/11/2024, 05:15:00, 19.00, 50.00, 0, 16.49, 0.00, 0.00
24/11/2024, 05:15:07, 19.00, 50.00, 0, 16.47, 0.00, 0.00
24/11/2024, 05:15:14, 19.00, 50.00, 0, 16.49, 0.00, 0.00
24/11/2024, 05:15:22, 19.00, 50.00, 0, 16.49, 0.00, 0.00
24/11/2024, 05:15:29, 19.00, 50.00, 0, 16.49, 0.00, 0.00
24/11/2024, 05:15:36, 19.00, 50.00, 0, 16.47, 0.00, 0.00
24/11/2024, 05:15:43, 19.00, 50.00, 0, 16.47, 0.00, 0.00
24/11/2024, 05:15:51, 19.00, 50.00, 0, 16.43, 0.00, 0.00
24/11/2024, 05:15:58, 19.00, 50.00, 0, 16.39, 0.00, 0.00
24/11/2024, 05:16:05, 19.00, 50.00, 0, 16.47, 0.00, 0.00
24/11/2024, 05:16:12, 19.00, 50.00, 0, 16.49, 0.00, 0.00
24/11/2024, 05:16:20, 19.00, 50.00, 0, 16.47, 0.00, 0.00
24/11/2024, 05:16:27, 19.00, 50.00, 0, 16.49, 0.00, 0.00
24/11/2024, 05:16:34, 19.00, 50.00, 0, 16.49, 0.00, 0.00
24/11/2024, 05:16:41, 19.00, 50.00, 0, 16.47, 0.00, 0.00
24/11/2024, 05:16:49, 19.00, 50.00, 0, 16.47, 0.00, 0.00
24/11/2024, 05:16:56, 19.00, 50.00, 0, 16.47, 0.00, 0.00
24/11/2024, 05:17:03, 19.00, 50.00, 0, 16.39, 0.00, 0.00
24/11/2024, 05:17:10, 19.00, 50.00, 0, 16.43, 0.00, 0.00
24/11/2024, 05:17:18, 19.00, 50.00, 0, 16.39, 0.00, 0.00
24/11/2024, 05:17:25, 19.00, 50.00, 0, 16.43, 0.00, 0.00
24/11/2024, 05:17:32, 19.00, 50.00, 0, 16.49, 0.00, 0.00
24/11/2024, 05:17:39, 19.00, 50.00, 0, 16.49, 0.00, 0.00
24/11/2024, 05:17:47, 19.00, 50.00, 0, 16.49, 0.00, 0.00
24/11/2024, 05:17:54, 19.00, 50.00, 0, 16.43, 0.00, 0.00
24/11/2024, 05:18:01, 19.00, 50.00, 0, 16.43, 0.00, 0.00
24/11/2024, 05:18:08, 19.00, 50.00, 0, 16.43, 0.00, 0.00
24/11/2024, 05:18:16, 19.00, 50.00, 0, 16.37, 0.00, 0.00
24/11/2024, 05:18:23, 19.00, 50.00, 0, 16.39, 0.00, 0.00
24/11/2024, 05:18:30, 19.00, 50.00, 0, 16.43, 0.00, 0.00
24/11/2024, 05:18:37, 19.00, 50.00, 0, 16.47, 0.00, 0.00
24/11/2024, 05:18:45, 19.00, 50.00, 0, 16.37, 0.00, 0.00
24/11/2024, 05:18:52, 19.00, 50.00, 0, 16.39, 0.00, 0.00
24/11/2024, 05:18:59, 19.00, 50.00, 0, 16.39, 0.00, 0.00
24/11/2024, 05:19:07, 19.00, 50.00, 0, 16.39, 0.00, 0.00
24/11/2024, 05:19:14, 19.00, 50.00, 0, 16.39, 0.00, 0.00
24/11/2024, 05:19:21, 19.00, 50.00, 0, 16.47, 0.00, 0.00
24/11/2024, 05:19:28, 19.00, 50.00, 0, 16.43, 0.00, 0.00
24/11/2024, 05:19:36, 19.00, 50.00, 0, 16.39, 0.00, 0.00
24/11/2024, 05:19:43, 19.00, 50.00, 0, 16.43, 0.00, 0.00
24/11/2024, 05:19:50, 19.00, 50.00, 0, 16.39, 0.00, 0.00
24/11/2024, 05:19:57, 19.00, 50.00, 0, 16.43, 0.00, 0.00
24/11/2024, 05:20:05, 19.00, 50.00, 0, 16.39, 0.00, 0.00
24/11/2024, 05:20:12, 19.00, 50.00, 0, 16.39, 0.00, 0.00
24/11/2024, 05:20:19, 19.00, 50.00, 0, 16.39, 0.00, 0.00
24/11/2024, 05:20:26, 19.00, 50.00, 0, 16.37, 0.00, 0.00
24/11/2024, 05:20:34, 19.00, 50.00, 0, 16.39, 0.00, 0.00
24/11/2024, 05:20:41, 19.00, 50.00, 0, 16.39, 0.00, 0.00
24/11/2024, 05:20:48, 19.00, 50.00, 0, 16.37, 0.00, 0.00
24/11/2024, 05:20:55, 19.00, 50.00, 0, 16.39, 0.00, 0.00
24/11/2024, 05:21:03, 19.00, 50.00, 0, 16.37, 0.00, 0.00
24/11/2024, 05:21:10, 19.00, 50.00, 0, 16.33, 0.00, 0.00
24/11/2024, 05:21:17, 19.00, 50.00, 0, 16.37, 0.00, 0.00
24/11/2024, 05:21:24, 19.00, 50.00, 0, 16.37, 0.00, 0.00
24/11/2024, 05:21:32, 19.00, 50.00, 0, 16.37, 0.00, 0.00
24/11/2024, 05:21:39, 19.00, 50.00, 0, 16.39, 0.00, 0.00
24/11/2024, 05:21:46, 19.00, 50.00, 0, 16.33, 0.00, 0.00
24/11/2024, 05:21:53, 19.00, 50.00, 0, 16.39, 0.00, 0.00
24/11/2024, 05:22:01, 19.00, 50.00, 0, 16.37, 0.00, 0.00
24/11/2024, 05:22:08, 19.00, 50.00, 0, 16.37, 0.00, 0.00
24/11/2024, 05:22:15, 19.00, 50.00, 0, 16.37, 0.00, 0.00
24/11/2024, 05:22:22, 19.00, 50.00, 0, 16.39, 0.00, 0.00
24/11/2024, 05:22:30, 19.00, 50.00, 0, 16.39, 0.00, 0.00
24/11/2024, 05:22:37, 19.00, 50.00, 0, 16.37, 0.00, 0.00
24/11/2024, 05:22:44, 19.00, 50.00, 0, 16.29, 0.00, 0.00
24/11/2024, 05:22:52, 19.00, 50.00, 0, 16.33, 0.00, 0.00
24/11/2024, 05:22:59, 19.00, 50.00, 0, 16.33, 0.00, 0.00
24/11/2024, 05:23:06, 19.00, 50.00, 0, 16.33, 0.00, 0.00
24/11/2024, 05:23:13, 19.00, 50.00, 0, 16.33, 0.00, 0.00
24/11/2024, 05:23:21, 19.00, 50.00, 0, 16.33, 0.00, 0.00
24/11/2024, 05:23:28, 19.00, 50.00, 0, 16.33, 0.00, 0.00
24/11/2024, 05:23:35, 19.00, 50.00, 0, 16.33, 0.00, 0.00
24/11/2024, 05:23:42, 19.00, 50.00, 0, 16.39, 0.00, 0.00
24/11/2024, 05:23:50, 19.00, 50.00, 0, 16.33, 0.00, 0.00
24/11/2024, 05:23:57, 19.00, 50.00, 0, 16.33, 0.00, 0.00
24/11/2024, 05:24:04, 19.00, 50.00, 0, 16.33, 0.00, 0.00
24/11/2024, 05:24:11, 19.00, 50.00, 0, 16.33, 0.00, 0.00
24/11/2024, 05:24:19, 19.00, 50.00, 0, 16.37, 0.00, 0.00
24/11/2024, 05:24:26, 19.00, 50.00, 0, 16.33, 0.00, 0.00
24/11/2024, 05:24:33, 19.00, 50.00, 0, 16.39, 0.00, 0.00
24/11/2024, 05:24:40, 19.00, 50.00, 0, 16.37, 0.00, 0.00
24/11/2024, 05:24:48, 19.00, 50.00, 0, 16.29, 0.00, 0.00
24/11/2024, 05:24:55, 19.00, 50.00, 0, 16.33, 0.00, 0.00
24/11/2024, 05:25:02, 19.00, 50.00, 0, 16.33, 0.00, 0.00
24/11/2024, 05:25:09, 19.00, 50.00, 0, 16.33, 0.00, 0.00
24/11/2024, 05:25:17, 19.00, 50.00, 0, 16.39, 0.00, 0.00
24/11/2024, 05:25:24, 19.00, 50.00, 0, 16.33, 0.00, 0.00
24/11/2024, 05:25:31, 19.00, 50.00, 0, 16.27, 0.00, 0.00
24/11/2024, 05:25:38, 19.00, 50.00, 0, 16.29, 0.00, 0.00
24/11/2024, 05:25:46, 19.00, 50.00, 0, 16.27, 0.00, 0.00
24/11/2024, 05:25:53, 19.00, 50.00, 0, 16.29, 0.00, 0.00
24/11/2024, 05:26:00, 19.00, 50.00, 0, 16.37, 0.00, 0.00
24/11/2024, 05:26:07, 19.00, 50.00, 0, 16.33, 0.00, 0.00
24/11/2024, 05:26:15, 19.00, 50.00, 0, 16.27, 0.00, 0.00
24/11/2024, 05:26:22, 19.00, 50.00, 0, 16.33, 0.00, 0.00
24/11/2024, 05:26:29, 19.00, 50.00, 0, 16.33, 0.00, 0.00
24/11/2024, 05:26:37, 19.00, 50.00, 0, 16.29, 0.00, 0.00
24/11/2024, 05:26:44, 19.00, 50.00, 0, 16.27, 0.00, 0.00
24/11/2024, 05:26:51, 19.00, 50.00, 0, 16.29, 0.00, 0.00
24/11/2024, 05:26:58, 19.00, 50.00, 0, 16.29, 0.00, 0.00
24/11/2024, 05:27:06, 19.00, 50.00, 0, 16.23, 0.00, 0.00
24/11/2024, 05:27:13, 19.00, 50.00, 0, 16.29, 0.00, 0.00
24/11/2024, 05:27:20, 19.00, 50.00, 0, 16.27, 0.00, 0.00
24/11/2024, 05:27:27, 19.00, 50.00, 0, 16.33, 0.00, 0.00
24/11/2024, 05:27:35, 19.00, 50.00, 0, 16.21, 0.00, 0.00
24/11/2024, 05:27:42, 19.00, 50.00, 0, 16.33, 0.00, 0.00
24/11/2024, 05:27:49, 19.00, 50.00, 0, 16.29, 0.00, 0.00
24/11/2024, 05:27:56, 19.00, 50.00, 0, 16.23, 0.00, 0.00
24/11/2024, 05:28:04, 19.00, 50.00, 0, 16.23, 0.00, 0.00
24/11/2024, 05:28:11, 19.00, 50.00, 0, 16.21, 0.00, 0.00
24/11/2024, 05:28:18, 19.00, 50.00, 0, 16.27, 0.00, 0.00
24/11/2024, 05:28:25, 19.00, 50.00, 0, 16.23, 0.00, 0.00
24/11/2024, 05:28:33, 19.00, 50.00, 0, 16.29, 0.00, 0.00
24/11/2024, 05:28:40, 19.00, 50.00, 0, 16.27, 0.00, 0.00
24/11/2024, 05:28:47, 19.00, 50.00, 0, 16.29, 0.00, 0.00
24/11/2024, 05:28:54, 19.00, 50.00, 0, 16.23, 0.00, 0.00
24/11/2024, 05:29:02, 19.00, 50.00, 0, 16.27, 0.00, 0.00
24/11/2024, 05:29:09, 19.00, 50.00, 0, 16.27, 0.00, 0.00
24/11/2024, 05:29:16, 19.00, 50.00, 0, 16.27, 0.00, 0.00
24/11/2024, 05:29:23, 19.00, 50.00, 0, 16.27, 0.00, 0.00
24/11/2024, 05:29:31, 19.00, 50.00, 0, 16.23, 0.00, 0.00
24/11/2024, 05:29:38, 19.00, 50.00, 0, 16.27, 0.00, 0.00
24/11/2024, 05:29:45, 19.00, 50.00, 0, 16.29, 0.00, 0.00
24/11/2024, 05:29:52, 19.00, 50.00, 0, 16.23, 0.00, 0.00
24/11/2024, 05:30:00, 19.00, 50.00, 0, 16.21, 0.00, 0.00
24/11/2024, 05:30:07, 19.00, 50.00, 0, 16.23, 0.00, 0.00
24/11/2024, 05:30:14, 19.00, 50.00, 0, 16.23, 0.00, 0.00
24/11/2024, 05:30:21, 19.00, 50.00, 0, 16.27, 0.00, 0.00
24/11/2024, 05:30:29, 19.00, 50.00, 0, 16.23, 0.00, 0.00
24/11/2024, 05:30:36, 19.00, 50.00, 0, 16.29, 0.00, 0.00
24/11/2024, 05:30:43, 19.00, 50.00, 0, 16.17, 0.00, 0.00
24/11/2024, 05:30:51, 19.00, 50.00, 0, 16.21, 0.00, 0.00
24/11/2024, 05:30:58, 19.00, 50.00, 0, 16.21, 0.00, 0.00
24/11/2024, 05:31:05, 19.00, 50.00, 0, 16.21, 0.00, 0.00
24/11/2024, 05:31:12, 19.00, 50.00, 0, 16.21, 0.00, 0.00
24/11/2024, 05:31:20, 19.00, 50.00, 0, 16.17, 0.00, 0.00
24/11/2024, 05:31:27, 19.00, 50.00, 0, 16.27, 0.00, 0.00
24/11/2024, 05:31:29, 19.00, 50.00, 0, 16.27, 0.00, 0.00
24/11/2024, 05:31:32, 19.00, 50.00, 0, 16.27, 0.00, 0.00
24/11/2024, 05:31:36, 19.00, 50.00, 0, 16.27, 0.00, 0.00
24/11/2024, 05:31:38, 19.00, 50.00, 0, 16.27, 0.00, 0.00
24/11/2024, 05:31:39, 19.00, 50.00, 0, 16.27, 0.00, 0.00
