Fecha, Hora, Temp. Ambiental (DHT11), Humedad (DHT11), CO2 PPM (MQ135),  Temp. Corporal (MLX90614), Pulso Card. (MAX30102), Oxigenacion (MAX30102)
04/12/2024, 00:24:28, 16.60, 69.00, 24070, 21.83, 0.00, 0.00
04/12/2024, 00:24:34, 16.60, 70.00, 4306, 25.11, 0.00, 0.00
04/12/2024, 00:24:40, 16.60, 70.00, 1031, 18.95, 0.00, 0.00
04/12/2024, 00:24:47, 16.60, 70.00, 473, 18.81, 0.00, 0.00
04/12/2024, 00:24:53, 16.60, 70.00, 308, 18.81, 0.00, 0.00
04/12/2024, 00:24:59, 16.60, 70.00, 239, 18.71, 0.00, 0.00
04/12/2024, 00:25:06, 16.60, 70.00, 199, 18.69, 0.00, 0.00
04/12/2024, 00:25:12, 16.60, 70.00, 173, 18.63, 0.00, 0.00
04/12/2024, 00:25:18, 16.60, 70.00, 157, 18.63, 0.00, 0.00
04/12/2024, 00:25:25, 16.60, 70.00, 146, 18.63, 0.00, 0.00
04/12/2024, 00:25:31, 16.60, 70.00, 135, 18.63, 0.00, 0.00
04/12/2024, 00:25:37, 16.60, 70.00, 129, 18.59, 0.00, 0.00
04/12/2024, 00:25:44, 16.60, 70.00, 122, 18.65, 0.00, 0.00
04/12/2024, 00:25:50, 16.60, 70.00, 119, 18.59, 0.00, 0.00
04/12/2024, 00:25:57, 16.60, 70.00, 113, 18.53, 0.00, 0.00
04/12/2024, 00:26:03, 16.60, 70.00, 110, 18.55, 0.00, 0.00
04/12/2024, 00:26:09, 16.60, 70.00, 107, 18.63, 0.00, 0.00
04/12/2024, 00:26:16, 16.60, 70.00, 104, 18.59, 0.00, 0.00
04/12/2024, 00:26:22, 16.60, 70.00, 104, 18.63, 0.00, 0.00
04/12/2024, 00:26:28, 16.60, 70.00, 101, 18.63, 0.00, 0.00
04/12/2024, 00:26:35, 16.60, 70.00, 98, 18.55, 0.00, 0.00
04/12/2024, 00:26:41, 16.60, 70.00, 98, 18.63, 0.00, 0.00
04/12/2024, 00:26:47, 16.60, 70.00, 96, 18.69, 0.00, 0.00
04/12/2024, 00:26:54, 16.60, 70.00, 96, 18.59, 0.00, 0.00
04/12/2024, 00:27:00, 16.60, 70.00, 96, 18.69, 0.00, 0.00
04/12/2024, 00:27:06, 16.60, 70.00, 96, 18.65, 0.00, 0.00
04/12/2024, 00:27:13, 16.60, 70.00, 93, 18.63, 0.00, 0.00
04/12/2024, 00:27:19, 16.60, 70.00, 93, 18.71, 0.00, 0.00
04/12/2024, 00:27:25, 16.60, 70.00, 93, 18.63, 0.00, 0.00
04/12/2024, 00:27:32, 16.60, 70.00, 90, 18.65, 0.00, 0.00
04/12/2024, 00:27:38, 16.60, 70.00, 90, 18.71, 0.00, 0.00
04/12/2024, 00:27:44, 16.60, 70.00, 90, 18.69, 0.00, 0.00
04/12/2024, 00:27:51, 16.60, 70.00, 90, 18.71, 0.00, 0.00
04/12/2024, 00:27:57, 16.60, 70.00, 90, 18.75, 0.00, 0.00
04/12/2024, 00:28:03, 16.60, 70.00, 88, 18.79, 0.00, 0.00
04/12/2024, 00:28:10, 16.60, 70.00, 88, 18.75, 0.00, 0.00
04/12/2024, 00:28:16, 16.60, 70.00, 88, 18.79, 0.00, 0.00
04/12/2024, 00:28:22, 16.60, 70.00, 88, 18.81, 0.00, 0.00
04/12/2024, 00:28:29, 16.60, 70.00, 88, 18.75, 0.00, 0.00
04/12/2024, 00:28:35, 16.70, 70.00, 88, 18.79, 0.00, 0.00
04/12/2024, 00:28:41, 17.00, 70.00, 85, 18.79, 0.00, 0.00
04/12/2024, 00:28:48, 17.00, 70.00, 88, 18.87, 0.00, 0.00
04/12/2024, 00:29:00, 17.00, 70.00, 85, 18.87, 0.00, 0.00
04/12/2024, 00:29:07, 17.00, 70.00, 85, 18.85, 0.00, 0.00
04/12/2024, 00:29:13, 17.00, 70.00, 85, 18.95, 0.00, 0.00
04/12/2024, 00:29:20, 17.00, 70.00, 85, 18.85, 0.00, 0.00
04/12/2024, 00:29:26, 17.00, 70.00, 85, 18.91, 0.00, 0.00
04/12/2024, 00:29:32, 17.00, 70.00, 85, 18.91, 0.00, 0.00
04/12/2024, 00:29:39, 17.00, 70.00, 85, 18.95, 0.00, 0.00
04/12/2024, 00:29:45, 17.00, 70.00, 85, 18.91, 0.00, 0.00
04/12/2024, 00:29:51, 17.00, 70.00, 83, 18.97, 0.00, 0.00
04/12/2024, 00:29:58, 17.00, 70.00, 83, 18.97, 0.00, 0.00
04/12/2024, 00:30:04, 17.00, 70.00, 83, 18.95, 0.00, 0.00
04/12/2024, 00:30:10, 17.00, 70.00, 83, 18.97, 0.00, 0.00
04/12/2024, 00:30:17, 17.00, 70.00, 83, 18.97, 0.00, 0.00
04/12/2024, 00:30:23, 17.00, 70.00, 83, 19.03, 0.00, 0.00
04/12/2024, 00:30:29, 17.00, 70.00, 83, 19.07, 0.00, 0.00
04/12/2024, 00:30:36, 17.00, 70.00, 83, 19.07, 0.00, 0.00
04/12/2024, 00:30:42, 17.00, 70.00, 83, 19.03, 0.00, 0.00
04/12/2024, 00:30:48, 17.40, 70.00, 83, 19.03, 0.00, 0.00
04/12/2024, 00:30:55, 17.40, 70.00, 83, 19.07, 0.00, 0.00
04/12/2024, 00:31:01, 17.40, 70.00, 83, 19.03, 0.00, 0.00
04/12/2024, 00:31:07, 17.40, 69.00, 83, 19.07, 0.00, 0.00
04/12/2024, 00:31:14, 17.40, 69.00, 83, 19.23, 0.00, 0.00
04/12/2024, 00:31:20, 17.40, 69.00, 83, 19.09, 0.00, 0.00
04/12/2024, 00:31:26, 17.40, 69.00, 83, 19.19, 0.00, 0.00
04/12/2024, 00:31:33, 17.40, 69.00, 83, 19.19, 0.00, 0.00
04/12/2024, 00:31:39, 17.40, 69.00, 83, 19.13, 0.00, 0.00
04/12/2024, 00:31:45, 17.40, 69.00, 83, 19.13, 0.00, 0.00
04/12/2024, 00:31:52, 17.40, 69.00, 83, 19.19, 0.00, 0.00
04/12/2024, 00:32:04, 17.40, 69.00, 83, 19.19, 0.00, 0.00
04/12/2024, 00:32:11, 17.40, 69.00, 80, 19.23, 0.00, 0.00
04/12/2024, 00:32:17, 17.40, 69.00, 83, 19.23, 0.00, 0.00
04/12/2024, 00:32:23, 17.40, 69.00, 80, 19.33, 0.00, 0.00
04/12/2024, 00:32:30, 17.40, 69.00, 83, 19.25, 0.00, 0.00
04/12/2024, 00:32:36, 17.40, 69.00, 83, 19.29, 0.00, 0.00
04/12/2024, 00:32:42, 17.50, 69.00, 80, 19.29, 0.00, 0.00
04/12/2024, 00:32:49, 17.80, 69.00, 80, 19.33, 0.00, 0.00
04/12/2024, 00:32:55, 17.80, 69.00, 83, 19.33, 0.00, 0.00
04/12/2024, 00:33:02, 17.80, 68.00, 83, 19.25, 0.00, 0.00
04/12/2024, 00:33:08, 17.80, 68.00, 83, 19.23, 0.00, 0.00
04/12/2024, 00:33:14, 17.80, 68.00, 83, 19.35, 0.00, 0.00
04/12/2024, 00:33:21, 17.80, 68.00, 80, 19.39, 0.00, 0.00
04/12/2024, 00:33:27, 17.80, 68.00, 80, 19.39, 0.00, 0.00
04/12/2024, 00:33:33, 17.80, 68.00, 80, 19.33, 0.00, 0.00
04/12/2024, 00:33:40, 17.80, 68.00, 83, 19.45, 0.00, 0.00
04/12/2024, 00:33:46, 17.80, 68.00, 80, 19.39, 0.00, 0.00
04/12/2024, 00:33:52, 17.80, 68.00, 80, 19.33, 0.00, 0.00
04/12/2024, 00:33:59, 17.80, 68.00, 80, 19.47, 0.00, 0.00
04/12/2024, 00:34:05, 17.80, 68.00, 80, 19.41, 0.00, 0.00
04/12/2024, 00:34:11, 17.80, 68.00, 80, 19.39, 0.00, 0.00
04/12/2024, 00:34:18, 17.80, 68.00, 80, 19.35, 0.00, 0.00
04/12/2024, 00:34:24, 17.80, 67.00, 80, 19.39, 0.00, 0.00
04/12/2024, 00:34:30, 17.80, 67.00, 80, 19.41, 0.00, 0.00
04/12/2024, 00:34:43, 18.20, 67.00, 80, 19.45, 0.00, 0.00
04/12/2024, 00:34:49, 18.20, 67.00, 80, 19.47, 0.00, 0.00
04/12/2024, 00:34:56, 18.20, 67.00, 80, 19.47, 0.00, 0.00
04/12/2024, 00:35:02, 18.20, 67.00, 80, 19.47, 0.00, 0.00
04/12/2024, 00:35:08, 18.20, 67.00, 80, 19.47, 0.00, 0.00
04/12/2024, 00:35:15, 18.20, 67.00, 80, 19.45, 0.00, 0.00
04/12/2024, 00:35:21, 18.20, 67.00, 80, 19.51, 0.00, 0.00
04/12/2024, 00:35:34, 18.20, 67.00, 80, 19.51, 0.00, 0.00
04/12/2024, 00:35:40, 18.20, 67.00, 80, 19.55, 0.00, 0.00
04/12/2024, 00:35:46, 18.20, 67.00, 80, 19.51, 0.00, 0.00
04/12/2024, 00:35:53, 18.20, 67.00, 80, 19.55, 0.00, 0.00
04/12/2024, 00:35:59, 18.20, 66.00, 80, 19.55, 0.00, 0.00
04/12/2024, 00:36:05, 18.20, 66.00, 80, 19.57, 0.00, 0.00
04/12/2024, 00:36:12, 18.20, 66.00, 80, 19.57, 0.00, 0.00
04/12/2024, 00:36:18, 18.20, 66.00, 80, 19.57, 0.00, 0.00
04/12/2024, 00:36:24, 18.20, 66.00, 80, 19.55, 0.00, 0.00
04/12/2024, 00:36:31, 18.30, 66.00, 80, 19.57, 0.00, 0.00
04/12/2024, 00:36:37, 18.60, 66.00, 80, 19.51, 0.00, 0.00
04/12/2024, 00:36:44, 18.60, 66.00, 80, 19.57, 0.00, 0.00
04/12/2024, 00:36:50, 18.60, 66.00, 80, 19.63, 0.00, 0.00
04/12/2024, 00:36:56, 18.60, 66.00, 80, 19.63, 0.00, 0.00
04/12/2024, 00:37:03, 18.60, 66.00, 80, 19.67, 0.00, 0.00
04/12/2024, 00:37:09, 18.60, 66.00, 80, 19.61, 0.00, 0.00
04/12/2024, 00:37:15, 18.60, 66.00, 80, 19.61, 0.00, 0.00
04/12/2024, 00:37:22, 18.60, 65.00, 80, 19.71, 0.00, 0.00
04/12/2024, 00:37:28, 18.60, 65.00, 80, 19.57, 0.00, 0.00
04/12/2024, 00:37:41, 18.60, 65.00, 80, 19.61, 0.00, 0.00
04/12/2024, 00:37:47, 18.60, 65.00, 80, 19.63, 0.00, 0.00
04/12/2024, 00:37:53, 18.60, 65.00, 80, 19.71, 0.00, 0.00
04/12/2024, 00:38:00, 18.60, 65.00, 80, 19.67, 0.00, 0.00
04/12/2024, 00:38:06, 18.60, 65.00, 80, 19.63, 0.00, 0.00
04/12/2024, 00:38:12, 18.60, 65.00, 80, 19.63, 0.00, 0.00
04/12/2024, 00:38:19, 18.60, 65.00, 80, 19.63, 0.00, 0.00
04/12/2024, 00:38:25, 18.70, 65.00, 80, 19.67, 0.00, 0.00
04/12/2024, 00:38:31, 18.70, 65.00, 80, 19.67, 0.00, 0.00
04/12/2024, 00:38:44, 19.00, 65.00, 80, 19.71, 0.00, 0.00
04/12/2024, 00:38:50, 19.00, 65.00, 80, 19.71, 0.00, 0.00
04/12/2024, 00:38:57, 19.00, 65.00, 80, 19.67, 0.00, 0.00
04/12/2024, 00:39:03, 19.00, 65.00, 80, 19.63, 0.00, 0.00
04/12/2024, 00:39:09, 19.00, 65.00, 80, 19.73, 0.00, 0.00
04/12/2024, 00:39:16, 19.00, 64.00, 80, 19.71, 0.00, 0.00
04/12/2024, 00:39:22, 19.00, 64.00, 80, 19.67, 0.00, 0.00
04/12/2024, 00:39:28, 19.00, 64.00, 80, 19.67, 0.00, 0.00
04/12/2024, 00:39:35, 19.00, 64.00, 80, 19.77, 0.00, 0.00
04/12/2024, 00:39:41, 19.00, 64.00, 80, 19.77, 0.00, 0.00
04/12/2024, 00:39:47, 19.00, 64.00, 80, 19.77, 0.00, 0.00
04/12/2024, 00:39:54, 19.00, 64.00, 80, 19.73, 0.00, 0.00
04/12/2024, 00:40:00, 19.00, 64.00, 80, 19.73, 0.00, 0.00
04/12/2024, 00:40:06, 19.00, 64.00, 80, 19.79, 0.00, 0.00
04/12/2024, 00:40:13, 19.00, 64.00, 80, 19.73, 0.00, 0.00
04/12/2024, 00:40:19, 19.00, 64.00, 80, 19.77, 0.00, 0.00
04/12/2024, 00:40:26, 19.00, 64.00, 80, 19.77, 0.00, 0.00
04/12/2024, 00:40:32, 19.00, 64.00, 80, 19.77, 0.00, 0.00
04/12/2024, 00:40:38, 19.00, 64.00, 80, 19.77, 0.00, 0.00
04/12/2024, 00:40:45, 19.00, 64.00, 80, 19.83, 0.00, 0.00
04/12/2024, 00:40:51, 19.00, 64.00, 80, 19.77, 0.00, 0.00
04/12/2024, 00:40:57, 19.00, 64.00, 80, 19.79, 0.00, 0.00
04/12/2024, 00:41:04, 19.40, 64.00, 80, 19.77, 0.00, 0.00
04/12/2024, 00:41:10, 19.40, 64.00, 80, 19.83, 0.00, 0.00
04/12/2024, 00:41:16, 19.40, 64.00, 80, 19.79, 0.00, 0.00
04/12/2024, 00:41:23, 19.40, 64.00, 80, 19.77, 0.00, 0.00
04/12/2024, 00:41:29, 19.40, 64.00, 80, 19.79, 0.00, 0.00
04/12/2024, 00:41:35, 19.40, 64.00, 80, 19.77, 0.00, 0.00
04/12/2024, 00:41:42, 19.40, 64.00, 80, 19.83, 0.00, 0.00
04/12/2024, 00:41:48, 19.40, 63.00, 80, 19.79, 0.00, 0.00
04/12/2024, 00:41:54, 19.40, 63.00, 80, 19.83, 0.00, 0.00
04/12/2024, 00:42:01, 19.40, 63.00, 80, 19.77, 0.00, 0.00
04/12/2024, 00:42:13, 19.40, 63.00, 80, 19.93, 0.00, 0.00
04/12/2024, 00:42:20, 19.40, 63.00, 80, 19.83, 0.00, 0.00
04/12/2024, 00:42:26, 19.40, 63.00, 80, 19.79, 0.00, 0.00
04/12/2024, 00:42:32, 19.40, 63.00, 80, 19.83, 0.00, 0.00
04/12/2024, 00:42:39, 19.40, 63.00, 80, 19.79, 0.00, 0.00
04/12/2024, 00:42:45, 19.40, 63.00, 80, 19.93, 0.00, 0.00
04/12/2024, 00:42:51, 19.40, 63.00, 80, 19.83, 0.00, 0.00
04/12/2024, 00:42:58, 19.40, 63.00, 80, 19.87, 0.00, 0.00
04/12/2024, 00:43:04, 19.40, 63.00, 80, 19.83, 0.00, 0.00
04/12/2024, 00:43:10, 19.40, 63.00, 80, 19.89, 0.00, 0.00
04/12/2024, 00:43:17, 19.40, 63.00, 80, 19.87, 0.00, 0.00
04/12/2024, 00:43:23, 19.40, 63.00, 80, 19.83, 0.00, 0.00
04/12/2024, 00:43:29, 19.40, 63.00, 80, 19.89, 0.00, 0.00
04/12/2024, 00:43:36, 19.40, 63.00, 80, 19.83, 0.00, 0.00
04/12/2024, 00:43:42, 19.50, 63.00, 80, 19.87, 0.00, 0.00
04/12/2024, 00:43:48, 19.80, 63.00, 80, 19.87, 0.00, 0.00
04/12/2024, 00:43:55, 19.80, 63.00, 80, 19.87, 0.00, 0.00
04/12/2024, 00:44:01, 19.80, 63.00, 80, 19.93, 0.00, 0.00
04/12/2024, 00:44:08, 19.80, 63.00, 80, 19.87, 0.00, 0.00
04/12/2024, 00:44:14, 19.80, 62.00, 80, 19.87, 0.00, 0.00
04/12/2024, 00:44:20, 19.80, 62.00, 80, 19.93, 0.00, 0.00
04/12/2024, 00:44:27, 19.80, 62.00, 80, 19.93, 0.00, 0.00
04/12/2024, 00:44:33, 19.80, 62.00, 80, 19.87, 0.00, 0.00
04/12/2024, 00:44:39, 19.80, 62.00, 80, 19.93, 0.00, 0.00
04/12/2024, 00:44:46, 19.80, 62.00, 80, 19.99, 0.00, 0.00
04/12/2024, 00:44:52, 19.80, 62.00, 80, 19.93, 0.00, 0.00
04/12/2024, 00:44:58, 19.80, 62.00, 80, 19.89, 0.00, 0.00
04/12/2024, 00:45:05, 19.80, 62.00, 80, 19.93, 0.00, 0.00
04/12/2024, 00:45:11, 19.80, 62.00, 80, 19.95, 0.00, 0.00
04/12/2024, 00:45:17, 19.80, 62.00, 80, 19.95, 0.00, 0.00
04/12/2024, 00:45:24, 19.80, 62.00, 80, 19.95, 0.00, 0.00
04/12/2024, 00:45:30, 19.80, 62.00, 80, 19.93, 0.00, 0.00
04/12/2024, 00:45:36, 19.80, 62.00, 80, 19.93, 0.00, 0.00
04/12/2024, 00:45:43, 19.80, 62.00, 80, 19.93, 0.00, 0.00
04/12/2024, 00:45:49, 19.80, 62.00, 80, 19.95, 0.00, 0.00
04/12/2024, 00:45:55, 19.80, 62.00, 80, 19.93, 0.00, 0.00
04/12/2024, 00:46:02, 19.80, 62.00, 80, 19.89, 0.00, 0.00
04/12/2024, 00:46:08, 19.80, 62.00, 80, 19.89, 0.00, 0.00
04/12/2024, 00:46:14, 19.80, 62.00, 80, 19.95, 0.00, 0.00
04/12/2024, 00:46:21, 19.80, 62.00, 80, 19.89, 0.00, 0.00
04/12/2024, 00:46:27, 19.80, 61.00, 80, 19.93, 0.00, 0.00
04/12/2024, 00:46:33, 19.80, 61.00, 80, 19.95, 0.00, 0.00
04/12/2024, 00:46:40, 19.80, 61.00, 80, 19.93, 0.00, 0.00
04/12/2024, 00:46:46, 19.80, 61.00, 80, 19.89, 0.00, 0.00
04/12/2024, 00:46:52, 19.80, 61.00, 80, 19.93, 0.00, 0.00
04/12/2024, 00:47:05, 19.80, 61.00, 80, 19.89, 0.00, 0.00
04/12/2024, 00:47:11, 19.80, 61.00, 80, 19.93, 0.00, 0.00
04/12/2024, 00:47:18, 19.80, 61.00, 80, 19.93, 0.00, 0.00
04/12/2024, 00:47:24, 19.80, 61.00, 80, 19.95, 0.00, 0.00
04/12/2024, 00:47:30, 20.10, 61.00, 80, 19.99, 0.00, 0.00
04/12/2024, 00:47:37, 20.20, 61.00, 80, 19.95, 0.00, 0.00
04/12/2024, 00:47:43, 20.20, 61.00, 80, 19.99, 0.00, 0.00
04/12/2024, 00:47:49, 20.20, 61.00, 80, 19.95, 0.00, 0.00
04/12/2024, 00:47:56, 20.20, 61.00, 80, 19.95, 0.00, 0.00
04/12/2024, 00:48:02, 20.20, 61.00, 80, 20.05, 0.00, 0.00
04/12/2024, 00:48:09, 20.20, 61.00, 80, 19.95, 0.00, 0.00
04/12/2024, 00:48:21, 20.20, 61.00, 80, 19.93, 0.00, 0.00
04/12/2024, 00:48:28, 20.20, 61.00, 80, 19.93, 0.00, 0.00
04/12/2024, 00:48:34, 20.20, 61.00, 80, 19.89, 0.00, 0.00
04/12/2024, 00:48:40, 20.20, 61.00, 80, 19.95, 0.00, 0.00
04/12/2024, 00:48:47, 20.20, 61.00, 80, 19.95, 0.00, 0.00
04/12/2024, 00:48:53, 20.20, 61.00, 80, 19.93, 0.00, 0.00
04/12/2024, 00:48:59, 20.20, 61.00, 80, 19.93, 0.00, 0.00
04/12/2024, 00:49:06, 20.20, 61.00, 80, 19.95, 0.00, 0.00
04/12/2024, 00:49:12, 20.20, 60.00, 80, 19.95, 0.00, 0.00
04/12/2024, 00:49:18, 20.20, 60.00, 80, 19.93, 0.00, 0.00
04/12/2024, 00:49:25, 20.20, 60.00, 80, 19.99, 0.00, 0.00
04/12/2024, 00:49:31, 20.20, 60.00, 80, 20.01, 0.00, 0.00
04/12/2024, 00:49:37, 20.20, 60.00, 80, 20.01, 0.00, 0.00
04/12/2024, 00:49:44, 20.20, 60.00, 80, 20.05, 0.00, 0.00
04/12/2024, 00:49:50, 20.20, 60.00, 80, 19.95, 0.00, 0.00
04/12/2024, 00:49:56, 20.20, 60.00, 80, 19.99, 0.00, 0.00
04/12/2024, 00:50:03, 20.20, 60.00, 80, 19.99, 0.00, 0.00
04/12/2024, 00:50:09, 20.20, 60.00, 80, 20.01, 0.00, 0.00
04/12/2024, 00:50:15, 20.20, 60.00, 80, 19.99, 0.00, 0.00
04/12/2024, 00:50:22, 20.20, 60.00, 80, 19.95, 0.00, 0.00
04/12/2024, 00:50:28, 20.20, 60.00, 80, 20.01, 0.00, 0.00
04/12/2024, 00:50:34, 20.20, 60.00, 80, 20.05, 0.00, 0.00
04/12/2024, 00:50:41, 20.20, 60.00, 83, 19.99, 0.00, 0.00
04/12/2024, 00:50:47, 20.20, 60.00, 80, 19.99, 0.00, 0.00
04/12/2024, 00:50:53, 20.20, 60.00, 80, 20.05, 0.00, 0.00
04/12/2024, 00:51:00, 20.20, 60.00, 83, 19.99, 0.00, 0.00
04/12/2024, 00:51:06, 20.20, 60.00, 80, 20.05, 0.00, 0.00
04/12/2024, 00:51:12, 20.20, 60.00, 80, 20.05, 0.00, 0.00
04/12/2024, 00:51:19, 20.20, 60.00, 80, 20.05, 0.00, 0.00
04/12/2024, 00:51:25, 20.20, 60.00, 80, 20.01, 0.00, 0.00
04/12/2024, 00:51:31, 20.20, 60.00, 83, 20.01, 0.00, 0.00
04/12/2024, 00:51:38, 20.20, 60.00, 80, 20.01, 0.00, 0.00
04/12/2024, 00:51:44, 20.20, 60.00, 80, 20.05, 0.00, 0.00
04/12/2024, 00:51:50, 20.30, 60.00, 80, 19.95, 0.00, 0.00
04/12/2024, 00:51:57, 20.50, 60.00, 80, 20.05, 0.00, 0.00
04/12/2024, 00:52:03, 20.60, 60.00, 80, 20.05, 0.00, 0.00
04/12/2024, 00:52:10, 20.60, 60.00, 80, 20.01, 0.00, 0.00
04/12/2024, 00:52:16, 20.60, 60.00, 83, 20.05, 0.00, 0.00
04/12/2024, 00:52:22, 20.60, 60.00, 80, 19.99, 0.00, 0.00
04/12/2024, 00:52:29, 20.60, 60.00, 80, 20.01, 0.00, 0.00
04/12/2024, 00:52:35, 20.60, 60.00, 80, 20.05, 0.00, 0.00
04/12/2024, 00:52:41, 20.60, 60.00, 83, 20.09, 0.00, 0.00
04/12/2024, 00:52:48, 20.60, 60.00, 80, 20.05, 0.00, 0.00
04/12/2024, 00:52:54, 20.60, 60.00, 83, 20.01, 0.00, 0.00
04/12/2024, 00:53:00, 20.60, 60.00, 80, 20.05, 0.00, 0.00
04/12/2024, 00:53:07, 20.60, 60.00, 83, 20.05, 0.00, 0.00
04/12/2024, 00:53:13, 20.60, 60.00, 80, 20.01, 0.00, 0.00
04/12/2024, 00:53:19, 20.60, 60.00, 83, 20.05, 0.00, 0.00
04/12/2024, 00:53:26, 20.60, 60.00, 83, 20.05, 0.00, 0.00
04/12/2024, 00:53:32, 20.60, 60.00, 80, 20.01, 0.00, 0.00
04/12/2024, 00:53:38, 20.60, 60.00, 83, 20.01, 0.00, 0.00
04/12/2024, 00:53:45, 20.60, 60.00, 83, 19.99, 0.00, 0.00
04/12/2024, 00:53:51, 20.60, 60.00, 83, 20.09, 0.00, 0.00
04/12/2024, 00:53:57, 20.60, 60.00, 80, 20.01, 0.00, 0.00
04/12/2024, 00:54:04, 20.60, 60.00, 80, 20.09, 0.00, 0.00
04/12/2024, 00:54:10, 20.60, 60.00, 83, 20.11, 0.00, 0.00
04/12/2024, 00:54:16, 20.60, 60.00, 80, 20.05, 0.00, 0.00
04/12/2024, 00:54:23, 20.60, 60.00, 83, 20.09, 0.00, 0.00
04/12/2024, 00:54:29, 20.60, 60.00, 80, 20.05, 0.00, 0.00
04/12/2024, 00:54:35, 20.60, 60.00, 83, 20.01, 0.00, 0.00
04/12/2024, 00:54:42, 20.60, 60.00, 80, 19.99, 0.00, 0.00
04/12/2024, 00:54:48, 20.60, 60.00, 80, 20.01, 0.00, 0.00
04/12/2024, 00:54:54, 20.60, 60.00, 83, 20.01, 0.00, 0.00
04/12/2024, 00:55:07, 20.60, 60.00, 80, 20.09, 0.00, 0.00
04/12/2024, 00:55:13, 20.60, 59.00, 80, 20.09, 0.00, 0.00
04/12/2024, 00:55:20, 20.60, 59.00, 80, 20.05, 0.00, 0.00
04/12/2024, 00:55:26, 20.60, 59.00, 80, 20.09, 0.00, 0.00
04/12/2024, 00:55:32, 20.60, 59.00, 83, 19.99, 0.00, 0.00
04/12/2024, 00:55:39, 20.60, 59.00, 83, 20.11, 0.00, 0.00
04/12/2024, 00:55:45, 20.60, 59.00, 83, 20.01, 0.00, 0.00
04/12/2024, 00:55:51, 20.60, 59.00, 83, 20.01, 0.00, 0.00
04/12/2024, 00:55:58, 20.60, 59.00, 83, 20.09, 0.00, 0.00
04/12/2024, 00:56:04, 20.60, 59.00, 83, 20.09, 0.00, 0.00
04/12/2024, 00:56:11, 20.60, 59.00, 80, 20.05, 0.00, 0.00
04/12/2024, 00:56:17, 20.60, 59.00, 83, 20.09, 0.00, 0.00
04/12/2024, 00:56:23, 20.60, 59.00, 83, 20.09, 0.00, 0.00
04/12/2024, 00:56:30, 20.60, 59.00, 83, 19.95, 0.00, 0.00
04/12/2024, 00:56:36, 20.60, 59.00, 83, 20.05, 0.00, 0.00
04/12/2024, 00:56:42, 20.60, 59.00, 80, 20.01, 0.00, 0.00
04/12/2024, 00:56:49, 20.60, 59.00, 80, 20.05, 0.00, 0.00
04/12/2024, 00:56:55, 20.60, 59.00, 83, 20.05, 0.00, 0.00
04/12/2024, 00:57:01, 20.60, 59.00, 83, 20.05, 0.00, 0.00
04/12/2024, 00:57:08, 20.60, 59.00, 80, 20.05, 0.00, 0.00
04/12/2024, 00:57:14, 20.60, 59.00, 80, 20.05, 0.00, 0.00
04/12/2024, 00:57:20, 20.60, 59.00, 83, 20.01, 0.00, 0.00
04/12/2024, 00:57:27, 20.60, 59.00, 83, 20.01, 0.00, 0.00
04/12/2024, 00:57:33, 20.60, 59.00, 83, 20.05, 0.00, 0.00
04/12/2024, 00:57:39, 20.60, 59.00, 83, 20.05, 0.00, 0.00
04/12/2024, 00:57:46, 20.60, 59.00, 83, 20.09, 0.00, 0.00
04/12/2024, 00:57:52, 20.60, 59.00, 83, 20.01, 0.00, 0.00
04/12/2024, 00:57:58, 20.60, 59.00, 80, 20.01, 0.00, 0.00
04/12/2024, 00:58:05, 20.60, 59.00, 83, 20.09, 0.00, 0.00
04/12/2024, 00:58:11, 20.60, 59.00, 83, 20.01, 0.00, 0.00
04/12/2024, 00:58:17, 20.60, 59.00, 80, 20.05, 0.00, 0.00
04/12/2024, 00:58:24, 20.80, 59.00, 83, 20.01, 0.00, 0.00
04/12/2024, 00:58:30, 21.00, 58.00, 83, 20.05, 0.00, 0.00
04/12/2024, 00:58:36, 21.00, 58.00, 83, 20.05, 0.00, 0.00
04/12/2024, 00:58:43, 21.00, 58.00, 80, 20.09, 0.00, 0.00
04/12/2024, 00:58:49, 21.00, 58.00, 83, 20.05, 0.00, 0.00
04/12/2024, 00:58:55, 21.00, 58.00, 83, 20.01, 0.00, 0.00
04/12/2024, 00:59:02, 21.00, 58.00, 83, 20.09, 0.00, 0.00
04/12/2024, 00:59:08, 21.00, 58.00, 80, 19.99, 0.00, 0.00
04/12/2024, 00:59:14, 21.00, 58.00, 83, 20.05, 0.00, 0.00
04/12/2024, 00:59:21, 21.00, 58.00, 80, 20.01, 0.00, 0.00
04/12/2024, 00:59:27, 21.00, 58.00, 83, 20.11, 0.00, 0.00
04/12/2024, 00:59:33, 21.00, 58.00, 80, 20.05, 0.00, 0.00
04/12/2024, 00:59:40, 21.00, 58.00, 83, 20.09, 0.00, 0.00
04/12/2024, 00:59:46, 21.00, 58.00, 83, 20.01, 0.00, 0.00
04/12/2024, 00:59:52, 21.00, 58.00, 83, 20.01, 0.00, 0.00
04/12/2024, 00:59:59, 21.00, 58.00, 80, 20.05, 0.00, 0.00
04/12/2024, 01:00:05, 21.00, 58.00, 80, 20.09, 0.00, 0.00
04/12/2024, 01:00:12, 21.00, 58.00, 83, 20.09, 0.00, 0.00
04/12/2024, 01:00:18, 21.00, 58.00, 83, 20.05, 0.00, 0.00
04/12/2024, 01:00:24, 21.00, 57.00, 80, 20.05, 0.00, 0.00
04/12/2024, 01:00:31, 21.00, 57.00, 83, 20.01, 0.00, 0.00
04/12/2024, 01:00:37, 21.00, 57.00, 83, 20.09, 0.00, 0.00
04/12/2024, 01:00:43, 21.00, 57.00, 80, 20.01, 0.00, 0.00
04/12/2024, 01:00:50, 21.00, 57.00, 83, 20.01, 0.00, 0.00
04/12/2024, 01:00:56, 21.00, 57.00, 83, 20.09, 0.00, 0.00
04/12/2024, 01:01:02, 21.00, 57.00, 83, 20.09, 0.00, 0.00
04/12/2024, 01:01:09, 21.00, 57.00, 83, 20.09, 0.00, 0.00
04/12/2024, 01:01:15, 21.00, 57.00, 83, 20.09, 0.00, 0.00
04/12/2024, 01:01:21, 21.00, 57.00, 83, 20.01, 0.00, 0.00
04/12/2024, 01:01:28, 21.00, 57.00, 83, 20.09, 0.00, 0.00
04/12/2024, 01:01:34, 21.00, 57.00, 80, 20.15, 0.00, 0.00
04/12/2024, 01:01:40, 21.00, 57.00, 80, 20.09, 0.00, 0.00
04/12/2024, 01:01:47, 21.00, 57.00, 83, 20.09, 0.00, 0.00
04/12/2024, 01:01:53, 21.00, 57.00, 80, 20.01, 0.00, 0.00
04/12/2024, 01:01:59, 21.00, 57.00, 83, 20.09, 0.00, 0.00
04/12/2024, 01:02:06, 21.00, 57.00, 83, 20.11, 0.00, 0.00
04/12/2024, 01:02:12, 21.00, 57.00, 83, 20.05, 0.00, 0.00
04/12/2024, 01:02:18, 21.00, 57.00, 83, 20.05, 0.00, 0.00
04/12/2024, 01:02:25, 21.00, 57.00, 80, 20.09, 0.00, 0.00
04/12/2024, 01:02:31, 21.00, 57.00, 83, 20.11, 0.00, 0.00
04/12/2024, 01:02:37, 21.00, 57.00, 83, 20.09, 0.00, 0.00
04/12/2024, 01:02:44, 21.00, 57.00, 83, 20.05, 0.00, 0.00
04/12/2024, 01:02:50, 21.00, 57.00, 83, 20.09, 0.00, 0.00
04/12/2024, 01:02:56, 21.00, 57.00, 83, 20.17, 0.00, 0.00
04/12/2024, 01:03:03, 21.00, 57.00, 83, 20.15, 0.00, 0.00
04/12/2024, 01:03:09, 21.00, 57.00, 83, 20.05, 0.00, 0.00
04/12/2024, 01:03:15, 21.00, 57.00, 83, 20.09, 0.00, 0.00
04/12/2024, 01:03:22, 21.00, 57.00, 80, 20.01, 0.00, 0.00
04/12/2024, 01:03:28, 21.00, 57.00, 80, 20.11, 0.00, 0.00
04/12/2024, 01:03:34, 21.00, 57.00, 83, 20.05, 0.00, 0.00
04/12/2024, 01:03:41, 21.00, 57.00, 83, 20.11, 0.00, 0.00
04/12/2024, 01:03:47, 21.00, 57.00, 83, 20.05, 0.00, 0.00
04/12/2024, 01:03:53, 21.00, 57.00, 83, 20.05, 0.00, 0.00
04/12/2024, 01:04:00, 21.00, 57.00, 83, 20.09, 0.00, 0.00
04/12/2024, 01:04:06, 21.00, 57.00, 83, 20.05, 0.00, 0.00
04/12/2024, 01:04:13, 21.00, 57.00, 83, 20.09, 0.00, 0.00
04/12/2024, 01:04:19, 21.00, 57.00, 83, 20.15, 0.00, 0.00
04/12/2024, 01:04:25, 21.00, 57.00, 83, 20.09, 0.00, 0.00
04/12/2024, 01:04:32, 21.00, 57.00, 83, 20.01, 0.00, 0.00
04/12/2024, 01:04:38, 21.00, 57.00, 83, 20.05, 0.00, 0.00
04/12/2024, 01:04:44, 21.00, 57.00, 83, 20.11, 0.00, 0.00
04/12/2024, 01:04:51, 21.00, 57.00, 83, 20.11, 0.00, 0.00
04/12/2024, 01:04:57, 21.00, 57.00, 83, 20.05, 0.00, 0.00
04/12/2024, 01:05:03, 21.00, 57.00, 83, 20.11, 0.00, 0.00
04/12/2024, 01:05:10, 21.00, 57.00, 83, 20.09, 0.00, 0.00
04/12/2024, 01:05:16, 21.00, 57.00, 83, 20.09, 0.00, 0.00
04/12/2024, 01:05:22, 21.00, 57.00, 83, 20.05, 0.00, 0.00
04/12/2024, 01:05:29, 21.00, 57.00, 80, 20.11, 0.00, 0.00
04/12/2024, 01:05:35, 21.00, 57.00, 83, 20.15, 0.00, 0.00
04/12/2024, 01:05:41, 21.00, 57.00, 83, 20.05, 0.00, 0.00
04/12/2024, 01:05:48, 21.00, 57.00, 83, 20.05, 0.00, 0.00
04/12/2024, 01:05:54, 21.00, 57.00, 83, 20.11, 0.00, 0.00
04/12/2024, 01:06:00, 21.00, 57.00, 83, 20.09, 0.00, 0.00
04/12/2024, 01:06:07, 21.00, 57.00, 83, 20.09, 0.00, 0.00
04/12/2024, 01:06:13, 21.00, 57.00, 83, 20.09, 0.00, 0.00
04/12/2024, 01:06:19, 21.00, 57.00, 83, 20.09, 0.00, 0.00
04/12/2024, 01:06:26, 21.00, 57.00, 80, 20.09, 0.00, 0.00
04/12/2024, 01:06:32, 21.00, 57.00, 83, 20.09, 0.00, 0.00
04/12/2024, 01:06:38, 21.00, 57.00, 83, 20.11, 0.00, 0.00
04/12/2024, 01:06:45, 21.00, 57.00, 83, 20.09, 0.00, 0.00
04/12/2024, 01:06:51, 21.00, 57.00, 80, 20.05, 0.00, 0.00
04/12/2024, 01:06:57, 21.00, 57.00, 83, 20.05, 0.00, 0.00
04/12/2024, 01:07:04, 21.00, 57.00, 80, 20.15, 0.00, 0.00
04/12/2024, 01:07:16, 21.00, 57.00, 83, 20.05, 0.00, 0.00
04/12/2024, 01:07:23, 21.00, 57.00, 83, 20.09, 0.00, 0.00
04/12/2024, 01:07:29, 21.00, 57.00, 83, 20.05, 0.00, 0.00
04/12/2024, 01:07:35, 21.00, 57.00, 83, 20.05, 0.00, 0.00
04/12/2024, 01:07:42, 21.00, 57.00, 83, 20.05, 0.00, 0.00
04/12/2024, 01:07:48, 21.00, 57.00, 83, 20.05, 0.00, 0.00
04/12/2024, 01:07:54, 21.00, 57.00, 83, 20.09, 0.00, 0.00
04/12/2024, 01:08:01, 21.00, 57.00, 83, 20.11, 0.00, 0.00
04/12/2024, 01:08:07, 21.00, 57.00, 83, 20.11, 0.00, 0.00
04/12/2024, 01:08:13, 21.00, 57.00, 83, 20.11, 0.00, 0.00
04/12/2024, 01:08:20, 21.00, 57.00, 83, 20.05, 0.00, 0.00
04/12/2024, 01:08:26, 21.00, 57.00, 83, 20.11, 0.00, 0.00
04/12/2024, 01:08:33, 21.00, 57.00, 80, 20.15, 0.00, 0.00
04/12/2024, 01:08:39, 21.00, 56.00, 83, 20.09, 0.00, 0.00
04/12/2024, 01:08:45, 21.00, 56.00, 83, 20.09, 0.00, 0.00
04/12/2024, 01:08:52, 21.00, 56.00, 83, 20.11, 0.00, 0.00
04/12/2024, 01:08:58, 21.10, 56.00, 83, 20.05, 0.00, 0.00
04/12/2024, 01:09:04, 21.00, 56.00, 83, 20.05, 0.00, 0.00
04/12/2024, 01:09:11, 21.00, 56.00, 83, 20.05, 0.00, 0.00
04/12/2024, 01:09:17, 21.00, 56.00, 83, 20.09, 0.00, 0.00
04/12/2024, 01:09:23, 21.00, 56.00, 83, 20.09, 0.00, 0.00
04/12/2024, 01:09:30, 21.00, 56.00, 83, 20.01, 0.00, 0.00
04/12/2024, 01:09:36, 21.00, 56.00, 83, 20.01, 0.00, 0.00
04/12/2024, 01:09:42, 21.00, 56.00, 83, 20.01, 0.00, 0.00
04/12/2024, 01:09:49, 21.00, 56.00, 83, 20.11, 0.00, 0.00
04/12/2024, 01:09:55, 21.00, 56.00, 83, 20.09, 0.00, 0.00
04/12/2024, 01:10:01, 21.00, 56.00, 83, 20.09, 0.00, 0.00
04/12/2024, 01:10:08, 21.00, 56.00, 83, 20.09, 0.00, 0.00
04/12/2024, 01:10:14, 21.00, 56.00, 83, 20.11, 0.00, 0.00
04/12/2024, 01:10:20, 21.10, 56.00, 83, 20.11, 0.00, 0.00
04/12/2024, 01:10:27, 21.00, 56.00, 83, 20.05, 0.00, 0.00
04/12/2024, 01:10:33, 21.10, 56.00, 83, 20.09, 0.00, 0.00
04/12/2024, 01:10:39, 21.10, 56.00, 83, 20.11, 0.00, 0.00
04/12/2024, 01:10:46, 21.10, 56.00, 83, 20.05, 0.00, 0.00
04/12/2024, 01:10:52, 21.10, 56.00, 83, 20.11, 0.00, 0.00
04/12/2024, 01:10:58, 21.10, 56.00, 83, 20.09, 0.00, 0.00
04/12/2024, 01:11:05, 21.10, 56.00, 83, 20.01, 0.00, 0.00
04/12/2024, 01:11:11, 21.10, 56.00, 83, 20.09, 0.00, 0.00
04/12/2024, 01:11:17, 21.10, 56.00, 83, 20.09, 0.00, 0.00
04/12/2024, 01:11:24, 21.10, 56.00, 83, 19.95, 0.00, 0.00
04/12/2024, 01:11:30, 21.10, 56.00, 83, 20.09, 0.00, 0.00
04/12/2024, 01:11:36, 21.10, 56.00, 83, 20.11, 0.00, 0.00
04/12/2024, 01:11:43, 21.20, 56.00, 83, 19.99, 0.00, 0.00
04/12/2024, 01:11:49, 21.20, 56.00, 83, 20.05, 0.00, 0.00
04/12/2024, 01:11:55, 21.40, 56.00, 83, 20.09, 0.00, 0.00
04/12/2024, 01:12:02, 21.40, 56.00, 83, 20.05, 0.00, 0.00
04/12/2024, 01:12:08, 21.40, 56.00, 83, 20.09, 0.00, 0.00
04/12/2024, 01:12:14, 21.40, 56.00, 83, 20.11, 0.00, 0.00
04/12/2024, 01:12:21, 21.40, 56.00, 83, 20.05, 0.00, 0.00
04/12/2024, 01:12:27, 21.40, 56.00, 83, 20.09, 0.00, 0.00
04/12/2024, 01:12:34, 21.40, 56.00, 83, 20.09, 0.00, 0.00
04/12/2024, 01:12:40, 21.40, 56.00, 83, 20.05, 0.00, 0.00
04/12/2024, 01:12:46, 21.40, 56.00, 83, 20.11, 0.00, 0.00
04/12/2024, 01:12:53, 21.40, 56.00, 83, 20.09, 0.00, 0.00
04/12/2024, 01:12:59, 21.40, 56.00, 83, 20.09, 0.00, 0.00
04/12/2024, 01:13:05, 21.40, 56.00, 83, 20.11, 0.00, 0.00
04/12/2024, 01:13:12, 21.40, 56.00, 83, 20.09, 0.00, 0.00
04/12/2024, 01:13:18, 21.40, 56.00, 83, 20.05, 0.00, 0.00
04/12/2024, 01:13:24, 21.40, 56.00, 83, 20.09, 0.00, 0.00
04/12/2024, 01:13:31, 21.40, 56.00, 83, 20.09, 0.00, 0.00
04/12/2024, 01:13:37, 21.40, 56.00, 83, 20.05, 0.00, 0.00
04/12/2024, 01:13:43, 21.40, 56.00, 83, 20.01, 0.00, 0.00
04/12/2024, 01:13:50, 21.40, 56.00, 83, 20.09, 0.00, 0.00
04/12/2024, 01:13:56, 21.40, 56.00, 83, 20.11, 0.00, 0.00
04/12/2024, 01:14:02, 21.40, 56.00, 83, 20.15, 0.00, 0.00
04/12/2024, 01:14:09, 21.40, 56.00, 83, 20.01, 0.00, 0.00
04/12/2024, 01:14:15, 21.40, 56.00, 83, 20.09, 0.00, 0.00
04/12/2024, 01:14:21, 21.40, 56.00, 83, 20.05, 0.00, 0.00
04/12/2024, 01:14:28, 21.40, 56.00, 83, 20.11, 0.00, 0.00
04/12/2024, 01:14:34, 21.40, 56.00, 83, 20.05, 0.00, 0.00
04/12/2024, 01:14:40, 21.40, 56.00, 83, 20.11, 0.00, 0.00
04/12/2024, 01:14:47, 21.40, 56.00, 83, 20.09, 0.00, 0.00
04/12/2024, 01:14:53, 21.40, 56.00, 83, 20.09, 0.00, 0.00
04/12/2024, 01:14:59, 21.40, 56.00, 83, 20.09, 0.00, 0.00
04/12/2024, 01:15:06, 21.40, 56.00, 83, 20.05, 0.00, 0.00
04/12/2024, 01:15:12, 21.40, 56.00, 83, 20.11, 0.00, 0.00
04/12/2024, 01:15:18, 21.40, 56.00, 83, 19.99, 0.00, 0.00
04/12/2024, 01:15:25, 21.40, 56.00, 83, 20.09, 0.00, 0.00
04/12/2024, 01:15:31, 21.40, 56.00, 83, 20.01, 0.00, 0.00
04/12/2024, 01:15:37, 21.40, 56.00, 83, 20.05, 0.00, 0.00
04/12/2024, 01:15:44, 21.40, 56.00, 83, 20.05, 0.00, 0.00
04/12/2024, 01:15:50, 21.40, 56.00, 83, 20.05, 0.00, 0.00
04/12/2024, 01:15:56, 21.40, 56.00, 83, 20.09, 0.00, 0.00
04/12/2024, 01:16:03, 21.40, 56.00, 83, 20.09, 0.00, 0.00
04/12/2024, 01:16:09, 21.40, 56.00, 83, 20.01, 0.00, 0.00
04/12/2024, 01:16:15, 21.40, 56.00, 83, 20.11, 0.00, 0.00
04/12/2024, 01:16:22, 21.40, 56.00, 83, 19.99, 0.00, 0.00
04/12/2024, 01:16:28, 21.40, 56.00, 83, 20.09, 0.00, 0.00
04/12/2024, 01:16:34, 21.40, 56.00, 83, 20.01, 0.00, 0.00
04/12/2024, 01:16:41, 21.40, 56.00, 83, 20.11, 0.00, 0.00
04/12/2024, 01:16:47, 21.40, 56.00, 83, 20.11, 0.00, 0.00
04/12/2024, 01:16:54, 21.40, 56.00, 83, 20.05, 0.00, 0.00
04/12/2024, 01:17:00, 21.40, 56.00, 83, 20.05, 0.00, 0.00
04/12/2024, 01:17:06, 21.40, 56.00, 83, 20.05, 0.00, 0.00
04/12/2024, 01:17:13, 21.40, 56.00, 83, 20.05, 0.00, 0.00
04/12/2024, 01:17:19, 21.40, 56.00, 83, 20.05, 0.00, 0.00
04/12/2024, 01:17:25, 21.40, 56.00, 83, 20.15, 0.00, 0.00
04/12/2024, 01:17:32, 21.40, 56.00, 83, 20.01, 0.00, 0.00
04/12/2024, 01:17:38, 21.40, 56.00, 83, 20.09, 0.00, 0.00
04/12/2024, 01:17:44, 21.40, 56.00, 83, 20.09, 0.00, 0.00
04/12/2024, 01:17:51, 21.40, 56.00, 83, 20.09, 0.00, 0.00
04/12/2024, 01:17:57, 21.40, 56.00, 83, 20.09, 0.00, 0.00
04/12/2024, 01:18:03, 21.40, 56.00, 83, 20.09, 0.00, 0.00
04/12/2024, 01:18:10, 21.40, 56.00, 83, 19.99, 0.00, 0.00
04/12/2024, 01:18:16, 21.40, 56.00, 83, 19.99, 0.00, 0.00
04/12/2024, 01:18:22, 21.40, 56.00, 83, 20.09, 0.00, 0.00
04/12/2024, 01:18:29, 21.40, 56.00, 83, 20.05, 0.00, 0.00
04/12/2024, 01:18:35, 21.40, 56.00, 83, 20.05, 0.00, 0.00
04/12/2024, 01:18:41, 21.40, 56.00, 83, 20.09, 0.00, 0.00
04/12/2024, 01:18:48, 21.40, 56.00, 83, 20.09, 0.00, 0.00
04/12/2024, 01:18:54, 21.40, 56.00, 83, 20.09, 0.00, 0.00
04/12/2024, 01:19:00, 21.40, 56.00, 83, 20.09, 0.00, 0.00
04/12/2024, 01:19:07, 21.40, 56.00, 83, 20.15, 0.00, 0.00
04/12/2024, 01:19:13, 21.40, 56.00, 83, 20.09, 0.00, 0.00
04/12/2024, 01:19:19, 21.40, 56.00, 83, 20.05, 0.00, 0.00
04/12/2024, 01:19:26, 21.40, 56.00, 83, 20.05, 0.00, 0.00
04/12/2024, 01:19:32, 21.40, 56.00, 83, 19.99, 0.00, 0.00
04/12/2024, 01:19:38, 21.40, 56.00, 83, 20.01, 0.00, 0.00
04/12/2024, 01:19:45, 21.40, 56.00, 83, 19.99, 0.00, 0.00
04/12/2024, 01:19:51, 21.40, 56.00, 83, 20.05, 0.00, 0.00
04/12/2024, 01:19:57, 21.40, 56.00, 83, 19.95, 0.00, 0.00
04/12/2024, 01:20:04, 21.40, 55.00, 83, 19.99, 0.00, 0.00
04/12/2024, 01:20:10, 21.40, 55.00, 83, 20.05, 0.00, 0.00
04/12/2024, 01:20:16, 21.40, 55.00, 83, 20.05, 0.00, 0.00
04/12/2024, 01:20:23, 21.40, 55.00, 83, 20.05, 0.00, 0.00
04/12/2024, 01:20:29, 21.40, 55.00, 83, 19.99, 0.00, 0.00
04/12/2024, 01:20:35, 21.40, 56.00, 83, 19.99, 0.00, 0.00
04/12/2024, 01:20:42, 21.40, 56.00, 83, 20.05, 0.00, 0.00
04/12/2024, 01:20:48, 21.40, 56.00, 83, 20.01, 0.00, 0.00
04/12/2024, 01:20:54, 21.40, 56.00, 83, 20.01, 0.00, 0.00
04/12/2024, 01:21:01, 21.40, 56.00, 83, 20.01, 0.00, 0.00
04/12/2024, 01:21:07, 21.40, 56.00, 83, 20.09, 0.00, 0.00
04/12/2024, 01:21:14, 21.40, 56.00, 83, 20.05, 0.00, 0.00
04/12/2024, 01:21:20, 21.40, 56.00, 83, 20.01, 0.00, 0.00
04/12/2024, 01:21:26, 21.40, 56.00, 83, 20.11, 0.00, 0.00
04/12/2024, 01:21:33, 21.40, 56.00, 83, 20.01, 0.00, 0.00
04/12/2024, 01:21:39, 21.40, 56.00, 83, 19.99, 0.00, 0.00
04/12/2024, 01:21:45, 21.40, 56.00, 83, 19.99, 0.00, 0.00
04/12/2024, 01:21:52, 21.40, 56.00, 83, 20.05, 0.00, 0.00
04/12/2024, 01:21:58, 21.40, 56.00, 83, 20.05, 0.00, 0.00
04/12/2024, 01:22:04, 21.40, 56.00, 83, 19.99, 0.00, 0.00
04/12/2024, 01:22:11, 21.40, 56.00, 83, 20.05, 0.00, 0.00
04/12/2024, 01:22:17, 21.40, 56.00, 83, 20.05, 0.00, 0.00
04/12/2024, 01:22:23, 21.40, 56.00, 83, 20.09, 0.00, 0.00
04/12/2024, 01:22:30, 21.40, 56.00, 83, 20.01, 0.00, 0.00
04/12/2024, 01:22:36, 21.40, 56.00, 83, 20.05, 0.00, 0.00
04/12/2024, 01:22:42, 21.40, 56.00, 83, 20.01, 0.00, 0.00
04/12/2024, 01:22:49, 21.40, 56.00, 83, 20.05, 0.00, 0.00
04/12/2024, 01:22:55, 21.40, 56.00, 83, 20.01, 0.00, 0.00
04/12/2024, 01:23:01, 21.40, 55.00, 83, 20.05, 0.00, 0.00
04/12/2024, 01:23:08, 21.40, 55.00, 83, 20.01, 0.00, 0.00
04/12/2024, 01:23:14, 21.40, 55.00, 83, 20.09, 0.00, 0.00
04/12/2024, 01:23:20, 21.40, 55.00, 83, 20.09, 0.00, 0.00
04/12/2024, 01:23:27, 21.40, 55.00, 83, 19.99, 0.00, 0.00
04/12/2024, 01:23:33, 21.40, 55.00, 83, 19.99, 0.00, 0.00
04/12/2024, 01:23:39, 21.40, 55.00, 83, 20.05, 0.00, 0.00
04/12/2024, 01:23:46, 21.40, 55.00, 83, 20.05, 0.00, 0.00
04/12/2024, 01:23:52, 21.40, 55.00, 83, 20.11, 0.00, 0.00
04/12/2024, 01:23:58, 21.40, 55.00, 83, 19.99, 0.00, 0.00
04/12/2024, 01:24:05, 21.40, 55.00, 83, 20.01, 0.00, 0.00
04/12/2024, 01:24:11, 21.40, 55.00, 83, 20.05, 0.00, 0.00
04/12/2024, 01:24:17, 21.40, 55.00, 83, 20.05, 0.00, 0.00
04/12/2024, 01:24:24, 21.40, 55.00, 83, 20.11, 0.00, 0.00
04/12/2024, 01:24:30, 21.40, 55.00, 83, 19.99, 0.00, 0.00
04/12/2024, 01:24:36, 21.40, 55.00, 83, 20.01, 0.00, 0.00
04/12/2024, 01:24:43, 21.40, 55.00, 83, 20.05, 0.00, 0.00
04/12/2024, 01:24:49, 21.40, 55.00, 83, 20.05, 0.00, 0.00
04/12/2024, 01:24:55, 21.40, 55.00, 83, 20.01, 0.00, 0.00
04/12/2024, 01:25:02, 21.40, 55.00, 83, 20.05, 0.00, 0.00
04/12/2024, 01:25:08, 21.40, 55.00, 83, 20.01, 0.00, 0.00
04/12/2024, 01:25:14, 21.40, 55.00, 83, 19.99, 0.00, 0.00
04/12/2024, 01:25:21, 21.40, 55.00, 83, 20.09, 0.00, 0.00
04/12/2024, 01:25:27, 21.40, 55.00, 83, 20.01, 0.00, 0.00
04/12/2024, 01:25:34, 21.40, 55.00, 83, 20.01, 0.00, 0.00
04/12/2024, 01:25:40, 21.40, 55.00, 83, 20.05, 0.00, 0.00
04/12/2024, 01:25:46, 21.40, 55.00, 83, 20.05, 0.00, 0.00
04/12/2024, 01:25:53, 21.40, 55.00, 83, 20.09, 0.00, 0.00
04/12/2024, 01:25:59, 21.40, 55.00, 83, 20.05, 0.00, 0.00
04/12/2024, 01:26:05, 21.40, 55.00, 83, 19.99, 0.00, 0.00
04/12/2024, 01:26:12, 21.40, 55.00, 83, 20.01, 0.00, 0.00
04/12/2024, 01:26:18, 21.40, 55.00, 83, 20.01, 0.00, 0.00
04/12/2024, 01:26:24, 21.40, 55.00, 83, 19.99, 0.00, 0.00
04/12/2024, 01:26:31, 21.40, 55.00, 83, 20.01, 0.00, 0.00
04/12/2024, 01:26:37, 21.40, 55.00, 83, 20.05, 0.00, 0.00
04/12/2024, 01:26:43, 21.40, 55.00, 83, 19.93, 0.00, 0.00
04/12/2024, 01:26:50, 21.40, 55.00, 83, 19.99, 0.00, 0.00
04/12/2024, 01:26:56, 21.40, 55.00, 83, 20.01, 0.00, 0.00
04/12/2024, 01:27:02, 21.40, 55.00, 83, 20.05, 0.00, 0.00
04/12/2024, 01:27:09, 21.40, 55.00, 83, 19.99, 0.00, 0.00
04/12/2024, 01:27:15, 21.40, 55.00, 83, 20.05, 0.00, 0.00
04/12/2024, 01:27:21, 21.40, 55.00, 83, 19.99, 0.00, 0.00
04/12/2024, 01:27:28, 21.40, 55.00, 83, 20.01, 0.00, 0.00
04/12/2024, 01:27:34, 21.40, 55.00, 83, 19.99, 0.00, 0.00
04/12/2024, 01:27:40, 21.40, 55.00, 83, 20.05, 0.00, 0.00
04/12/2024, 01:27:47, 21.40, 55.00, 83, 20.01, 0.00, 0.00
04/12/2024, 01:27:53, 21.40, 55.00, 83, 20.01, 0.00, 0.00
04/12/2024, 01:27:59, 21.40, 55.00, 83, 20.05, 0.00, 0.00
04/12/2024, 01:28:06, 21.40, 55.00, 83, 20.09, 0.00, 0.00
04/12/2024, 01:28:12, 21.40, 55.00, 83, 20.01, 0.00, 0.00
04/12/2024, 01:28:18, 21.40, 55.00, 83, 20.01, 0.00, 0.00
04/12/2024, 01:28:25, 21.40, 55.00, 83, 20.05, 0.00, 0.00
04/12/2024, 01:28:31, 21.40, 55.00, 83, 20.01, 0.00, 0.00
04/12/2024, 01:28:37, 21.40, 55.00, 83, 19.99, 0.00, 0.00
04/12/2024, 01:28:44, 21.40, 55.00, 83, 19.99, 0.00, 0.00
04/12/2024, 01:28:50, 21.40, 55.00, 83, 20.01, 0.00, 0.00
04/12/2024, 01:28:56, 21.40, 55.00, 83, 20.05, 0.00, 0.00
04/12/2024, 01:29:03, 21.40, 55.00, 83, 20.01, 0.00, 0.00
04/12/2024, 01:29:09, 21.40, 55.00, 83, 19.95, 0.00, 0.00
04/12/2024, 01:29:15, 21.40, 55.00, 83, 19.99, 0.00, 0.00
04/12/2024, 01:29:22, 21.40, 55.00, 83, 20.05, 0.00, 0.00
04/12/2024, 01:29:28, 21.40, 55.00, 83, 20.05, 0.00, 0.00
04/12/2024, 01:29:34, 21.40, 55.00, 83, 20.05, 0.00, 0.00
04/12/2024, 01:29:41, 21.40, 55.00, 83, 19.99, 0.00, 0.00
04/12/2024, 01:29:47, 21.40, 55.00, 83, 20.05, 0.00, 0.00
04/12/2024, 01:29:54, 21.40, 55.00, 83, 20.01, 0.00, 0.00
04/12/2024, 01:30:00, 21.40, 55.00, 83, 19.95, 0.00, 0.00
04/12/2024, 01:30:06, 21.40, 55.00, 83, 19.99, 0.00, 0.00
04/12/2024, 01:30:13, 21.40, 55.00, 83, 19.99, 0.00, 0.00
04/12/2024, 01:30:19, 21.40, 55.00, 83, 20.05, 0.00, 0.00
04/12/2024, 01:30:25, 21.40, 55.00, 83, 20.05, 0.00, 0.00
04/12/2024, 01:30:32, 21.40, 55.00, 83, 20.05, 0.00, 0.00
04/12/2024, 01:30:38, 21.40, 55.00, 83, 20.01, 0.00, 0.00
04/12/2024, 01:30:44, 21.40, 55.00, 83, 19.99, 0.00, 0.00
04/12/2024, 01:30:51, 21.40, 55.00, 83, 20.01, 0.00, 0.00
04/12/2024, 01:30:57, 21.40, 55.00, 83, 20.01, 0.00, 0.00
04/12/2024, 01:31:03, 21.40, 55.00, 83, 20.05, 0.00, 0.00
04/12/2024, 01:31:10, 21.40, 55.00, 83, 20.01, 0.00, 0.00
04/12/2024, 01:31:16, 21.40, 55.00, 83, 20.01, 0.00, 0.00
04/12/2024, 01:31:22, 21.40, 55.00, 83, 20.01, 0.00, 0.00
04/12/2024, 01:31:29, 21.40, 55.00, 83, 19.95, 0.00, 0.00
04/12/2024, 01:31:35, 21.40, 55.00, 83, 19.99, 0.00, 0.00
04/12/2024, 01:31:41, 21.40, 55.00, 83, 19.99, 0.00, 0.00
04/12/2024, 01:31:48, 21.40, 55.00, 83, 20.01, 0.00, 0.00
04/12/2024, 01:31:54, 21.40, 55.00, 83, 20.05, 0.00, 0.00
04/12/2024, 01:32:00, 21.40, 55.00, 83, 19.95, 0.00, 0.00
04/12/2024, 01:32:07, 21.40, 55.00, 83, 20.05, 0.00, 0.00
04/12/2024, 01:32:13, 21.40, 55.00, 83, 20.05, 0.00, 0.00
04/12/2024, 01:32:19, 21.40, 55.00, 83, 19.99, 0.00, 0.00
04/12/2024, 01:32:26, 21.40, 55.00, 83, 20.05, 0.00, 0.00
04/12/2024, 01:32:32, 21.40, 55.00, 83, 20.05, 0.00, 0.00
04/12/2024, 01:32:38, 21.40, 55.00, 83, 20.01, 0.00, 0.00
04/12/2024, 01:32:45, 21.40, 55.00, 83, 20.01, 0.00, 0.00
04/12/2024, 01:32:51, 21.40, 55.00, 83, 20.01, 0.00, 0.00
04/12/2024, 01:32:57, 21.40, 55.00, 83, 20.05, 0.00, 0.00
04/12/2024, 01:33:04, 21.40, 55.00, 83, 20.05, 0.00, 0.00
04/12/2024, 01:33:10, 21.40, 55.00, 83, 20.01, 0.00, 0.00
04/12/2024, 01:33:16, 21.40, 55.00, 83, 20.05, 0.00, 0.00
04/12/2024, 01:33:23, 21.40, 55.00, 83, 20.01, 0.00, 0.00
04/12/2024, 01:33:29, 21.40, 55.00, 83, 20.01, 0.00, 0.00
04/12/2024, 01:33:35, 21.40, 55.00, 83, 19.99, 0.00, 0.00
04/12/2024, 01:33:42, 21.40, 55.00, 83, 20.01, 0.00, 0.00
04/12/2024, 01:33:48, 21.40, 55.00, 83, 20.01, 0.00, 0.00
04/12/2024, 01:33:54, 21.40, 55.00, 83, 20.01, 0.00, 0.00
04/12/2024, 01:34:01, 21.40, 55.00, 83, 20.01, 0.00, 0.00
04/12/2024, 01:34:07, 21.40, 55.00, 83, 20.01, 0.00, 0.00
04/12/2024, 01:34:13, 21.40, 55.00, 83, 20.01, 0.00, 0.00
04/12/2024, 01:34:20, 21.40, 55.00, 83, 19.99, 0.00, 0.00
04/12/2024, 01:34:26, 21.40, 55.00, 83, 19.95, 0.00, 0.00
04/12/2024, 01:34:33, 21.40, 55.00, 83, 20.01, 0.00, 0.00
04/12/2024, 01:34:39, 21.40, 55.00, 83, 20.05, 0.00, 0.00
04/12/2024, 01:34:45, 21.40, 55.00, 83, 20.05, 0.00, 0.00
04/12/2024, 01:34:52, 21.40, 55.00, 83, 19.99, 0.00, 0.00
04/12/2024, 01:34:58, 21.40, 55.00, 83, 20.01, 0.00, 0.00
04/12/2024, 01:35:04, 21.40, 55.00, 83, 19.99, 0.00, 0.00
04/12/2024, 01:35:11, 21.40, 55.00, 83, 20.01, 0.00, 0.00
04/12/2024, 01:35:17, 21.40, 55.00, 83, 19.99, 0.00, 0.00
04/12/2024, 01:35:23, 21.40, 55.00, 83, 20.01, 0.00, 0.00
04/12/2024, 01:35:30, 21.40, 55.00, 83, 20.01, 0.00, 0.00
04/12/2024, 01:35:36, 21.40, 55.00, 83, 20.05, 0.00, 0.00
04/12/2024, 01:35:42, 21.40, 55.00, 83, 19.99, 0.00, 0.00
04/12/2024, 01:35:49, 21.40, 55.00, 83, 19.99, 0.00, 0.00
04/12/2024, 01:35:55, 21.40, 55.00, 83, 19.95, 0.00, 0.00
04/12/2024, 01:36:01, 21.40, 55.00, 83, 19.99, 0.00, 0.00
04/12/2024, 01:36:08, 21.40, 55.00, 83, 20.01, 0.00, 0.00
04/12/2024, 01:36:14, 21.40, 55.00, 83, 20.01, 0.00, 0.00
04/12/2024, 01:36:20, 21.40, 55.00, 83, 20.01, 0.00, 0.00
04/12/2024, 01:36:27, 21.40, 55.00, 83, 19.99, 0.00, 0.00
04/12/2024, 01:36:33, 21.40, 55.00, 83, 19.99, 0.00, 0.00
04/12/2024, 01:36:39, 21.40, 55.00, 83, 19.99, 0.00, 0.00
04/12/2024, 01:36:46, 21.40, 55.00, 83, 19.99, 0.00, 0.00
04/12/2024, 01:36:52, 21.40, 55.00, 83, 20.01, 0.00, 0.00
04/12/2024, 01:36:58, 21.40, 55.00, 83, 20.01, 0.00, 0.00
04/12/2024, 01:37:05, 21.40, 55.00, 83, 20.01, 0.00, 0.00
04/12/2024, 01:37:11, 21.40, 55.00, 83, 19.99, 0.00, 0.00
04/12/2024, 01:37:17, 21.40, 55.00, 83, 20.01, 0.00, 0.00
04/12/2024, 01:37:24, 21.40, 55.00, 83, 20.05, 0.00, 0.00
04/12/2024, 01:37:30, 21.40, 55.00, 83, 19.99, 0.00, 0.00
04/12/2024, 01:37:36, 21.40, 55.00, 83, 19.99, 0.00, 0.00
04/12/2024, 01:37:43, 21.40, 55.00, 83, 19.99, 0.00, 0.00
04/12/2024, 01:37:49, 21.40, 55.00, 83, 19.99, 0.00, 0.00
04/12/2024, 01:37:55, 21.40, 55.00, 83, 20.01, 0.00, 0.00
04/12/2024, 01:38:02, 21.40, 55.00, 83, 20.01, 0.00, 0.00
04/12/2024, 01:38:08, 21.40, 55.00, 83, 19.95, 0.00, 0.00
04/12/2024, 01:38:14, 21.40, 55.00, 83, 20.01, 0.00, 0.00
04/12/2024, 01:38:21, 21.40, 55.00, 83, 19.99, 0.00, 0.00
04/12/2024, 01:38:27, 21.40, 55.00, 83, 20.09, 0.00, 0.00
04/12/2024, 01:38:33, 21.40, 55.00, 83, 19.99, 0.00, 0.00
04/12/2024, 01:38:40, 21.40, 55.00, 83, 19.95, 0.00, 0.00
04/12/2024, 01:38:46, 21.40, 55.00, 83, 19.99, 0.00, 0.00
04/12/2024, 01:38:53, 21.40, 55.00, 83, 19.99, 0.00, 0.00
04/12/2024, 01:38:59, 21.40, 55.00, 83, 19.99, 0.00, 0.00
04/12/2024, 01:39:05, 21.40, 55.00, 83, 19.99, 0.00, 0.00
04/12/2024, 01:39:12, 21.40, 55.00, 83, 19.99, 0.00, 0.00
04/12/2024, 01:39:18, 21.40, 55.00, 83, 19.95, 0.00, 0.00
04/12/2024, 01:39:24, 21.40, 55.00, 83, 19.93, 0.00, 0.00
04/12/2024, 01:39:31, 21.40, 55.00, 83, 20.01, 0.00, 0.00
04/12/2024, 01:39:37, 21.40, 55.00, 83, 19.99, 0.00, 0.00
04/12/2024, 01:39:43, 21.40, 55.00, 83, 20.01, 0.00, 0.00
04/12/2024, 01:39:50, 21.40, 55.00, 83, 20.01, 0.00, 0.00
04/12/2024, 01:39:56, 21.40, 55.00, 83, 20.01, 0.00, 0.00
04/12/2024, 01:40:02, 21.40, 55.00, 83, 19.95, 0.00, 0.00
04/12/2024, 01:40:09, 21.40, 55.00, 83, 19.99, 0.00, 0.00
04/12/2024, 01:40:15, 21.40, 55.00, 83, 20.01, 0.00, 0.00
04/12/2024, 01:40:21, 21.40, 55.00, 83, 19.95, 0.00, 0.00
04/12/2024, 01:40:28, 21.40, 55.00, 83, 20.01, 0.00, 0.00
04/12/2024, 01:40:34, 21.40, 55.00, 83, 19.99, 0.00, 0.00
04/12/2024, 01:40:40, 21.40, 55.00, 83, 20.01, 0.00, 0.00
04/12/2024, 01:40:47, 21.40, 55.00, 83, 19.95, 0.00, 0.00
04/12/2024, 01:40:53, 21.40, 55.00, 83, 19.99, 0.00, 0.00
04/12/2024, 01:40:59, 21.40, 55.00, 83, 20.01, 0.00, 0.00
04/12/2024, 01:41:06, 21.40, 55.00, 83, 19.99, 0.00, 0.00
04/12/2024, 01:41:12, 21.40, 55.00, 83, 19.95, 0.00, 0.00
04/12/2024, 01:41:18, 21.40, 55.00, 83, 19.99, 0.00, 0.00
04/12/2024, 01:41:25, 21.40, 55.00, 85, 19.95, 0.00, 0.00
04/12/2024, 01:41:31, 21.40, 55.00, 85, 19.99, 0.00, 0.00
04/12/2024, 01:41:37, 21.40, 55.00, 83, 19.99, 0.00, 0.00
04/12/2024, 01:41:44, 21.40, 55.00, 83, 19.99, 0.00, 0.00
04/12/2024, 01:41:56, 21.40, 55.00, 83, 19.99, 0.00, 0.00
04/12/2024, 01:42:03, 21.40, 55.00, 83, 19.93, 0.00, 0.00
04/12/2024, 01:42:09, 21.40, 55.00, 83, 19.99, 0.00, 0.00
04/12/2024, 01:42:15, 21.40, 55.00, 83, 19.99, 0.00, 0.00
04/12/2024, 01:42:22, 21.40, 55.00, 83, 19.95, 0.00, 0.00
04/12/2024, 01:42:28, 21.40, 55.00, 83, 19.99, 0.00, 0.00
04/12/2024, 01:42:34, 21.40, 55.00, 83, 19.99, 0.00, 0.00
04/12/2024, 01:42:41, 21.40, 55.00, 83, 19.99, 0.00, 0.00
04/12/2024, 01:42:53, 21.40, 55.00, 83, 19.95, 0.00, 0.00
04/12/2024, 01:43:00, 21.40, 55.00, 83, 19.99, 0.00, 0.00
04/12/2024, 01:43:06, 21.40, 55.00, 83, 20.01, 0.00, 0.00
04/12/2024, 01:43:13, 21.40, 55.00, 83, 19.95, 0.00, 0.00
04/12/2024, 01:43:19, 21.40, 55.00, 83, 19.99, 0.00, 0.00
04/12/2024, 01:43:25, 21.40, 55.00, 83, 19.99, 0.00, 0.00
04/12/2024, 01:43:32, 21.40, 55.00, 83, 19.99, 0.00, 0.00
04/12/2024, 01:43:38, 21.40, 55.00, 83, 19.99, 0.00, 0.00
04/12/2024, 01:43:51, 21.40, 55.00, 83, 19.99, 0.00, 0.00
04/12/2024, 01:43:57, 21.40, 55.00, 83, 19.99, 0.00, 0.00
04/12/2024, 01:44:03, 21.40, 55.00, 83, 19.99, 0.00, 0.00
04/12/2024, 01:44:10, 21.40, 55.00, 83, 19.99, 0.00, 0.00
04/12/2024, 01:44:16, 21.40, 55.00, 83, 19.99, 0.00, 0.00
04/12/2024, 01:44:22, 21.40, 55.00, 83, 19.95, 0.00, 0.00
04/12/2024, 01:44:29, 21.40, 55.00, 83, 19.99, 0.00, 0.00
04/12/2024, 01:44:35, 21.40, 55.00, 83, 19.99, 0.00, 0.00
04/12/2024, 01:44:41, 21.40, 55.00, 83, 19.99, 0.00, 0.00
04/12/2024, 01:44:48, 21.40, 55.00, 83, 20.09, 0.00, 0.00
04/12/2024, 01:44:54, 21.50, 55.00, 83, 19.95, 0.00, 0.00
04/12/2024, 01:45:00, 21.40, 55.00, 83, 19.99, 0.00, 0.00
04/12/2024, 01:45:07, 21.40, 55.00, 83, 19.99, 0.00, 0.00
04/12/2024, 01:45:13, 21.50, 55.00, 83, 19.99, 0.00, 0.00
04/12/2024, 01:45:19, 21.40, 55.00, 83, 20.05, 0.00, 0.00
04/12/2024, 01:45:26, 21.40, 55.00, 85, 19.99, 0.00, 0.00
04/12/2024, 01:45:32, 21.50, 55.00, 83, 19.95, 0.00, 0.00
04/12/2024, 01:45:38, 21.50, 55.00, 83, 19.95, 0.00, 0.00
04/12/2024, 01:45:45, 21.50, 55.00, 83, 19.99, 0.00, 0.00
04/12/2024, 01:45:51, 21.50, 55.00, 83, 19.99, 0.00, 0.00
04/12/2024, 01:45:57, 21.50, 55.00, 83, 19.99, 0.00, 0.00
04/12/2024, 01:46:04, 21.50, 55.00, 83, 19.93, 0.00, 0.00
04/12/2024, 01:46:10, 21.50, 55.00, 83, 19.95, 0.00, 0.00
04/12/2024, 01:46:16, 21.60, 55.00, 83, 19.99, 0.00, 0.00
04/12/2024, 01:46:23, 21.70, 55.00, 83, 19.99, 0.00, 0.00
04/12/2024, 01:46:29, 21.80, 55.00, 83, 19.99, 0.00, 0.00
04/12/2024, 01:46:35, 21.80, 55.00, 83, 19.99, 0.00, 0.00
04/12/2024, 01:46:42, 21.80, 55.00, 83, 19.99, 0.00, 0.00
04/12/2024, 01:46:48, 21.80, 55.00, 83, 19.95, 0.00, 0.00
04/12/2024, 01:46:54, 21.80, 55.00, 85, 19.99, 0.00, 0.00
04/12/2024, 01:47:07, 21.80, 55.00, 83, 19.95, 0.00, 0.00
04/12/2024, 01:47:13, 21.50, 55.00, 83, 19.99, 0.00, 0.00
04/12/2024, 01:47:20, 21.50, 55.00, 83, 19.95, 0.00, 0.00
04/12/2024, 01:47:26, 21.60, 55.00, 83, 20.05, 0.00, 0.00
04/12/2024, 01:47:32, 21.80, 55.00, 83, 19.95, 0.00, 0.00
04/12/2024, 01:47:39, 21.80, 55.00, 83, 19.93, 0.00, 0.00
04/12/2024, 01:47:45, 21.80, 55.00, 83, 19.99, 0.00, 0.00
04/12/2024, 01:47:52, 21.80, 55.00, 83, 19.93, 0.00, 0.00
04/12/2024, 01:47:58, 21.80, 55.00, 83, 19.99, 0.00, 0.00
04/12/2024, 01:48:04, 21.80, 55.00, 83, 19.95, 0.00, 0.00
04/12/2024, 01:48:11, 21.80, 55.00, 83, 19.99, 0.00, 0.00
04/12/2024, 01:48:17, 21.80, 55.00, 83, 19.99, 0.00, 0.00
04/12/2024, 01:48:23, 21.80, 55.00, 83, 19.93, 0.00, 0.00
04/12/2024, 01:48:30, 21.80, 55.00, 83, 19.99, 0.00, 0.00
04/12/2024, 01:48:36, 21.80, 54.00, 83, 19.99, 0.00, 0.00
04/12/2024, 01:48:42, 21.80, 54.00, 83, 19.95, 0.00, 0.00
04/12/2024, 01:48:49, 21.80, 54.00, 83, 19.99, 0.00, 0.00
04/12/2024, 01:48:55, 21.80, 54.00, 83, 19.95, 0.00, 0.00
04/12/2024, 01:49:01, 21.80, 54.00, 83, 19.95, 0.00, 0.00
04/12/2024, 01:49:08, 21.80, 54.00, 83, 20.05, 0.00, 0.00
04/12/2024, 01:49:14, 21.80, 54.00, 83, 19.99, 0.00, 0.00
04/12/2024, 01:49:20, 21.80, 54.00, 83, 19.95, 0.00, 0.00
04/12/2024, 01:49:27, 21.80, 54.00, 83, 19.99, 0.00, 0.00
04/12/2024, 01:49:33, 21.70, 54.00, 83, 19.93, 0.00, 0.00
04/12/2024, 01:49:39, 21.70, 54.00, 83, 19.95, 0.00, 0.00
04/12/2024, 01:49:46, 21.70, 54.00, 83, 19.93, 0.00, 0.00
04/12/2024, 01:49:52, 21.70, 54.00, 83, 19.99, 0.00, 0.00
04/12/2024, 01:49:58, 21.70, 54.00, 83, 19.95, 0.00, 0.00
04/12/2024, 01:50:05, 21.80, 54.00, 83, 19.95, 0.00, 0.00
04/12/2024, 01:50:11, 21.80, 54.00, 83, 19.99, 0.00, 0.00
04/12/2024, 01:50:17, 21.80, 54.00, 83, 19.95, 0.00, 0.00
04/12/2024, 01:50:24, 21.80, 54.00, 83, 19.95, 0.00, 0.00
04/12/2024, 01:50:30, 21.80, 54.00, 83, 19.99, 0.00, 0.00
04/12/2024, 01:50:36, 21.80, 54.00, 83, 19.93, 0.00, 0.00
04/12/2024, 01:50:43, 21.60, 54.00, 83, 19.95, 0.00, 0.00
04/12/2024, 01:50:49, 21.50, 54.00, 83, 19.93, 0.00, 0.00
04/12/2024, 01:50:55, 21.50, 54.00, 83, 19.95, 0.00, 0.00
04/12/2024, 01:51:02, 21.50, 54.00, 83, 19.95, 0.00, 0.00
04/12/2024, 01:51:08, 21.50, 54.00, 83, 19.95, 0.00, 0.00
04/12/2024, 01:51:14, 21.50, 54.00, 83, 19.99, 0.00, 0.00
04/12/2024, 01:51:21, 21.50, 54.00, 83, 19.95, 0.00, 0.00
04/12/2024, 01:51:27, 21.50, 54.00, 83, 19.95, 0.00, 0.00
04/12/2024, 01:51:33, 21.50, 54.00, 83, 20.05, 0.00, 0.00
04/12/2024, 01:51:40, 21.50, 54.00, 83, 19.99, 0.00, 0.00
04/12/2024, 01:51:46, 21.50, 54.00, 83, 19.95, 0.00, 0.00
04/12/2024, 01:51:52, 21.60, 54.00, 83, 19.89, 0.00, 0.00
04/12/2024, 01:51:59, 21.60, 54.00, 83, 20.05, 0.00, 0.00
04/12/2024, 01:52:05, 21.60, 54.00, 83, 19.95, 0.00, 0.00
04/12/2024, 01:52:12, 21.60, 54.00, 83, 19.93, 0.00, 0.00
04/12/2024, 01:52:18, 21.60, 54.00, 83, 19.93, 0.00, 0.00
04/12/2024, 01:52:24, 21.50, 54.00, 83, 19.93, 0.00, 0.00
04/12/2024, 01:52:31, 21.50, 54.00, 83, 19.95, 0.00, 0.00
04/12/2024, 01:52:37, 21.50, 54.00, 83, 19.89, 0.00, 0.00
04/12/2024, 01:52:43, 21.50, 54.00, 83, 19.93, 0.00, 0.00
04/12/2024, 01:52:50, 21.50, 54.00, 83, 19.93, 0.00, 0.00
04/12/2024, 01:52:56, 21.50, 54.00, 83, 20.05, 0.00, 0.00
04/12/2024, 01:53:02, 21.50, 54.00, 83, 19.93, 0.00, 0.00
04/12/2024, 01:53:09, 21.50, 54.00, 83, 19.95, 0.00, 0.00
04/12/2024, 01:53:15, 21.50, 54.00, 83, 19.95, 0.00, 0.00
04/12/2024, 01:53:21, 21.50, 54.00, 83, 19.93, 0.00, 0.00
04/12/2024, 01:53:28, 21.40, 54.00, 83, 19.89, 0.00, 0.00
04/12/2024, 01:53:34, 21.40, 54.00, 83, 19.95, 0.00, 0.00
04/12/2024, 01:53:40, 21.50, 54.00, 83, 19.99, 0.00, 0.00
04/12/2024, 01:53:47, 21.40, 54.00, 83, 19.93, 0.00, 0.00
04/12/2024, 01:53:53, 21.50, 54.00, 83, 19.95, 0.00, 0.00
04/12/2024, 01:53:59, 21.50, 54.00, 83, 19.89, 0.00, 0.00
04/12/2024, 01:54:06, 21.50, 54.00, 83, 19.89, 0.00, 0.00
04/12/2024, 01:54:12, 21.40, 54.00, 83, 19.93, 0.00, 0.00
04/12/2024, 01:54:18, 21.50, 54.00, 83, 19.93, 0.00, 0.00
04/12/2024, 01:54:25, 21.50, 54.00, 83, 19.93, 0.00, 0.00
04/12/2024, 01:54:31, 21.50, 54.00, 83, 19.93, 0.00, 0.00
04/12/2024, 01:54:37, 21.50, 54.00, 83, 19.93, 0.00, 0.00
04/12/2024, 01:54:44, 21.40, 54.00, 83, 19.99, 0.00, 0.00
04/12/2024, 01:54:50, 21.40, 54.00, 83, 19.93, 0.00, 0.00
04/12/2024, 01:54:56, 21.40, 54.00, 83, 19.93, 0.00, 0.00
04/12/2024, 01:55:03, 21.50, 54.00, 83, 19.93, 0.00, 0.00
04/12/2024, 01:55:09, 21.50, 54.00, 83, 19.95, 0.00, 0.00
04/12/2024, 01:55:15, 21.40, 54.00, 83, 19.93, 0.00, 0.00
04/12/2024, 01:55:22, 21.50, 54.00, 83, 19.89, 0.00, 0.00
04/12/2024, 01:55:28, 21.50, 54.00, 83, 19.93, 0.00, 0.00
04/12/2024, 01:55:34, 21.50, 54.00, 83, 19.93, 0.00, 0.00
04/12/2024, 01:55:41, 21.50, 54.00, 83, 20.01, 0.00, 0.00
04/12/2024, 01:55:47, 21.40, 54.00, 83, 19.93, 0.00, 0.00
04/12/2024, 01:55:53, 21.50, 54.00, 83, 19.89, 0.00, 0.00
04/12/2024, 01:56:00, 21.50, 54.00, 83, 19.93, 0.00, 0.00
04/12/2024, 01:56:06, 21.40, 54.00, 83, 19.89, 0.00, 0.00
04/12/2024, 01:56:12, 21.40, 54.00, 83, 19.95, 0.00, 0.00
04/12/2024, 01:56:19, 21.40, 54.00, 83, 19.95, 0.00, 0.00
04/12/2024, 01:56:25, 21.40, 54.00, 83, 19.95, 0.00, 0.00
04/12/2024, 01:56:32, 21.50, 54.00, 83, 19.89, 0.00, 0.00
04/12/2024, 01:56:38, 21.50, 54.00, 83, 19.95, 0.00, 0.00
04/12/2024, 01:56:44, 21.40, 54.00, 83, 19.99, 0.00, 0.00
04/12/2024, 01:56:51, 21.50, 54.00, 83, 20.01, 0.00, 0.00
04/12/2024, 01:56:57, 21.40, 54.00, 83, 19.93, 0.00, 0.00
04/12/2024, 01:57:03, 21.50, 54.00, 83, 19.89, 0.00, 0.00
04/12/2024, 01:57:10, 21.50, 54.00, 83, 19.95, 0.00, 0.00
04/12/2024, 01:57:16, 21.50, 54.00, 83, 19.95, 0.00, 0.00
04/12/2024, 01:57:22, 21.40, 54.00, 83, 19.95, 0.00, 0.00
04/12/2024, 01:57:29, 21.50, 54.00, 83, 19.89, 0.00, 0.00
04/12/2024, 01:57:35, 21.50, 54.00, 83, 19.89, 0.00, 0.00
04/12/2024, 01:57:41, 21.40, 54.00, 83, 19.93, 0.00, 0.00
04/12/2024, 01:57:48, 21.40, 54.00, 83, 19.89, 0.00, 0.00
04/12/2024, 01:57:54, 21.40, 54.00, 83, 19.93, 0.00, 0.00
04/12/2024, 01:58:00, 21.50, 54.00, 83, 19.89, 0.00, 0.00
04/12/2024, 01:58:07, 21.40, 54.00, 83, 19.89, 0.00, 0.00
04/12/2024, 01:58:13, 21.50, 54.00, 83, 19.89, 0.00, 0.00
04/12/2024, 01:58:19, 21.50, 54.00, 83, 19.87, 0.00, 0.00
04/12/2024, 01:58:26, 21.50, 54.00, 83, 19.95, 0.00, 0.00
04/12/2024, 01:58:32, 21.50, 54.00, 83, 19.89, 0.00, 0.00
04/12/2024, 01:58:38, 21.50, 54.00, 83, 19.89, 0.00, 0.00
04/12/2024, 01:58:45, 21.50, 54.00, 83, 19.95, 0.00, 0.00
04/12/2024, 01:58:51, 21.50, 54.00, 83, 19.89, 0.00, 0.00
04/12/2024, 01:58:57, 21.40, 54.00, 83, 19.89, 0.00, 0.00
04/12/2024, 01:59:04, 21.40, 54.00, 83, 19.95, 0.00, 0.00
04/12/2024, 01:59:10, 21.50, 54.00, 83, 19.89, 0.00, 0.00
04/12/2024, 01:59:16, 21.50, 54.00, 83, 19.95, 0.00, 0.00
04/12/2024, 01:59:23, 21.40, 54.00, 83, 19.93, 0.00, 0.00
04/12/2024, 01:59:29, 21.40, 54.00, 83, 19.95, 0.00, 0.00
04/12/2024, 01:59:35, 21.50, 54.00, 83, 19.89, 0.00, 0.00
04/12/2024, 01:59:42, 21.50, 54.00, 83, 19.89, 0.00, 0.00
04/12/2024, 01:59:48, 21.40, 54.00, 83, 19.89, 0.00, 0.00
04/12/2024, 01:59:54, 21.50, 54.00, 83, 19.89, 0.00, 0.00
04/12/2024, 02:00:01, 21.50, 54.00, 83, 19.89, 0.00, 0.00
04/12/2024, 02:00:07, 21.60, 54.00, 83, 19.89, 0.00, 0.00
04/12/2024, 02:00:13, 21.60, 54.00, 83, 19.89, 0.00, 0.00
04/12/2024, 02:00:20, 21.60, 54.00, 83, 19.95, 0.00, 0.00
04/12/2024, 02:00:26, 21.60, 54.00, 83, 19.89, 0.00, 0.00
04/12/2024, 02:00:32, 21.50, 54.00, 83, 19.95, 0.00, 0.00
04/12/2024, 02:00:39, 21.50, 54.00, 83, 19.89, 0.00, 0.00
04/12/2024, 02:00:45, 21.50, 54.00, 83, 19.89, 0.00, 0.00
04/12/2024, 02:00:52, 21.50, 54.00, 83, 19.89, 0.00, 0.00
04/12/2024, 02:00:58, 21.50, 54.00, 83, 19.89, 0.00, 0.00
04/12/2024, 02:01:04, 21.50, 54.00, 83, 19.89, 0.00, 0.00
04/12/2024, 02:01:11, 21.50, 54.00, 83, 19.89, 0.00, 0.00
04/12/2024, 02:01:17, 21.50, 54.00, 83, 19.89, 0.00, 0.00
04/12/2024, 02:01:23, 21.50, 54.00, 83, 19.89, 0.00, 0.00
04/12/2024, 02:01:30, 21.50, 54.00, 83, 19.89, 0.00, 0.00
04/12/2024, 02:01:36, 21.50, 54.00, 83, 19.99, 0.00, 0.00
04/12/2024, 02:01:42, 21.60, 54.00, 83, 19.95, 0.00, 0.00
04/12/2024, 02:01:49, 21.60, 54.00, 83, 19.89, 0.00, 0.00
04/12/2024, 02:01:55, 21.60, 54.00, 83, 19.89, 0.00, 0.00
04/12/2024, 02:02:01, 21.70, 54.00, 83, 19.89, 0.00, 0.00
04/12/2024, 02:02:08, 21.70, 54.00, 83, 19.89, 0.00, 0.00
04/12/2024, 02:02:14, 21.60, 54.00, 83, 19.93, 0.00, 0.00
04/12/2024, 02:02:20, 21.60, 54.00, 83, 19.95, 0.00, 0.00
04/12/2024, 02:02:27, 21.60, 54.00, 83, 19.95, 0.00, 0.00
04/12/2024, 02:02:33, 21.60, 54.00, 83, 19.89, 0.00, 0.00
04/12/2024, 02:02:39, 21.50, 54.00, 83, 19.89, 0.00, 0.00
04/12/2024, 02:02:46, 21.50, 54.00, 83, 19.89, 0.00, 0.00
04/12/2024, 02:02:52, 21.50, 54.00, 83, 19.89, 0.00, 0.00
04/12/2024, 02:02:58, 21.50, 54.00, 83, 19.89, 0.00, 0.00
04/12/2024, 02:03:05, 21.50, 54.00, 83, 19.95, 0.00, 0.00
04/12/2024, 02:03:11, 21.50, 54.00, 83, 19.95, 0.00, 0.00
04/12/2024, 02:03:17, 21.50, 54.00, 83, 19.89, 0.00, 0.00
04/12/2024, 02:03:24, 21.50, 54.00, 83, 19.89, 0.00, 0.00
04/12/2024, 02:03:30, 21.50, 54.00, 83, 19.83, 0.00, 0.00
04/12/2024, 02:03:36, 21.50, 54.00, 83, 19.93, 0.00, 0.00
04/12/2024, 02:03:43, 21.50, 54.00, 83, 19.89, 0.00, 0.00
04/12/2024, 02:03:49, 21.60, 54.00, 83, 19.89, 0.00, 0.00
04/12/2024, 02:03:55, 21.60, 54.00, 83, 19.89, 0.00, 0.00
04/12/2024, 02:04:02, 21.60, 54.00, 83, 19.89, 0.00, 0.00
04/12/2024, 02:04:08, 21.60, 54.00, 83, 19.89, 0.00, 0.00
04/12/2024, 02:04:14, 21.60, 54.00, 83, 19.95, 0.00, 0.00
04/12/2024, 02:04:21, 21.60, 54.00, 83, 19.95, 0.00, 0.00
04/12/2024, 02:04:27, 21.50, 54.00, 83, 20.01, 0.00, 0.00
04/12/2024, 02:04:33, 21.60, 54.00, 83, 19.95, 0.00, 0.00
04/12/2024, 02:04:40, 21.50, 54.00, 83, 19.95, 0.00, 0.00
04/12/2024, 02:04:46, 21.50, 54.00, 83, 19.89, 0.00, 0.00
04/12/2024, 02:04:52, 21.50, 54.00, 83, 19.93, 0.00, 0.00
04/12/2024, 02:04:59, 21.50, 54.00, 83, 19.87, 0.00, 0.00
04/12/2024, 02:05:05, 21.60, 54.00, 83, 19.89, 0.00, 0.00
04/12/2024, 02:05:12, 21.70, 54.00, 83, 19.87, 0.00, 0.00
04/12/2024, 02:05:18, 21.80, 54.00, 83, 19.89, 0.00, 0.00
04/12/2024, 02:05:24, 21.80, 54.00, 83, 19.83, 0.00, 0.00
04/12/2024, 02:05:31, 21.80, 54.00, 83, 19.93, 0.00, 0.00
04/12/2024, 02:05:37, 21.80, 54.00, 83, 19.89, 0.00, 0.00
04/12/2024, 02:05:43, 21.80, 54.00, 83, 19.95, 0.00, 0.00
04/12/2024, 02:05:50, 21.80, 54.00, 83, 19.95, 0.00, 0.00
04/12/2024, 02:06:02, 21.80, 54.00, 83, 19.95, 0.00, 0.00
04/12/2024, 02:06:09, 21.50, 54.00, 83, 19.95, 0.00, 0.00
04/12/2024, 02:06:15, 21.60, 54.00, 83, 19.89, 0.00, 0.00
04/12/2024, 02:06:21, 21.60, 54.00, 83, 19.87, 0.00, 0.00
04/12/2024, 02:06:28, 21.60, 54.00, 83, 19.89, 0.00, 0.00
04/12/2024, 02:06:34, 21.60, 54.00, 83, 19.87, 0.00, 0.00
04/12/2024, 02:06:40, 21.50, 54.00, 83, 19.93, 0.00, 0.00
04/12/2024, 02:06:47, 21.50, 54.00, 83, 19.95, 0.00, 0.00
04/12/2024, 02:06:53, 21.50, 54.00, 83, 19.87, 0.00, 0.00
04/12/2024, 02:06:59, 21.60, 54.00, 83, 19.89, 0.00, 0.00
04/12/2024, 02:07:06, 21.80, 54.00, 83, 19.93, 0.00, 0.00
04/12/2024, 02:07:12, 21.80, 54.00, 83, 19.87, 0.00, 0.00
04/12/2024, 02:07:18, 21.80, 54.00, 83, 19.89, 0.00, 0.00
04/12/2024, 02:07:25, 21.80, 54.00, 83, 19.89, 0.00, 0.00
04/12/2024, 02:07:31, 21.80, 54.00, 83, 19.93, 0.00, 0.00
04/12/2024, 02:07:37, 21.80, 54.00, 83, 19.89, 0.00, 0.00
04/12/2024, 02:07:44, 21.80, 54.00, 83, 19.89, 0.00, 0.00
04/12/2024, 02:07:50, 21.80, 54.00, 83, 19.83, 0.00, 0.00
04/12/2024, 02:07:56, 21.80, 54.00, 83, 19.87, 0.00, 0.00
04/12/2024, 02:08:03, 21.80, 54.00, 83, 19.83, 0.00, 0.00
04/12/2024, 02:08:09, 21.80, 54.00, 83, 19.83, 0.00, 0.00
04/12/2024, 02:08:15, 21.70, 54.00, 83, 19.89, 0.00, 0.00
04/12/2024, 02:08:22, 21.70, 54.00, 83, 19.87, 0.00, 0.00
04/12/2024, 02:08:28, 21.70, 54.00, 83, 19.87, 0.00, 0.00
04/12/2024, 02:08:34, 21.70, 54.00, 83, 19.89, 0.00, 0.00
04/12/2024, 02:08:41, 21.70, 54.00, 83, 19.95, 0.00, 0.00
04/12/2024, 02:08:47, 21.60, 54.00, 83, 19.83, 0.00, 0.00
04/12/2024, 02:08:53, 21.60, 54.00, 83, 19.93, 0.00, 0.00
04/12/2024, 02:09:00, 21.70, 54.00, 83, 20.01, 0.00, 0.00
04/12/2024, 02:09:12, 21.70, 54.00, 83, 19.89, 0.00, 0.00
04/12/2024, 02:09:19, 21.40, 54.00, 83, 19.87, 0.00, 0.00
04/12/2024, 02:09:25, 21.50, 54.00, 83, 19.93, 0.00, 0.00
04/12/2024, 02:09:31, 21.50, 54.00, 83, 19.89, 0.00, 0.00
04/12/2024, 02:09:38, 21.50, 54.00, 83, 19.93, 0.00, 0.00
04/12/2024, 02:09:44, 21.50, 54.00, 83, 19.87, 0.00, 0.00
04/12/2024, 02:09:51, 21.50, 54.00, 83, 19.89, 0.00, 0.00
04/12/2024, 02:09:57, 21.50, 54.00, 83, 19.95, 0.00, 0.00
04/12/2024, 02:10:03, 21.50, 54.00, 83, 19.83, 0.00, 0.00
04/12/2024, 02:10:10, 21.50, 54.00, 83, 19.87, 0.00, 0.00
04/12/2024, 02:10:16, 21.50, 54.00, 83, 19.93, 0.00, 0.00
04/12/2024, 02:10:22, 21.60, 54.00, 83, 19.87, 0.00, 0.00
04/12/2024, 02:10:29, 21.60, 54.00, 83, 19.93, 0.00, 0.00
04/12/2024, 02:10:35, 21.60, 54.00, 83, 19.87, 0.00, 0.00
04/12/2024, 02:10:41, 21.60, 54.00, 83, 19.89, 0.00, 0.00
04/12/2024, 02:10:48, 21.60, 54.00, 83, 19.87, 0.00, 0.00
04/12/2024, 02:10:54, 21.60, 54.00, 83, 19.93, 0.00, 0.00
04/12/2024, 02:11:00, 21.60, 54.00, 83, 19.83, 0.00, 0.00
04/12/2024, 02:11:07, 21.60, 54.00, 83, 19.93, 0.00, 0.00
04/12/2024, 02:11:13, 21.60, 54.00, 83, 19.93, 0.00, 0.00
04/12/2024, 02:11:19, 21.60, 54.00, 83, 19.83, 0.00, 0.00
04/12/2024, 02:11:26, 21.60, 54.00, 83, 19.87, 0.00, 0.00
04/12/2024, 02:11:32, 21.60, 54.00, 83, 19.87, 0.00, 0.00
04/12/2024, 02:11:38, 21.70, 54.00, 83, 19.89, 0.00, 0.00
04/12/2024, 02:11:45, 21.80, 54.00, 83, 19.89, 0.00, 0.00
04/12/2024, 02:11:51, 21.80, 54.00, 83, 19.87, 0.00, 0.00
04/12/2024, 02:11:57, 21.80, 54.00, 83, 19.87, 0.00, 0.00
04/12/2024, 02:12:04, 21.80, 54.00, 83, 19.83, 0.00, 0.00
04/12/2024, 02:12:10, 21.80, 54.00, 83, 19.93, 0.00, 0.00
04/12/2024, 02:12:16, 21.80, 54.00, 83, 19.83, 0.00, 0.00
04/12/2024, 02:12:23, 21.80, 54.00, 83, 19.89, 0.00, 0.00
04/12/2024, 02:12:29, 21.80, 54.00, 83, 19.87, 0.00, 0.00
04/12/2024, 02:12:35, 21.80, 54.00, 83, 19.83, 0.00, 0.00
04/12/2024, 02:12:42, 21.80, 54.00, 83, 19.89, 0.00, 0.00
04/12/2024, 02:12:48, 21.80, 54.00, 83, 19.93, 0.00, 0.00
04/12/2024, 02:12:54, 21.80, 54.00, 83, 19.89, 0.00, 0.00
04/12/2024, 02:13:01, 21.80, 54.00, 83, 19.87, 0.00, 0.00
04/12/2024, 02:13:07, 21.80, 54.00, 83, 19.87, 0.00, 0.00
04/12/2024, 02:13:13, 21.80, 54.00, 83, 19.89, 0.00, 0.00
04/12/2024, 02:13:20, 21.70, 54.00, 83, 19.87, 0.00, 0.00
04/12/2024, 02:13:26, 21.70, 54.00, 83, 19.83, 0.00, 0.00
04/12/2024, 02:13:32, 21.60, 54.00, 83, 19.87, 0.00, 0.00
04/12/2024, 02:13:39, 21.60, 54.00, 83, 19.83, 0.00, 0.00
04/12/2024, 02:13:45, 21.50, 54.00, 83, 19.83, 0.00, 0.00
04/12/2024, 02:13:51, 21.50, 54.00, 83, 19.83, 0.00, 0.00
04/12/2024, 02:13:58, 21.50, 54.00, 83, 19.95, 0.00, 0.00
04/12/2024, 02:14:04, 21.50, 54.00, 83, 19.83, 0.00, 0.00
04/12/2024, 02:14:11, 21.50, 54.00, 83, 19.87, 0.00, 0.00
04/12/2024, 02:14:17, 21.50, 54.00, 83, 19.83, 0.00, 0.00
04/12/2024, 02:14:23, 21.50, 54.00, 83, 19.87, 0.00, 0.00
04/12/2024, 02:14:30, 21.50, 54.00, 83, 19.83, 0.00, 0.00
04/12/2024, 02:14:36, 21.50, 54.00, 83, 19.83, 0.00, 0.00
04/12/2024, 02:14:42, 21.50, 54.00, 83, 19.79, 0.00, 0.00
04/12/2024, 02:14:49, 21.50, 54.00, 83, 19.89, 0.00, 0.00
04/12/2024, 02:14:55, 21.50, 54.00, 83, 19.93, 0.00, 0.00
04/12/2024, 02:15:01, 21.50, 54.00, 83, 19.87, 0.00, 0.00
04/12/2024, 02:15:08, 21.50, 54.00, 83, 19.89, 0.00, 0.00
04/12/2024, 02:15:14, 21.50, 54.00, 83, 19.89, 0.00, 0.00
04/12/2024, 02:15:20, 21.50, 54.00, 83, 19.93, 0.00, 0.00
04/12/2024, 02:15:27, 21.50, 54.00, 83, 19.87, 0.00, 0.00
04/12/2024, 02:15:33, 21.50, 54.00, 83, 19.93, 0.00, 0.00
04/12/2024, 02:15:39, 21.50, 54.00, 83, 19.93, 0.00, 0.00
04/12/2024, 02:15:46, 21.40, 54.00, 83, 19.87, 0.00, 0.00
04/12/2024, 02:15:52, 21.40, 54.00, 83, 19.79, 0.00, 0.00
04/12/2024, 02:15:58, 21.50, 54.00, 83, 19.89, 0.00, 0.00
04/12/2024, 02:16:05, 21.50, 54.00, 83, 19.83, 0.00, 0.00
04/12/2024, 02:16:11, 21.50, 54.00, 83, 19.87, 0.00, 0.00
04/12/2024, 02:16:17, 21.50, 54.00, 83, 19.87, 0.00, 0.00
04/12/2024, 02:16:24, 21.50, 54.00, 83, 19.93, 0.00, 0.00
04/12/2024, 02:16:30, 21.50, 54.00, 83, 19.79, 0.00, 0.00
04/12/2024, 02:16:36, 21.50, 54.00, 83, 19.79, 0.00, 0.00
04/12/2024, 02:16:43, 21.50, 54.00, 83, 19.89, 0.00, 0.00
04/12/2024, 02:16:49, 21.50, 54.00, 83, 19.79, 0.00, 0.00
04/12/2024, 02:16:55, 21.50, 54.00, 83, 19.87, 0.00, 0.00
04/12/2024, 02:17:02, 21.50, 54.00, 83, 19.93, 0.00, 0.00
04/12/2024, 02:17:08, 21.50, 54.00, 83, 19.89, 0.00, 0.00
04/12/2024, 02:17:14, 21.50, 54.00, 83, 19.79, 0.00, 0.00
04/12/2024, 02:17:21, 21.40, 54.00, 83, 19.79, 0.00, 0.00
04/12/2024, 02:17:27, 21.40, 54.00, 83, 19.89, 0.00, 0.00
04/12/2024, 02:17:33, 21.50, 54.00, 83, 19.87, 0.00, 0.00
04/12/2024, 02:17:40, 21.50, 54.00, 83, 19.93, 0.00, 0.00
04/12/2024, 02:17:46, 21.40, 54.00, 83, 19.79, 0.00, 0.00
04/12/2024, 02:17:52, 21.40, 54.00, 83, 19.87, 0.00, 0.00
04/12/2024, 02:17:59, 21.40, 54.00, 83, 19.89, 0.00, 0.00
04/12/2024, 02:18:05, 21.40, 54.00, 83, 19.89, 0.00, 0.00
04/12/2024, 02:18:11, 21.50, 54.00, 83, 19.89, 0.00, 0.00
04/12/2024, 02:18:18, 21.50, 54.00, 83, 19.87, 0.00, 0.00
04/12/2024, 02:18:24, 21.40, 54.00, 83, 19.79, 0.00, 0.00
04/12/2024, 02:18:30, 21.40, 54.00, 83, 19.87, 0.00, 0.00
04/12/2024, 02:18:37, 21.50, 54.00, 83, 19.89, 0.00, 0.00
04/12/2024, 02:18:43, 21.50, 54.00, 83, 19.79, 0.00, 0.00
04/12/2024, 02:18:50, 21.40, 54.00, 83, 19.87, 0.00, 0.00
04/12/2024, 02:18:56, 21.40, 54.00, 83, 19.87, 0.00, 0.00
04/12/2024, 02:19:02, 21.40, 54.00, 83, 19.89, 0.00, 0.00
04/12/2024, 02:19:09, 21.40, 54.00, 83, 19.79, 0.00, 0.00
04/12/2024, 02:19:15, 21.50, 54.00, 83, 19.89, 0.00, 0.00
04/12/2024, 02:19:21, 21.50, 54.00, 83, 19.79, 0.00, 0.00
04/12/2024, 02:19:28, 21.50, 54.00, 83, 19.87, 0.00, 0.00
04/12/2024, 02:19:34, 21.50, 54.00, 83, 19.89, 0.00, 0.00
04/12/2024, 02:19:40, 21.40, 54.00, 83, 19.77, 0.00, 0.00
04/12/2024, 02:19:47, 21.50, 54.00, 83, 19.79, 0.00, 0.00
04/12/2024, 02:19:53, 21.40, 54.00, 83, 19.89, 0.00, 0.00
04/12/2024, 02:19:59, 21.40, 54.00, 83, 19.89, 0.00, 0.00
04/12/2024, 02:20:06, 21.50, 54.00, 83, 19.87, 0.00, 0.00
04/12/2024, 02:20:12, 21.40, 54.00, 83, 19.93, 0.00, 0.00
04/12/2024, 02:20:18, 21.40, 54.00, 83, 19.87, 0.00, 0.00
04/12/2024, 02:20:25, 21.40, 54.00, 83, 19.89, 0.00, 0.00
04/12/2024, 02:20:31, 21.40, 54.00, 83, 19.89, 0.00, 0.00
04/12/2024, 02:20:37, 21.50, 54.00, 83, 19.87, 0.00, 0.00
04/12/2024, 02:20:44, 21.40, 54.00, 83, 19.87, 0.00, 0.00
04/12/2024, 02:20:50, 21.40, 54.00, 83, 19.87, 0.00, 0.00
04/12/2024, 02:20:56, 21.40, 54.00, 83, 19.87, 0.00, 0.00
04/12/2024, 02:21:03, 21.40, 54.00, 83, 19.87, 0.00, 0.00
04/12/2024, 02:21:09, 21.40, 54.00, 83, 19.89, 0.00, 0.00
04/12/2024, 02:21:15, 21.40, 54.00, 83, 19.87, 0.00, 0.00
04/12/2024, 02:21:22, 21.40, 54.00, 83, 19.79, 0.00, 0.00
04/12/2024, 02:21:28, 21.40, 54.00, 83, 19.87, 0.00, 0.00
04/12/2024, 02:21:34, 21.40, 54.00, 83, 19.87, 0.00, 0.00
04/12/2024, 02:21:41, 21.40, 54.00, 83, 19.77, 0.00, 0.00
04/12/2024, 02:21:47, 21.40, 54.00, 83, 19.89, 0.00, 0.00
04/12/2024, 02:21:53, 21.40, 54.00, 83, 19.87, 0.00, 0.00
04/12/2024, 02:22:00, 21.40, 54.00, 83, 19.79, 0.00, 0.00
04/12/2024, 02:22:06, 21.40, 54.00, 83, 19.89, 0.00, 0.00
04/12/2024, 02:22:12, 21.40, 54.00, 85, 19.93, 0.00, 0.00
04/12/2024, 02:22:19, 21.40, 54.00, 83, 19.83, 0.00, 0.00
04/12/2024, 02:22:25, 21.40, 54.00, 83, 19.77, 0.00, 0.00
04/12/2024, 02:22:31, 21.40, 54.00, 83, 19.77, 0.00, 0.00
04/12/2024, 02:22:38, 21.40, 54.00, 83, 19.83, 0.00, 0.00
04/12/2024, 02:22:44, 21.40, 54.00, 83, 19.83, 0.00, 0.00
04/12/2024, 02:22:50, 21.40, 54.00, 83, 19.83, 0.00, 0.00
04/12/2024, 02:22:57, 21.40, 54.00, 83, 19.83, 0.00, 0.00
04/12/2024, 02:23:03, 21.40, 54.00, 83, 19.89, 0.00, 0.00
04/12/2024, 02:23:10, 21.40, 54.00, 83, 19.87, 0.00, 0.00
04/12/2024, 02:23:16, 21.40, 54.00, 83, 19.83, 0.00, 0.00
04/12/2024, 02:23:22, 21.40, 54.00, 83, 19.87, 0.00, 0.00
04/12/2024, 02:23:29, 21.40, 54.00, 83, 19.87, 0.00, 0.00
04/12/2024, 02:23:35, 21.40, 54.00, 83, 19.89, 0.00, 0.00
04/12/2024, 02:23:41, 21.40, 54.00, 83, 19.77, 0.00, 0.00
04/12/2024, 02:23:48, 21.40, 54.00, 83, 19.83, 0.00, 0.00
04/12/2024, 02:23:54, 21.40, 54.00, 83, 19.87, 0.00, 0.00
04/12/2024, 02:24:00, 21.40, 54.00, 83, 19.73, 0.00, 0.00
04/12/2024, 02:24:07, 21.40, 54.00, 83, 19.89, 0.00, 0.00
04/12/2024, 02:24:13, 21.40, 54.00, 83, 19.89, 0.00, 0.00
04/12/2024, 02:24:19, 21.40, 54.00, 83, 19.87, 0.00, 0.00
04/12/2024, 02:24:26, 21.40, 54.00, 83, 19.83, 0.00, 0.00
04/12/2024, 02:24:32, 21.40, 54.00, 83, 19.73, 0.00, 0.00
04/12/2024, 02:24:38, 21.40, 54.00, 83, 19.89, 0.00, 0.00
04/12/2024, 02:24:45, 21.40, 54.00, 83, 19.77, 0.00, 0.00
04/12/2024, 02:24:51, 21.40, 54.00, 83, 19.87, 0.00, 0.00
04/12/2024, 02:24:57, 21.40, 54.00, 83, 19.87, 0.00, 0.00
04/12/2024, 02:25:10, 21.40, 54.00, 83, 19.83, 0.00, 0.00
04/12/2024, 02:25:16, 21.40, 54.00, 83, 19.89, 0.00, 0.00
04/12/2024, 02:25:23, 21.40, 54.00, 83, 19.87, 0.00, 0.00
04/12/2024, 02:25:29, 21.40, 54.00, 83, 19.87, 0.00, 0.00
04/12/2024, 02:25:35, 21.50, 54.00, 83, 19.89, 0.00, 0.00
04/12/2024, 02:25:42, 21.40, 54.00, 83, 19.83, 0.00, 0.00
04/12/2024, 02:25:48, 21.40, 54.00, 83, 19.77, 0.00, 0.00
04/12/2024, 02:25:54, 21.40, 54.00, 83, 19.89, 0.00, 0.00
04/12/2024, 02:26:01, 21.50, 54.00, 83, 19.87, 0.00, 0.00
04/12/2024, 02:26:07, 21.40, 54.00, 83, 19.87, 0.00, 0.00
04/12/2024, 02:26:13, 21.40, 54.00, 83, 19.83, 0.00, 0.00
04/12/2024, 02:26:20, 21.40, 54.00, 83, 19.87, 0.00, 0.00
04/12/2024, 02:26:26, 21.50, 54.00, 83, 19.79, 0.00, 0.00
04/12/2024, 02:26:32, 21.40, 54.00, 83, 19.83, 0.00, 0.00
04/12/2024, 02:26:39, 21.40, 54.00, 83, 19.83, 0.00, 0.00
04/12/2024, 02:26:45, 21.40, 54.00, 85, 19.89, 0.00, 0.00
04/12/2024, 02:26:51, 21.40, 54.00, 83, 19.87, 0.00, 0.00
04/12/2024, 02:26:58, 21.40, 54.00, 83, 19.73, 0.00, 0.00
04/12/2024, 02:27:04, 21.40, 54.00, 83, 19.79, 0.00, 0.00
04/12/2024, 02:27:10, 21.40, 54.00, 83, 19.83, 0.00, 0.00
04/12/2024, 02:27:17, 21.40, 54.00, 83, 19.83, 0.00, 0.00
04/12/2024, 02:27:23, 21.40, 54.00, 83, 19.79, 0.00, 0.00
04/12/2024, 02:27:30, 21.40, 54.00, 83, 19.83, 0.00, 0.00
04/12/2024, 02:27:36, 21.50, 54.00, 83, 19.73, 0.00, 0.00
04/12/2024, 02:27:42, 21.40, 54.00, 83, 19.83, 0.00, 0.00
04/12/2024, 02:27:49, 21.40, 54.00, 83, 19.83, 0.00, 0.00
04/12/2024, 02:27:55, 21.40, 54.00, 83, 19.79, 0.00, 0.00
04/12/2024, 02:28:01, 21.40, 54.00, 83, 19.79, 0.00, 0.00
04/12/2024, 02:28:08, 21.40, 54.00, 83, 19.79, 0.00, 0.00
04/12/2024, 02:28:14, 21.40, 54.00, 83, 19.79, 0.00, 0.00
04/12/2024, 02:28:20, 21.50, 54.00, 83, 19.83, 0.00, 0.00
04/12/2024, 02:28:27, 21.40, 54.00, 83, 19.83, 0.00, 0.00
04/12/2024, 02:28:33, 21.40, 54.00, 83, 19.83, 0.00, 0.00
04/12/2024, 02:28:39, 21.40, 54.00, 83, 19.87, 0.00, 0.00
04/12/2024, 02:28:46, 21.40, 54.00, 83, 19.79, 0.00, 0.00
04/12/2024, 02:28:52, 21.40, 54.00, 83, 19.79, 0.00, 0.00
04/12/2024, 02:28:58, 21.40, 54.00, 83, 19.87, 0.00, 0.00
04/12/2024, 02:29:05, 21.40, 54.00, 83, 19.83, 0.00, 0.00
04/12/2024, 02:29:11, 21.40, 54.00, 83, 19.79, 0.00, 0.00
04/12/2024, 02:29:17, 21.40, 54.00, 83, 19.87, 0.00, 0.00
04/12/2024, 02:29:24, 21.40, 54.00, 83, 19.73, 0.00, 0.00
04/12/2024, 02:29:30, 21.40, 54.00, 83, 19.79, 0.00, 0.00
04/12/2024, 02:29:36, 21.40, 54.00, 83, 19.71, 0.00, 0.00
04/12/2024, 02:29:43, 21.40, 54.00, 83, 19.79, 0.00, 0.00
04/12/2024, 02:29:49, 21.40, 54.00, 83, 19.73, 0.00, 0.00
04/12/2024, 02:29:55, 21.50, 54.00, 83, 19.83, 0.00, 0.00
04/12/2024, 02:30:02, 21.40, 54.00, 83, 19.83, 0.00, 0.00
04/12/2024, 02:30:08, 21.40, 54.00, 83, 19.79, 0.00, 0.00
04/12/2024, 02:30:14, 21.40, 54.00, 83, 19.83, 0.00, 0.00
04/12/2024, 02:30:21, 21.40, 54.00, 83, 19.79, 0.00, 0.00
04/12/2024, 02:30:27, 21.50, 54.00, 83, 19.79, 0.00, 0.00
04/12/2024, 02:30:33, 21.50, 54.00, 83, 19.87, 0.00, 0.00
04/12/2024, 02:30:40, 21.40, 54.00, 83, 19.79, 0.00, 0.00
04/12/2024, 02:30:46, 21.50, 54.00, 83, 19.87, 0.00, 0.00
04/12/2024, 02:30:52, 21.40, 54.00, 83, 19.77, 0.00, 0.00
04/12/2024, 02:30:59, 21.40, 54.00, 83, 19.79, 0.00, 0.00
04/12/2024, 02:31:05, 21.40, 54.00, 83, 19.71, 0.00, 0.00
04/12/2024, 02:31:11, 21.50, 54.00, 83, 19.83, 0.00, 0.00
04/12/2024, 02:31:18, 21.40, 54.00, 83, 19.83, 0.00, 0.00
04/12/2024, 02:31:24, 21.40, 54.00, 83, 19.83, 0.00, 0.00
04/12/2024, 02:31:30, 21.40, 54.00, 83, 19.79, 0.00, 0.00
04/12/2024, 02:31:37, 21.40, 54.00, 83, 19.83, 0.00, 0.00
04/12/2024, 02:31:43, 21.40, 54.00, 83, 19.79, 0.00, 0.00
04/12/2024, 02:31:50, 21.40, 54.00, 83, 19.77, 0.00, 0.00
04/12/2024, 02:31:56, 21.40, 54.00, 83, 19.83, 0.00, 0.00
04/12/2024, 02:32:02, 21.40, 54.00, 83, 19.79, 0.00, 0.00
04/12/2024, 02:32:09, 21.40, 54.00, 83, 19.83, 0.00, 0.00
04/12/2024, 02:32:15, 21.50, 54.00, 83, 19.79, 0.00, 0.00
04/12/2024, 02:32:21, 21.40, 54.00, 83, 19.83, 0.00, 0.00
04/12/2024, 02:32:28, 21.40, 54.00, 83, 19.83, 0.00, 0.00
04/12/2024, 02:32:34, 21.40, 54.00, 83, 19.83, 0.00, 0.00
04/12/2024, 02:32:40, 21.40, 54.00, 83, 19.79, 0.00, 0.00
04/12/2024, 02:32:47, 21.40, 54.00, 83, 19.87, 0.00, 0.00
04/12/2024, 02:32:53, 21.40, 54.00, 83, 19.83, 0.00, 0.00
04/12/2024, 02:32:59, 21.40, 54.00, 83, 19.79, 0.00, 0.00
04/12/2024, 02:33:06, 21.40, 54.00, 83, 19.83, 0.00, 0.00
04/12/2024, 02:33:12, 21.40, 54.00, 83, 19.87, 0.00, 0.00
04/12/2024, 02:33:18, 21.40, 54.00, 83, 19.73, 0.00, 0.00
04/12/2024, 02:33:25, 21.40, 54.00, 83, 19.87, 0.00, 0.00
04/12/2024, 02:33:31, 21.40, 54.00, 83, 19.83, 0.00, 0.00
04/12/2024, 02:33:37, 21.40, 54.00, 83, 19.77, 0.00, 0.00
04/12/2024, 02:33:44, 21.40, 54.00, 83, 19.79, 0.00, 0.00
04/12/2024, 02:33:50, 21.40, 54.00, 83, 19.83, 0.00, 0.00
04/12/2024, 02:33:56, 21.40, 54.00, 83, 19.79, 0.00, 0.00
04/12/2024, 02:34:03, 21.40, 54.00, 83, 19.83, 0.00, 0.00
04/12/2024, 02:34:09, 21.40, 54.00, 83, 19.77, 0.00, 0.00
04/12/2024, 02:34:15, 21.40, 54.00, 83, 19.71, 0.00, 0.00
04/12/2024, 02:34:22, 21.40, 54.00, 83, 19.79, 0.00, 0.00
04/12/2024, 02:34:28, 21.40, 54.00, 83, 19.77, 0.00, 0.00
04/12/2024, 02:34:34, 21.40, 54.00, 83, 19.77, 0.00, 0.00
04/12/2024, 02:34:41, 21.40, 54.00, 83, 19.73, 0.00, 0.00
04/12/2024, 02:34:47, 21.40, 54.00, 83, 19.83, 0.00, 0.00
04/12/2024, 02:34:53, 21.40, 54.00, 83, 19.83, 0.00, 0.00
04/12/2024, 02:35:00, 21.50, 54.00, 85, 19.77, 0.00, 0.00
04/12/2024, 02:35:06, 21.40, 54.00, 83, 19.79, 0.00, 0.00
04/12/2024, 02:35:12, 21.40, 54.00, 83, 19.77, 0.00, 0.00
04/12/2024, 02:35:19, 21.40, 54.00, 83, 19.77, 0.00, 0.00
04/12/2024, 02:35:25, 21.40, 54.00, 83, 19.77, 0.00, 0.00
04/12/2024, 02:35:31, 21.40, 54.00, 83, 19.73, 0.00, 0.00
04/12/2024, 02:35:38, 21.40, 54.00, 83, 19.83, 0.00, 0.00
04/12/2024, 02:35:44, 21.40, 54.00, 83, 19.73, 0.00, 0.00
04/12/2024, 02:35:50, 21.40, 54.00, 85, 19.79, 0.00, 0.00
04/12/2024, 02:35:57, 21.40, 54.00, 83, 19.77, 0.00, 0.00
04/12/2024, 02:36:03, 21.40, 54.00, 83, 19.77, 0.00, 0.00
04/12/2024, 02:36:10, 21.40, 54.00, 83, 19.79, 0.00, 0.00
04/12/2024, 02:36:16, 21.40, 54.00, 83, 19.79, 0.00, 0.00
04/12/2024, 02:36:22, 21.40, 54.00, 83, 19.73, 0.00, 0.00
04/12/2024, 02:36:29, 21.40, 54.00, 83, 19.79, 0.00, 0.00
04/12/2024, 02:36:35, 21.40, 54.00, 83, 19.73, 0.00, 0.00
04/12/2024, 02:36:41, 21.40, 54.00, 83, 19.73, 0.00, 0.00
04/12/2024, 02:36:48, 21.40, 54.00, 85, 19.77, 0.00, 0.00
04/12/2024, 02:36:54, 21.40, 54.00, 83, 19.77, 0.00, 0.00
04/12/2024, 02:37:00, 21.40, 54.00, 83, 19.79, 0.00, 0.00
04/12/2024, 02:37:07, 21.40, 54.00, 83, 19.79, 0.00, 0.00
04/12/2024, 02:37:13, 21.40, 54.00, 83, 19.77, 0.00, 0.00
04/12/2024, 02:37:19, 21.40, 54.00, 83, 19.73, 0.00, 0.00
04/12/2024, 02:37:26, 21.40, 54.00, 85, 19.73, 0.00, 0.00
04/12/2024, 02:37:32, 21.40, 54.00, 83, 19.73, 0.00, 0.00
04/12/2024, 02:37:38, 21.40, 54.00, 83, 19.73, 0.00, 0.00
04/12/2024, 02:37:45, 21.40, 54.00, 83, 19.79, 0.00, 0.00
04/12/2024, 02:37:51, 21.40, 54.00, 83, 19.77, 0.00, 0.00
04/12/2024, 02:37:57, 21.40, 54.00, 85, 19.77, 0.00, 0.00
04/12/2024, 02:38:04, 21.40, 54.00, 83, 19.79, 0.00, 0.00
04/12/2024, 02:38:10, 21.40, 54.00, 83, 19.67, 0.00, 0.00
04/12/2024, 02:38:16, 21.40, 54.00, 83, 19.73, 0.00, 0.00
04/12/2024, 02:38:23, 21.40, 54.00, 83, 19.79, 0.00, 0.00
04/12/2024, 02:38:29, 21.40, 54.00, 83, 19.77, 0.00, 0.00
04/12/2024, 02:38:35, 21.40, 54.00, 83, 19.73, 0.00, 0.00
04/12/2024, 02:38:42, 21.40, 54.00, 83, 19.79, 0.00, 0.00
04/12/2024, 02:38:48, 21.40, 54.00, 83, 19.77, 0.00, 0.00
04/12/2024, 02:38:54, 21.40, 54.00, 83, 19.67, 0.00, 0.00
04/12/2024, 02:39:01, 21.40, 54.00, 83, 19.79, 0.00, 0.00
04/12/2024, 02:39:07, 21.40, 54.00, 85, 19.77, 0.00, 0.00
04/12/2024, 02:39:13, 21.40, 54.00, 83, 19.77, 0.00, 0.00
04/12/2024, 02:39:20, 21.40, 54.00, 83, 19.73, 0.00, 0.00
04/12/2024, 02:39:26, 21.40, 54.00, 83, 19.77, 0.00, 0.00
04/12/2024, 02:39:32, 21.40, 54.00, 85, 19.77, 0.00, 0.00
04/12/2024, 02:39:39, 21.40, 54.00, 83, 19.73, 0.00, 0.00
04/12/2024, 02:39:45, 21.40, 54.00, 83, 19.77, 0.00, 0.00
04/12/2024, 02:39:51, 21.40, 54.00, 85, 19.77, 0.00, 0.00
04/12/2024, 02:39:58, 21.40, 54.00, 85, 19.77, 0.00, 0.00
04/12/2024, 02:40:04, 21.40, 54.00, 83, 19.67, 0.00, 0.00
04/12/2024, 02:40:10, 21.40, 54.00, 83, 19.77, 0.00, 0.00
04/12/2024, 02:40:17, 21.40, 54.00, 83, 19.73, 0.00, 0.00
04/12/2024, 02:40:23, 21.40, 54.00, 83, 19.79, 0.00, 0.00
04/12/2024, 02:40:30, 21.40, 54.00, 83, 19.77, 0.00, 0.00
04/12/2024, 02:40:36, 21.40, 54.00, 83, 19.77, 0.00, 0.00
04/12/2024, 02:40:42, 21.40, 54.00, 83, 19.73, 0.00, 0.00
04/12/2024, 02:40:49, 21.40, 54.00, 83, 19.77, 0.00, 0.00
04/12/2024, 02:40:55, 21.40, 54.00, 83, 19.77, 0.00, 0.00
04/12/2024, 02:41:01, 21.40, 54.00, 85, 19.79, 0.00, 0.00
04/12/2024, 02:41:08, 21.40, 54.00, 83, 19.73, 0.00, 0.00
04/12/2024, 02:41:14, 21.40, 54.00, 85, 19.71, 0.00, 0.00
04/12/2024, 02:41:20, 21.40, 54.00, 85, 19.79, 0.00, 0.00
04/12/2024, 02:41:33, 21.40, 54.00, 85, 19.73, 0.00, 0.00
04/12/2024, 02:41:39, 21.40, 54.00, 85, 19.73, 0.00, 0.00
04/12/2024, 02:41:46, 21.40, 54.00, 85, 19.71, 0.00, 0.00
04/12/2024, 02:41:52, 21.40, 54.00, 85, 19.67, 0.00, 0.00
04/12/2024, 02:41:58, 21.40, 54.00, 83, 19.77, 0.00, 0.00
04/12/2024, 02:42:05, 21.40, 54.00, 85, 19.79, 0.00, 0.00
04/12/2024, 02:42:11, 21.40, 54.00, 85, 19.77, 0.00, 0.00
04/12/2024, 02:42:17, 21.40, 54.00, 85, 19.71, 0.00, 0.00
04/12/2024, 02:42:24, 21.40, 54.00, 83, 19.73, 0.00, 0.00
04/12/2024, 02:42:30, 21.40, 54.00, 85, 19.77, 0.00, 0.00
04/12/2024, 02:42:36, 21.40, 54.00, 83, 19.67, 0.00, 0.00
04/12/2024, 02:42:43, 21.40, 54.00, 83, 19.77, 0.00, 0.00
04/12/2024, 02:42:49, 21.40, 54.00, 83, 19.77, 0.00, 0.00
04/12/2024, 02:42:55, 21.40, 54.00, 83, 19.79, 0.00, 0.00
04/12/2024, 02:43:02, 21.40, 54.00, 83, 19.77, 0.00, 0.00
04/12/2024, 02:43:08, 21.40, 54.00, 85, 19.71, 0.00, 0.00
04/12/2024, 02:43:14, 21.40, 54.00, 85, 19.79, 0.00, 0.00
04/12/2024, 02:43:21, 21.40, 54.00, 83, 19.73, 0.00, 0.00
04/12/2024, 02:43:27, 21.40, 54.00, 83, 19.77, 0.00, 0.00
04/12/2024, 02:43:33, 21.40, 54.00, 85, 19.73, 0.00, 0.00
04/12/2024, 02:43:40, 21.40, 54.00, 83, 19.73, 0.00, 0.00
04/12/2024, 02:43:46, 21.40, 54.00, 85, 19.79, 0.00, 0.00
04/12/2024, 02:43:52, 21.40, 54.00, 85, 19.73, 0.00, 0.00
04/12/2024, 02:43:59, 21.40, 54.00, 85, 19.73, 0.00, 0.00
04/12/2024, 02:44:05, 21.40, 54.00, 83, 19.77, 0.00, 0.00
04/12/2024, 02:44:11, 21.40, 54.00, 83, 19.73, 0.00, 0.00
04/12/2024, 02:44:18, 21.40, 54.00, 85, 19.77, 0.00, 0.00
04/12/2024, 02:44:24, 21.40, 54.00, 85, 19.71, 0.00, 0.00
04/12/2024, 02:44:31, 21.40, 54.00, 85, 19.77, 0.00, 0.00
04/12/2024, 02:44:37, 21.40, 54.00, 83, 19.71, 0.00, 0.00
04/12/2024, 02:44:43, 21.40, 54.00, 83, 19.73, 0.00, 0.00
04/12/2024, 02:44:50, 21.40, 54.00, 83, 19.73, 0.00, 0.00
04/12/2024, 02:44:56, 21.40, 54.00, 83, 19.73, 0.00, 0.00
04/12/2024, 02:45:02, 21.40, 54.00, 85, 19.71, 0.00, 0.00
04/12/2024, 02:45:09, 21.40, 54.00, 83, 19.73, 0.00, 0.00
04/12/2024, 02:45:15, 21.40, 54.00, 85, 19.73, 0.00, 0.00
04/12/2024, 02:45:21, 21.40, 54.00, 85, 19.73, 0.00, 0.00
04/12/2024, 02:45:28, 21.40, 54.00, 83, 19.71, 0.00, 0.00
04/12/2024, 02:45:34, 21.40, 54.00, 83, 19.73, 0.00, 0.00
04/12/2024, 02:45:40, 21.40, 54.00, 83, 19.77, 0.00, 0.00
04/12/2024, 02:45:47, 21.40, 54.00, 85, 19.71, 0.00, 0.00
04/12/2024, 02:45:53, 21.40, 54.00, 83, 19.77, 0.00, 0.00
04/12/2024, 02:45:59, 21.40, 54.00, 85, 19.77, 0.00, 0.00
04/12/2024, 02:46:06, 21.40, 54.00, 85, 19.71, 0.00, 0.00
04/12/2024, 02:46:12, 21.40, 54.00, 85, 19.79, 0.00, 0.00
04/12/2024, 02:46:18, 21.40, 54.00, 83, 19.73, 0.00, 0.00
04/12/2024, 02:46:25, 21.40, 54.00, 85, 19.71, 0.00, 0.00
04/12/2024, 02:46:31, 21.40, 54.00, 83, 19.79, 0.00, 0.00
04/12/2024, 02:46:37, 21.40, 54.00, 85, 19.77, 0.00, 0.00
04/12/2024, 02:46:44, 21.40, 54.00, 85, 19.71, 0.00, 0.00
04/12/2024, 02:46:50, 21.40, 54.00, 83, 19.71, 0.00, 0.00
04/12/2024, 02:46:56, 21.40, 54.00, 85, 19.73, 0.00, 0.00
04/12/2024, 02:47:03, 21.40, 54.00, 85, 19.71, 0.00, 0.00
04/12/2024, 02:47:09, 21.40, 54.00, 83, 19.67, 0.00, 0.00
04/12/2024, 02:47:15, 21.40, 54.00, 85, 19.63, 0.00, 0.00
04/12/2024, 02:47:22, 21.40, 54.00, 85, 19.71, 0.00, 0.00
04/12/2024, 02:47:28, 21.40, 54.00, 85, 19.67, 0.00, 0.00
04/12/2024, 02:47:34, 21.40, 54.00, 85, 19.77, 0.00, 0.00
04/12/2024, 02:47:41, 21.40, 54.00, 85, 19.67, 0.00, 0.00
04/12/2024, 02:47:47, 21.40, 54.00, 83, 19.77, 0.00, 0.00
04/12/2024, 02:47:53, 21.40, 54.00, 83, 19.77, 0.00, 0.00
04/12/2024, 02:48:00, 21.40, 54.00, 85, 19.71, 0.00, 0.00
04/12/2024, 02:48:06, 21.40, 54.00, 85, 19.73, 0.00, 0.00
04/12/2024, 02:48:12, 21.40, 54.00, 85, 19.63, 0.00, 0.00
04/12/2024, 02:48:19, 21.40, 54.00, 85, 19.63, 0.00, 0.00
04/12/2024, 02:48:25, 21.40, 54.00, 85, 19.73, 0.00, 0.00
04/12/2024, 02:48:31, 21.40, 54.00, 85, 19.73, 0.00, 0.00
04/12/2024, 02:48:38, 21.40, 54.00, 85, 19.73, 0.00, 0.00
04/12/2024, 02:48:44, 21.40, 54.00, 85, 19.71, 0.00, 0.00
04/12/2024, 02:48:51, 21.40, 54.00, 85, 19.77, 0.00, 0.00
04/12/2024, 02:48:57, 21.40, 54.00, 83, 19.71, 0.00, 0.00
04/12/2024, 02:49:03, 21.40, 54.00, 85, 19.77, 0.00, 0.00
04/12/2024, 02:49:10, 21.40, 54.00, 85, 19.67, 0.00, 0.00
04/12/2024, 02:49:16, 21.40, 54.00, 85, 19.67, 0.00, 0.00
04/12/2024, 02:49:22, 21.40, 54.00, 85, 19.67, 0.00, 0.00
04/12/2024, 02:49:29, 21.40, 54.00, 85, 19.77, 0.00, 0.00
04/12/2024, 02:49:35, 21.40, 54.00, 85, 19.71, 0.00, 0.00
04/12/2024, 02:49:41, 21.40, 54.00, 85, 19.67, 0.00, 0.00
04/12/2024, 02:49:48, 21.40, 54.00, 85, 19.67, 0.00, 0.00
04/12/2024, 02:49:54, 21.40, 54.00, 85, 19.71, 0.00, 0.00
04/12/2024, 02:50:00, 21.40, 54.00, 85, 19.67, 0.00, 0.00
04/12/2024, 02:50:07, 21.40, 54.00, 85, 19.57, 0.00, 0.00
04/12/2024, 02:50:13, 21.40, 54.00, 85, 19.71, 0.00, 0.00
04/12/2024, 02:50:19, 21.40, 54.00, 85, 19.73, 0.00, 0.00
04/12/2024, 02:50:26, 21.40, 54.00, 85, 19.73, 0.00, 0.00
04/12/2024, 02:50:32, 21.40, 54.00, 85, 19.67, 0.00, 0.00
04/12/2024, 02:50:38, 21.40, 54.00, 85, 19.63, 0.00, 0.00
04/12/2024, 02:50:45, 21.40, 54.00, 85, 19.71, 0.00, 0.00
04/12/2024, 02:50:51, 21.40, 54.00, 85, 19.73, 0.00, 0.00
04/12/2024, 02:50:57, 21.40, 54.00, 85, 19.73, 0.00, 0.00
04/12/2024, 02:51:04, 21.40, 54.00, 85, 19.77, 0.00, 0.00
04/12/2024, 02:51:10, 21.40, 54.00, 85, 19.67, 0.00, 0.00
04/12/2024, 02:51:16, 21.40, 54.00, 85, 19.71, 0.00, 0.00
04/12/2024, 02:51:23, 21.40, 54.00, 85, 19.67, 0.00, 0.00
04/12/2024, 02:51:29, 21.40, 54.00, 85, 19.71, 0.00, 0.00
04/12/2024, 02:51:35, 21.40, 54.00, 85, 19.71, 0.00, 0.00
04/12/2024, 02:51:42, 21.40, 54.00, 85, 19.71, 0.00, 0.00
04/12/2024, 02:51:48, 21.40, 54.00, 85, 19.71, 0.00, 0.00
04/12/2024, 02:51:54, 21.40, 54.00, 85, 19.73, 0.00, 0.00
04/12/2024, 02:52:01, 21.40, 54.00, 85, 19.71, 0.00, 0.00
04/12/2024, 02:52:07, 21.40, 54.00, 85, 19.71, 0.00, 0.00
04/12/2024, 02:52:13, 21.40, 54.00, 85, 19.67, 0.00, 0.00
04/12/2024, 02:52:20, 21.40, 54.00, 85, 19.71, 0.00, 0.00
04/12/2024, 02:52:26, 21.40, 54.00, 85, 19.71, 0.00, 0.00
04/12/2024, 02:52:32, 21.40, 54.00, 85, 19.71, 0.00, 0.00
04/12/2024, 02:52:39, 21.40, 54.00, 85, 19.71, 0.00, 0.00
04/12/2024, 02:52:45, 21.40, 54.00, 85, 19.71, 0.00, 0.00
04/12/2024, 02:52:51, 21.40, 54.00, 85, 19.71, 0.00, 0.00
04/12/2024, 02:52:58, 21.40, 54.00, 85, 19.67, 0.00, 0.00
04/12/2024, 02:53:04, 21.40, 54.00, 85, 19.71, 0.00, 0.00
04/12/2024, 02:53:10, 21.40, 54.00, 85, 19.67, 0.00, 0.00
04/12/2024, 02:53:17, 21.40, 54.00, 85, 19.71, 0.00, 0.00
04/12/2024, 02:53:23, 21.40, 54.00, 85, 19.63, 0.00, 0.00
04/12/2024, 02:53:30, 21.40, 54.00, 85, 19.67, 0.00, 0.00
04/12/2024, 02:53:36, 21.40, 54.00, 85, 19.63, 0.00, 0.00
04/12/2024, 02:53:42, 21.40, 54.00, 85, 19.71, 0.00, 0.00
04/12/2024, 02:53:49, 21.40, 54.00, 85, 19.73, 0.00, 0.00
04/12/2024, 02:53:55, 21.40, 54.00, 85, 19.67, 0.00, 0.00
04/12/2024, 02:54:01, 21.40, 54.00, 85, 19.71, 0.00, 0.00
04/12/2024, 02:54:08, 21.40, 54.00, 85, 19.71, 0.00, 0.00
04/12/2024, 02:54:14, 21.40, 54.00, 85, 19.71, 0.00, 0.00
04/12/2024, 02:54:20, 21.40, 54.00, 85, 19.63, 0.00, 0.00
04/12/2024, 02:54:27, 21.40, 54.00, 85, 19.73, 0.00, 0.00
04/12/2024, 02:54:33, 21.40, 54.00, 85, 19.73, 0.00, 0.00
04/12/2024, 02:54:39, 21.40, 54.00, 85, 19.61, 0.00, 0.00
04/12/2024, 02:54:46, 21.40, 54.00, 85, 19.63, 0.00, 0.00
04/12/2024, 02:54:52, 21.40, 54.00, 85, 19.73, 0.00, 0.00
04/12/2024, 02:54:58, 21.40, 54.00, 85, 19.73, 0.00, 0.00
04/12/2024, 02:55:05, 21.40, 54.00, 85, 19.73, 0.00, 0.00
04/12/2024, 02:55:11, 21.40, 54.00, 85, 19.71, 0.00, 0.00
04/12/2024, 02:55:17, 21.40, 54.00, 85, 19.73, 0.00, 0.00
04/12/2024, 02:55:24, 21.40, 54.00, 85, 19.63, 0.00, 0.00
04/12/2024, 02:55:30, 21.40, 54.00, 85, 19.63, 0.00, 0.00
04/12/2024, 02:55:36, 21.40, 54.00, 85, 19.71, 0.00, 0.00
04/12/2024, 02:55:43, 21.40, 54.00, 85, 19.63, 0.00, 0.00
04/12/2024, 02:55:49, 21.40, 54.00, 85, 19.67, 0.00, 0.00
04/12/2024, 02:55:55, 21.40, 54.00, 85, 19.63, 0.00, 0.00
04/12/2024, 02:56:02, 21.40, 54.00, 85, 19.67, 0.00, 0.00
04/12/2024, 02:56:08, 21.40, 54.00, 85, 19.63, 0.00, 0.00
04/12/2024, 02:56:14, 21.40, 54.00, 85, 19.71, 0.00, 0.00
04/12/2024, 02:56:21, 21.40, 54.00, 85, 19.67, 0.00, 0.00
04/12/2024, 02:56:27, 21.40, 54.00, 85, 19.71, 0.00, 0.00
04/12/2024, 02:56:33, 21.40, 54.00, 85, 19.71, 0.00, 0.00
04/12/2024, 02:56:40, 21.40, 54.00, 85, 19.71, 0.00, 0.00
04/12/2024, 02:56:46, 21.40, 54.00, 85, 19.67, 0.00, 0.00
04/12/2024, 02:56:52, 21.40, 54.00, 85, 19.63, 0.00, 0.00
04/12/2024, 02:56:59, 21.40, 54.00, 85, 19.67, 0.00, 0.00
04/12/2024, 02:57:05, 21.40, 54.00, 85, 19.63, 0.00, 0.00
04/12/2024, 02:57:11, 21.40, 54.00, 85, 19.63, 0.00, 0.00
04/12/2024, 02:57:18, 21.40, 54.00, 85, 19.67, 0.00, 0.00
04/12/2024, 02:57:24, 21.40, 54.00, 85, 19.71, 0.00, 0.00
04/12/2024, 02:57:30, 21.40, 54.00, 85, 19.67, 0.00, 0.00
04/12/2024, 02:57:37, 21.40, 54.00, 85, 19.71, 0.00, 0.00
04/12/2024, 02:57:43, 21.40, 54.00, 85, 19.71, 0.00, 0.00
04/12/2024, 02:57:50, 21.40, 54.00, 85, 19.71, 0.00, 0.00
04/12/2024, 02:57:56, 21.40, 54.00, 85, 19.63, 0.00, 0.00
04/12/2024, 02:58:02, 21.40, 54.00, 85, 19.73, 0.00, 0.00
04/12/2024, 02:58:09, 21.40, 54.00, 85, 19.63, 0.00, 0.00
04/12/2024, 02:58:15, 21.40, 54.00, 85, 19.71, 0.00, 0.00
04/12/2024, 02:58:21, 21.40, 54.00, 85, 19.73, 0.00, 0.00
04/12/2024, 02:58:28, 21.40, 54.00, 85, 19.71, 0.00, 0.00
04/12/2024, 02:58:34, 21.40, 54.00, 85, 19.61, 0.00, 0.00
04/12/2024, 02:58:40, 21.40, 54.00, 85, 19.67, 0.00, 0.00
04/12/2024, 02:58:47, 21.40, 54.00, 85, 19.71, 0.00, 0.00
04/12/2024, 02:58:53, 21.40, 54.00, 85, 19.71, 0.00, 0.00
04/12/2024, 02:58:59, 21.40, 54.00, 85, 19.67, 0.00, 0.00
04/12/2024, 02:59:06, 21.40, 54.00, 85, 19.71, 0.00, 0.00
04/12/2024, 02:59:12, 21.40, 54.00, 85, 19.71, 0.00, 0.00
04/12/2024, 02:59:18, 21.40, 54.00, 85, 19.63, 0.00, 0.00
04/12/2024, 02:59:25, 21.40, 54.00, 85, 19.67, 0.00, 0.00
04/12/2024, 02:59:31, 21.40, 54.00, 85, 19.63, 0.00, 0.00
04/12/2024, 02:59:37, 21.40, 54.00, 85, 19.61, 0.00, 0.00
04/12/2024, 02:59:44, 21.40, 54.00, 85, 19.63, 0.00, 0.00
04/12/2024, 02:59:50, 21.40, 54.00, 85, 19.63, 0.00, 0.00
04/12/2024, 02:59:56, 21.40, 54.00, 85, 19.61, 0.00, 0.00
04/12/2024, 03:00:03, 21.40, 54.00, 85, 19.67, 0.00, 0.00
04/12/2024, 03:00:09, 21.40, 54.00, 85, 19.73, 0.00, 0.00
04/12/2024, 03:00:15, 21.40, 54.00, 85, 19.57, 0.00, 0.00
04/12/2024, 03:00:22, 21.40, 54.00, 85, 19.67, 0.00, 0.00
04/12/2024, 03:00:28, 21.40, 54.00, 85, 19.63, 0.00, 0.00
04/12/2024, 03:00:34, 21.40, 54.00, 85, 19.67, 0.00, 0.00
04/12/2024, 03:00:41, 21.40, 54.00, 85, 19.71, 0.00, 0.00
04/12/2024, 03:00:47, 21.40, 54.00, 85, 19.67, 0.00, 0.00
04/12/2024, 03:00:53, 21.40, 54.00, 85, 19.61, 0.00, 0.00
04/12/2024, 03:01:00, 21.40, 54.00, 85, 19.61, 0.00, 0.00
04/12/2024, 03:01:06, 21.40, 54.00, 85, 19.63, 0.00, 0.00
04/12/2024, 03:01:12, 21.40, 54.00, 85, 19.71, 0.00, 0.00
04/12/2024, 03:01:19, 21.40, 54.00, 85, 19.71, 0.00, 0.00
04/12/2024, 03:01:25, 21.40, 54.00, 85, 19.63, 0.00, 0.00
04/12/2024, 03:01:31, 21.40, 54.00, 85, 19.63, 0.00, 0.00
04/12/2024, 03:01:38, 21.40, 54.00, 85, 19.63, 0.00, 0.00
04/12/2024, 03:01:44, 21.40, 54.00, 85, 19.63, 0.00, 0.00
04/12/2024, 03:01:50, 21.40, 54.00, 85, 19.71, 0.00, 0.00
04/12/2024, 03:01:57, 21.40, 54.00, 85, 19.63, 0.00, 0.00
04/12/2024, 03:02:03, 21.40, 54.00, 85, 19.71, 0.00, 0.00
04/12/2024, 03:02:10, 21.40, 54.00, 85, 19.63, 0.00, 0.00
04/12/2024, 03:02:16, 21.40, 54.00, 85, 19.63, 0.00, 0.00
04/12/2024, 03:02:22, 21.40, 54.00, 85, 19.63, 0.00, 0.00
04/12/2024, 03:02:29, 21.40, 54.00, 85, 19.63, 0.00, 0.00
04/12/2024, 03:02:35, 21.40, 54.00, 85, 19.63, 0.00, 0.00
04/12/2024, 03:02:41, 21.40, 54.00, 85, 19.71, 0.00, 0.00
04/12/2024, 03:02:48, 21.40, 54.00, 85, 19.63, 0.00, 0.00
04/12/2024, 03:02:54, 21.40, 54.00, 85, 19.63, 0.00, 0.00
04/12/2024, 03:03:00, 21.40, 54.00, 85, 19.71, 0.00, 0.00
04/12/2024, 03:03:07, 21.40, 54.00, 85, 19.63, 0.00, 0.00
04/12/2024, 03:03:13, 21.40, 54.00, 85, 19.63, 0.00, 0.00
04/12/2024, 03:03:19, 21.40, 54.00, 85, 19.67, 0.00, 0.00
04/12/2024, 03:03:26, 21.40, 54.00, 85, 19.63, 0.00, 0.00
04/12/2024, 03:03:32, 21.40, 54.00, 85, 19.67, 0.00, 0.00
04/12/2024, 03:03:38, 21.40, 54.00, 85, 19.63, 0.00, 0.00
04/12/2024, 03:03:45, 21.40, 54.00, 85, 19.61, 0.00, 0.00
04/12/2024, 03:03:51, 21.40, 54.00, 85, 19.63, 0.00, 0.00
04/12/2024, 03:03:57, 21.40, 54.00, 85, 19.61, 0.00, 0.00
04/12/2024, 03:04:04, 21.40, 54.00, 85, 19.63, 0.00, 0.00
04/12/2024, 03:04:10, 21.40, 54.00, 85, 19.63, 0.00, 0.00
04/12/2024, 03:04:16, 21.40, 54.00, 85, 19.63, 0.00, 0.00
04/12/2024, 03:04:23, 21.40, 54.00, 85, 19.67, 0.00, 0.00
04/12/2024, 03:04:29, 21.40, 54.00, 85, 19.67, 0.00, 0.00
04/12/2024, 03:04:35, 21.40, 54.00, 85, 19.71, 0.00, 0.00
04/12/2024, 03:04:42, 21.40, 54.00, 85, 19.67, 0.00, 0.00
04/12/2024, 03:04:48, 21.40, 54.00, 85, 19.63, 0.00, 0.00
04/12/2024, 03:04:54, 21.40, 54.00, 85, 19.67, 0.00, 0.00
04/12/2024, 03:05:01, 21.40, 54.00, 85, 19.63, 0.00, 0.00
04/12/2024, 03:05:07, 21.40, 54.00, 85, 19.67, 0.00, 0.00
04/12/2024, 03:05:13, 21.40, 54.00, 85, 19.63, 0.00, 0.00
04/12/2024, 03:05:20, 21.40, 54.00, 85, 19.57, 0.00, 0.00
04/12/2024, 03:05:26, 21.40, 54.00, 85, 19.63, 0.00, 0.00
04/12/2024, 03:05:32, 21.40, 54.00, 85, 19.67, 0.00, 0.00
04/12/2024, 03:05:39, 21.40, 54.00, 85, 19.71, 0.00, 0.00
04/12/2024, 03:05:45, 21.40, 54.00, 85, 19.61, 0.00, 0.00
04/12/2024, 03:05:51, 21.40, 54.00, 85, 19.67, 0.00, 0.00
04/12/2024, 03:05:58, 21.40, 54.00, 85, 19.61, 0.00, 0.00
04/12/2024, 03:06:04, 21.40, 54.00, 85, 19.61, 0.00, 0.00
04/12/2024, 03:06:10, 21.40, 54.00, 85, 19.67, 0.00, 0.00
04/12/2024, 03:06:17, 21.40, 54.00, 85, 19.61, 0.00, 0.00
04/12/2024, 03:06:23, 21.40, 54.00, 85, 19.67, 0.00, 0.00
04/12/2024, 03:06:29, 21.40, 54.00, 85, 19.71, 0.00, 0.00
04/12/2024, 03:06:36, 21.40, 54.00, 85, 19.71, 0.00, 0.00
04/12/2024, 03:06:42, 21.40, 54.00, 85, 19.63, 0.00, 0.00
04/12/2024, 03:06:49, 21.40, 54.00, 85, 19.63, 0.00, 0.00
04/12/2024, 03:06:55, 21.40, 54.00, 85, 19.63, 0.00, 0.00
04/12/2024, 03:07:01, 21.40, 54.00, 85, 19.63, 0.00, 0.00
04/12/2024, 03:07:08, 21.40, 54.00, 85, 19.63, 0.00, 0.00
04/12/2024, 03:07:14, 21.40, 54.00, 85, 19.67, 0.00, 0.00
04/12/2024, 03:07:20, 21.40, 54.00, 85, 19.71, 0.00, 0.00
04/12/2024, 03:07:27, 21.40, 54.00, 85, 19.67, 0.00, 0.00
04/12/2024, 03:07:33, 21.40, 54.00, 85, 19.63, 0.00, 0.00
04/12/2024, 03:07:39, 21.40, 54.00, 85, 19.61, 0.00, 0.00
04/12/2024, 03:07:46, 21.40, 54.00, 85, 19.67, 0.00, 0.00
04/12/2024, 03:07:52, 21.40, 54.00, 85, 19.61, 0.00, 0.00
04/12/2024, 03:07:58, 21.40, 54.00, 85, 19.61, 0.00, 0.00
04/12/2024, 03:08:05, 21.40, 54.00, 85, 19.61, 0.00, 0.00
04/12/2024, 03:08:11, 21.40, 54.00, 85, 19.67, 0.00, 0.00
04/12/2024, 03:08:17, 21.40, 54.00, 85, 19.61, 0.00, 0.00
04/12/2024, 03:08:24, 21.40, 54.00, 85, 19.63, 0.00, 0.00
04/12/2024, 03:08:30, 21.40, 54.00, 85, 19.63, 0.00, 0.00
04/12/2024, 03:08:36, 21.40, 54.00, 85, 19.63, 0.00, 0.00
04/12/2024, 03:08:43, 21.40, 54.00, 85, 19.67, 0.00, 0.00
04/12/2024, 03:08:49, 21.40, 54.00, 85, 19.61, 0.00, 0.00
04/12/2024, 03:08:55, 21.40, 54.00, 85, 19.67, 0.00, 0.00
04/12/2024, 03:09:02, 21.40, 54.00, 85, 19.63, 0.00, 0.00
04/12/2024, 03:09:08, 21.40, 54.00, 85, 19.63, 0.00, 0.00
04/12/2024, 03:09:14, 21.40, 54.00, 85, 19.61, 0.00, 0.00
04/12/2024, 03:09:21, 21.40, 54.00, 85, 19.57, 0.00, 0.00
04/12/2024, 03:09:27, 21.40, 54.00, 85, 19.61, 0.00, 0.00
04/12/2024, 03:09:33, 21.40, 54.00, 85, 19.67, 0.00, 0.00
04/12/2024, 03:09:40, 21.40, 54.00, 85, 19.63, 0.00, 0.00
04/12/2024, 03:09:46, 21.40, 54.00, 85, 19.67, 0.00, 0.00
04/12/2024, 03:09:52, 21.40, 54.00, 85, 19.61, 0.00, 0.00
04/12/2024, 03:10:05, 21.40, 54.00, 85, 19.61, 0.00, 0.00
04/12/2024, 03:10:11, 21.40, 54.00, 85, 19.57, 0.00, 0.00
04/12/2024, 03:10:18, 21.40, 54.00, 85, 19.63, 0.00, 0.00
04/12/2024, 03:10:30, 21.40, 54.00, 85, 19.61, 0.00, 0.00
04/12/2024, 03:10:37, 21.40, 54.00, 85, 19.63, 0.00, 0.00
04/12/2024, 03:10:49, 21.40, 54.00, 85, 19.63, 0.00, 0.00
04/12/2024, 03:10:56, 21.40, 54.00, 85, 19.67, 0.00, 0.00
04/12/2024, 03:11:02, 21.40, 54.00, 85, 19.61, 0.00, 0.00
04/12/2024, 03:11:09, 21.40, 54.00, 85, 19.61, 0.00, 0.00
04/12/2024, 03:11:15, 21.40, 54.00, 85, 19.63, 0.00, 0.00
04/12/2024, 03:11:21, 21.40, 54.00, 88, 19.61, 0.00, 0.00
04/12/2024, 03:11:28, 21.40, 54.00, 88, 19.61, 0.00, 0.00
04/12/2024, 03:11:34, 21.40, 54.00, 85, 19.61, 0.00, 0.00
04/12/2024, 03:11:40, 21.40, 54.00, 85, 19.63, 0.00, 0.00
04/12/2024, 03:11:47, 21.40, 54.00, 88, 19.61, 0.00, 0.00
04/12/2024, 03:12:06, 21.40, 54.00, 85, 19.61, 0.00, 0.00
04/12/2024, 03:12:12, 21.40, 54.00, 85, 19.63, 0.00, 0.00
04/12/2024, 03:12:18, 21.40, 54.00, 85, 19.61, 0.00, 0.00
04/12/2024, 03:12:25, 21.40, 54.00, 85, 19.55, 0.00, 0.00
04/12/2024, 03:12:31, 21.40, 54.00, 85, 19.57, 0.00, 0.00
04/12/2024, 03:12:37, 21.40, 54.00, 85, 19.71, 0.00, 0.00
04/12/2024, 03:12:44, 21.40, 54.00, 85, 19.57, 0.00, 0.00
04/12/2024, 03:12:50, 21.40, 54.00, 85, 19.63, 0.00, 0.00
04/12/2024, 03:12:56, 21.40, 54.00, 85, 19.51, 0.00, 0.00
04/12/2024, 03:13:03, 21.40, 54.00, 85, 19.61, 0.00, 0.00
04/12/2024, 03:13:09, 21.40, 54.00, 85, 19.57, 0.00, 0.00
04/12/2024, 03:13:22, 21.40, 54.00, 85, 19.61, 0.00, 0.00
04/12/2024, 03:13:28, 21.40, 54.00, 85, 19.57, 0.00, 0.00
04/12/2024, 03:13:34, 21.40, 54.00, 85, 19.57, 0.00, 0.00
04/12/2024, 03:13:41, 21.40, 54.00, 85, 19.55, 0.00, 0.00
04/12/2024, 03:13:47, 21.40, 54.00, 85, 19.57, 0.00, 0.00
04/12/2024, 03:13:53, 21.40, 54.00, 85, 19.57, 0.00, 0.00
04/12/2024, 03:14:00, 21.40, 54.00, 85, 19.51, 0.00, 0.00
04/12/2024, 03:14:06, 21.40, 54.00, 85, 19.61, 0.00, 0.00
04/12/2024, 03:14:12, 21.40, 54.00, 85, 19.55, 0.00, 0.00
04/12/2024, 03:14:19, 21.40, 54.00, 85, 19.61, 0.00, 0.00
04/12/2024, 03:14:25, 21.40, 54.00, 85, 19.61, 0.00, 0.00
04/12/2024, 03:14:31, 21.40, 54.00, 85, 19.57, 0.00, 0.00
04/12/2024, 03:14:38, 21.40, 54.00, 85, 19.61, 0.00, 0.00
04/12/2024, 03:14:44, 21.40, 54.00, 85, 19.57, 0.00, 0.00
04/12/2024, 03:14:50, 21.40, 54.00, 85, 19.55, 0.00, 0.00
04/12/2024, 03:14:57, 21.40, 54.00, 88, 19.57, 0.00, 0.00
04/12/2024, 03:15:03, 21.40, 54.00, 85, 19.57, 0.00, 0.00
04/12/2024, 03:15:09, 21.40, 54.00, 88, 19.61, 0.00, 0.00
04/12/2024, 03:15:16, 21.40, 54.00, 85, 19.61, 0.00, 0.00
04/12/2024, 03:15:22, 21.40, 54.00, 85, 19.57, 0.00, 0.00
04/12/2024, 03:15:29, 21.40, 54.00, 85, 19.57, 0.00, 0.00
04/12/2024, 03:15:35, 21.40, 54.00, 85, 19.57, 0.00, 0.00
04/12/2024, 03:15:41, 21.40, 54.00, 85, 19.63, 0.00, 0.00
04/12/2024, 03:15:48, 21.40, 54.00, 85, 19.63, 0.00, 0.00
04/12/2024, 03:15:54, 21.40, 54.00, 88, 19.61, 0.00, 0.00
04/12/2024, 03:16:00, 21.40, 54.00, 85, 19.63, 0.00, 0.00
04/12/2024, 03:16:07, 21.40, 54.00, 85, 19.57, 0.00, 0.00
04/12/2024, 03:16:13, 21.40, 54.00, 85, 19.55, 0.00, 0.00
04/12/2024, 03:16:19, 21.40, 54.00, 85, 19.57, 0.00, 0.00
04/12/2024, 03:16:26, 21.40, 54.00, 85, 19.55, 0.00, 0.00
04/12/2024, 03:16:32, 21.40, 54.00, 85, 19.55, 0.00, 0.00
04/12/2024, 03:16:38, 21.40, 54.00, 85, 19.57, 0.00, 0.00
04/12/2024, 03:16:45, 21.40, 54.00, 85, 19.67, 0.00, 0.00
04/12/2024, 03:16:51, 21.40, 54.00, 85, 19.57, 0.00, 0.00
04/12/2024, 03:16:57, 21.40, 54.00, 85, 19.61, 0.00, 0.00
04/12/2024, 03:17:04, 21.40, 54.00, 85, 19.61, 0.00, 0.00
04/12/2024, 03:17:10, 21.40, 54.00, 88, 19.55, 0.00, 0.00
04/12/2024, 03:17:16, 21.40, 54.00, 85, 19.55, 0.00, 0.00
04/12/2024, 03:17:23, 21.40, 54.00, 85, 19.57, 0.00, 0.00
04/12/2024, 03:17:29, 21.40, 54.00, 85, 19.57, 0.00, 0.00
04/12/2024, 03:17:35, 21.40, 54.00, 85, 19.61, 0.00, 0.00
04/12/2024, 03:17:42, 21.40, 54.00, 85, 19.57, 0.00, 0.00
04/12/2024, 03:17:48, 21.40, 54.00, 85, 19.57, 0.00, 0.00
04/12/2024, 03:17:54, 21.40, 54.00, 85, 19.57, 0.00, 0.00
04/12/2024, 03:18:01, 21.40, 54.00, 85, 19.57, 0.00, 0.00
04/12/2024, 03:18:07, 21.40, 54.00, 85, 19.55, 0.00, 0.00
04/12/2024, 03:18:13, 21.40, 54.00, 85, 19.63, 0.00, 0.00
04/12/2024, 03:18:20, 21.40, 54.00, 85, 19.57, 0.00, 0.00
04/12/2024, 03:18:26, 21.40, 54.00, 85, 19.57, 0.00, 0.00
04/12/2024, 03:18:32, 21.40, 54.00, 85, 19.57, 0.00, 0.00
04/12/2024, 03:18:39, 21.40, 54.00, 88, 19.57, 0.00, 0.00
04/12/2024, 03:18:45, 21.40, 54.00, 85, 19.55, 0.00, 0.00
04/12/2024, 03:18:58, 21.40, 54.00, 88, 19.61, 0.00, 0.00
04/12/2024, 03:19:04, 21.40, 54.00, 85, 19.57, 0.00, 0.00
04/12/2024, 03:19:10, 21.40, 54.00, 88, 19.57, 0.00, 0.00
04/12/2024, 03:19:17, 21.40, 54.00, 85, 19.57, 0.00, 0.00
04/12/2024, 03:19:23, 21.40, 54.00, 88, 19.57, 0.00, 0.00
04/12/2024, 03:19:29, 21.40, 54.00, 88, 19.61, 0.00, 0.00
04/12/2024, 03:19:36, 21.40, 54.00, 85, 19.57, 0.00, 0.00
04/12/2024, 03:19:42, 21.40, 54.00, 88, 19.57, 0.00, 0.00
04/12/2024, 03:19:49, 21.40, 54.00, 85, 19.61, 0.00, 0.00
04/12/2024, 03:19:55, 21.40, 54.00, 85, 19.47, 0.00, 0.00
04/12/2024, 03:20:01, 21.40, 54.00, 85, 19.61, 0.00, 0.00
04/12/2024, 03:20:08, 21.40, 54.00, 85, 19.57, 0.00, 0.00
04/12/2024, 03:20:14, 21.40, 54.00, 85, 19.57, 0.00, 0.00
04/12/2024, 03:20:20, 21.40, 54.00, 88, 19.61, 0.00, 0.00
04/12/2024, 03:20:27, 21.40, 54.00, 85, 19.51, 0.00, 0.00
04/12/2024, 03:20:33, 21.40, 54.00, 85, 19.55, 0.00, 0.00
04/12/2024, 03:20:39, 21.40, 54.00, 85, 19.55, 0.00, 0.00
04/12/2024, 03:20:46, 21.40, 54.00, 88, 19.61, 0.00, 0.00
04/12/2024, 03:20:52, 21.40, 54.00, 85, 19.61, 0.00, 0.00
04/12/2024, 03:20:58, 21.40, 54.00, 88, 19.55, 0.00, 0.00
04/12/2024, 03:21:05, 21.40, 54.00, 88, 19.57, 0.00, 0.00
04/12/2024, 03:21:11, 21.40, 54.00, 85, 19.55, 0.00, 0.00
04/12/2024, 03:21:17, 21.40, 54.00, 85, 19.57, 0.00, 0.00
04/12/2024, 03:21:24, 21.40, 54.00, 88, 19.63, 0.00, 0.00
04/12/2024, 03:21:30, 21.40, 54.00, 88, 19.57, 0.00, 0.00
04/12/2024, 03:21:36, 21.40, 54.00, 85, 19.61, 0.00, 0.00
04/12/2024, 03:21:43, 21.40, 54.00, 85, 19.55, 0.00, 0.00
04/12/2024, 03:21:49, 21.40, 54.00, 85, 19.63, 0.00, 0.00
04/12/2024, 03:21:55, 21.40, 54.00, 88, 19.51, 0.00, 0.00
04/12/2024, 03:22:02, 21.40, 54.00, 88, 19.57, 0.00, 0.00
04/12/2024, 03:22:08, 21.40, 54.00, 88, 19.57, 0.00, 0.00
04/12/2024, 03:22:14, 21.40, 54.00, 88, 19.47, 0.00, 0.00
04/12/2024, 03:22:21, 21.40, 54.00, 85, 19.57, 0.00, 0.00
04/12/2024, 03:22:27, 21.40, 54.00, 85, 19.57, 0.00, 0.00
04/12/2024, 03:22:33, 21.40, 54.00, 85, 19.57, 0.00, 0.00
04/12/2024, 03:22:40, 21.40, 54.00, 85, 19.55, 0.00, 0.00
04/12/2024, 03:22:46, 21.40, 54.00, 85, 19.55, 0.00, 0.00
04/12/2024, 03:22:52, 21.40, 54.00, 85, 19.57, 0.00, 0.00
04/12/2024, 03:22:59, 21.40, 54.00, 88, 19.51, 0.00, 0.00
04/12/2024, 03:23:05, 21.40, 54.00, 85, 19.55, 0.00, 0.00
04/12/2024, 03:23:11, 21.40, 54.00, 85, 19.51, 0.00, 0.00
04/12/2024, 03:23:18, 21.40, 54.00, 85, 19.55, 0.00, 0.00
04/12/2024, 03:23:24, 21.40, 54.00, 88, 19.47, 0.00, 0.00
04/12/2024, 03:23:30, 21.40, 54.00, 85, 19.61, 0.00, 0.00
04/12/2024, 03:23:37, 21.40, 54.00, 88, 19.55, 0.00, 0.00
04/12/2024, 03:23:43, 21.40, 54.00, 88, 19.57, 0.00, 0.00
04/12/2024, 03:23:49, 21.40, 54.00, 85, 19.57, 0.00, 0.00
04/12/2024, 03:23:56, 21.40, 54.00, 88, 19.55, 0.00, 0.00
04/12/2024, 03:24:02, 21.40, 54.00, 88, 19.57, 0.00, 0.00
04/12/2024, 03:24:09, 21.40, 54.00, 88, 19.61, 0.00, 0.00
04/12/2024, 03:24:15, 21.40, 54.00, 88, 19.55, 0.00, 0.00
04/12/2024, 03:24:21, 21.40, 54.00, 88, 19.63, 0.00, 0.00
04/12/2024, 03:24:28, 21.40, 54.00, 88, 19.51, 0.00, 0.00
04/12/2024, 03:24:34, 21.40, 54.00, 85, 19.63, 0.00, 0.00
04/12/2024, 03:24:40, 21.40, 54.00, 85, 19.55, 0.00, 0.00
04/12/2024, 03:24:47, 21.40, 54.00, 88, 19.51, 0.00, 0.00
04/12/2024, 03:24:53, 21.40, 54.00, 88, 19.55, 0.00, 0.00
04/12/2024, 03:24:59, 21.40, 54.00, 88, 19.57, 0.00, 0.00
04/12/2024, 03:25:06, 21.40, 54.00, 85, 19.57, 0.00, 0.00
04/12/2024, 03:25:12, 21.40, 54.00, 85, 19.61, 0.00, 0.00
04/12/2024, 03:25:18, 21.40, 54.00, 96, 19.55, 0.00, 0.00
04/12/2024, 03:25:25, 21.40, 54.00, 98, 19.57, 0.00, 0.00
04/12/2024, 03:25:31, 21.40, 54.00, 101, 19.51, 0.00, 0.00
04/12/2024, 03:25:37, 21.40, 54.00, 104, 19.55, 0.00, 0.00
04/12/2024, 03:25:44, 21.40, 54.00, 98, 19.55, 0.00, 0.00
04/12/2024, 03:25:50, 21.40, 54.00, 98, 19.55, 0.00, 0.00
04/12/2024, 03:25:56, 21.40, 54.00, 98, 19.57, 0.00, 0.00
04/12/2024, 03:26:03, 21.40, 54.00, 98, 19.51, 0.00, 0.00
04/12/2024, 03:26:09, 21.40, 54.00, 96, 19.51, 0.00, 0.00
04/12/2024, 03:26:15, 21.40, 54.00, 96, 19.55, 0.00, 0.00
04/12/2024, 03:26:22, 21.40, 54.00, 93, 19.55, 0.00, 0.00
04/12/2024, 03:26:28, 21.40, 54.00, 93, 19.51, 0.00, 0.00
04/12/2024, 03:26:34, 21.40, 54.00, 93, 19.51, 0.00, 0.00
04/12/2024, 03:26:41, 21.40, 54.00, 90, 19.51, 0.00, 0.00
04/12/2024, 03:26:47, 21.40, 54.00, 93, 19.55, 0.00, 0.00
04/12/2024, 03:26:53, 21.40, 54.00, 93, 19.51, 0.00, 0.00
04/12/2024, 03:27:00, 21.40, 54.00, 93, 19.51, 0.00, 0.00
04/12/2024, 03:27:06, 21.40, 54.00, 90, 19.55, 0.00, 0.00
04/12/2024, 03:27:12, 21.40, 54.00, 90, 19.51, 0.00, 0.00
04/12/2024, 03:27:19, 21.40, 54.00, 90, 19.55, 0.00, 0.00
04/12/2024, 03:27:25, 21.40, 54.00, 90, 19.55, 0.00, 0.00
04/12/2024, 03:27:31, 21.40, 54.00, 90, 19.55, 0.00, 0.00
04/12/2024, 03:27:38, 21.40, 54.00, 90, 19.55, 0.00, 0.00
04/12/2024, 03:27:44, 21.40, 54.00, 93, 19.55, 0.00, 0.00
04/12/2024, 03:27:50, 21.40, 54.00, 93, 19.55, 0.00, 0.00
04/12/2024, 03:27:57, 21.40, 54.00, 90, 19.51, 0.00, 0.00
04/12/2024, 03:28:03, 21.40, 54.00, 93, 19.55, 0.00, 0.00
04/12/2024, 03:28:09, 21.40, 54.00, 93, 19.55, 0.00, 0.00
04/12/2024, 03:28:16, 21.40, 54.00, 93, 19.47, 0.00, 0.00
04/12/2024, 03:28:22, 21.40, 54.00, 93, 19.47, 0.00, 0.00
04/12/2024, 03:28:29, 21.40, 54.00, 93, 19.55, 0.00, 0.00
04/12/2024, 03:28:35, 21.40, 54.00, 93, 19.51, 0.00, 0.00
04/12/2024, 03:28:41, 21.40, 54.00, 93, 19.51, 0.00, 0.00
04/12/2024, 03:28:48, 21.40, 54.00, 93, 19.51, 0.00, 0.00
04/12/2024, 03:28:54, 21.40, 54.00, 93, 19.51, 0.00, 0.00
04/12/2024, 03:29:00, 21.40, 54.00, 93, 19.47, 0.00, 0.00
04/12/2024, 03:29:07, 21.40, 54.00, 93, 19.51, 0.00, 0.00
04/12/2024, 03:29:13, 21.40, 54.00, 93, 19.51, 0.00, 0.00
04/12/2024, 03:29:19, 21.40, 54.00, 93, 19.51, 0.00, 0.00
04/12/2024, 03:29:26, 21.40, 54.00, 93, 19.55, 0.00, 0.00
04/12/2024, 03:29:32, 21.40, 54.00, 93, 19.55, 0.00, 0.00
04/12/2024, 03:29:38, 21.40, 54.00, 93, 19.51, 0.00, 0.00
04/12/2024, 03:29:45, 21.40, 54.00, 93, 19.55, 0.00, 0.00
04/12/2024, 03:29:51, 21.40, 54.00, 93, 19.51, 0.00, 0.00
04/12/2024, 03:29:57, 21.40, 54.00, 93, 19.55, 0.00, 0.00
04/12/2024, 03:30:04, 21.40, 54.00, 93, 19.51, 0.00, 0.00
04/12/2024, 03:30:10, 21.40, 54.00, 93, 19.51, 0.00, 0.00
04/12/2024, 03:30:16, 21.40, 54.00, 93, 19.55, 0.00, 0.00
04/12/2024, 03:30:23, 21.40, 54.00, 93, 19.55, 0.00, 0.00
04/12/2024, 03:30:29, 21.40, 54.00, 93, 19.55, 0.00, 0.00
04/12/2024, 03:30:35, 21.40, 54.00, 93, 19.55, 0.00, 0.00
04/12/2024, 03:30:42, 21.40, 54.00, 96, 19.47, 0.00, 0.00
04/12/2024, 03:30:48, 21.40, 54.00, 93, 19.51, 0.00, 0.00
04/12/2024, 03:30:54, 21.40, 54.00, 96, 19.51, 0.00, 0.00
04/12/2024, 03:31:01, 21.40, 54.00, 96, 19.51, 0.00, 0.00
04/12/2024, 03:31:07, 21.40, 54.00, 93, 19.51, 0.00, 0.00
04/12/2024, 03:31:13, 21.40, 54.00, 93, 19.55, 0.00, 0.00
04/12/2024, 03:31:20, 21.40, 54.00, 96, 19.55, 0.00, 0.00
04/12/2024, 03:31:26, 21.40, 54.00, 96, 19.55, 0.00, 0.00
04/12/2024, 03:31:32, 21.40, 54.00, 96, 19.55, 0.00, 0.00
04/12/2024, 03:31:39, 21.40, 54.00, 96, 19.57, 0.00, 0.00
04/12/2024, 03:31:45, 21.40, 54.00, 96, 19.55, 0.00, 0.00
04/12/2024, 03:31:51, 21.40, 54.00, 96, 19.51, 0.00, 0.00
04/12/2024, 03:31:58, 21.40, 54.00, 96, 19.55, 0.00, 0.00
04/12/2024, 03:32:04, 21.40, 54.00, 96, 19.47, 0.00, 0.00
04/12/2024, 03:32:10, 21.40, 54.00, 96, 19.51, 0.00, 0.00
04/12/2024, 03:32:17, 21.40, 54.00, 93, 19.47, 0.00, 0.00
04/12/2024, 03:32:23, 21.40, 54.00, 96, 19.57, 0.00, 0.00
04/12/2024, 03:32:29, 21.40, 54.00, 93, 19.47, 0.00, 0.00
04/12/2024, 03:32:36, 21.40, 54.00, 93, 19.51, 0.00, 0.00
04/12/2024, 03:32:42, 21.40, 54.00, 96, 19.47, 0.00, 0.00
04/12/2024, 03:32:49, 21.40, 54.00, 93, 19.51, 0.00, 0.00
04/12/2024, 03:32:55, 21.40, 54.00, 93, 19.55, 0.00, 0.00
04/12/2024, 03:33:01, 21.40, 54.00, 93, 19.55, 0.00, 0.00
04/12/2024, 03:33:08, 21.40, 54.00, 93, 19.51, 0.00, 0.00
04/12/2024, 03:33:14, 21.40, 54.00, 96, 19.51, 0.00, 0.00
04/12/2024, 03:33:20, 21.40, 54.00, 96, 19.51, 0.00, 0.00
04/12/2024, 03:33:27, 21.40, 54.00, 93, 19.55, 0.00, 0.00
04/12/2024, 03:33:33, 21.40, 54.00, 93, 19.45, 0.00, 0.00
04/12/2024, 03:33:39, 21.40, 54.00, 96, 19.51, 0.00, 0.00
04/12/2024, 03:33:46, 21.40, 54.00, 93, 19.51, 0.00, 0.00
04/12/2024, 03:33:52, 21.40, 54.00, 93, 19.55, 0.00, 0.00
04/12/2024, 03:33:58, 21.40, 54.00, 93, 19.47, 0.00, 0.00
04/12/2024, 03:34:05, 21.40, 54.00, 96, 19.51, 0.00, 0.00
04/12/2024, 03:34:11, 21.40, 54.00, 93, 19.51, 0.00, 0.00
04/12/2024, 03:34:17, 21.40, 54.00, 93, 19.51, 0.00, 0.00
04/12/2024, 03:34:24, 21.40, 54.00, 93, 19.55, 0.00, 0.00
04/12/2024, 03:34:30, 21.40, 54.00, 93, 19.51, 0.00, 0.00
04/12/2024, 03:34:36, 21.40, 54.00, 96, 19.51, 0.00, 0.00
04/12/2024, 03:34:43, 21.40, 54.00, 93, 19.51, 0.00, 0.00
04/12/2024, 03:34:49, 21.40, 54.00, 93, 19.47, 0.00, 0.00
04/12/2024, 03:34:55, 21.40, 54.00, 96, 19.45, 0.00, 0.00
04/12/2024, 03:35:02, 21.40, 54.00, 93, 19.47, 0.00, 0.00
04/12/2024, 03:35:08, 21.40, 54.00, 93, 19.55, 0.00, 0.00
04/12/2024, 03:35:14, 21.40, 54.00, 93, 19.51, 0.00, 0.00
04/12/2024, 03:35:21, 21.40, 54.00, 93, 19.51, 0.00, 0.00
04/12/2024, 03:35:27, 21.40, 54.00, 93, 19.47, 0.00, 0.00
04/12/2024, 03:35:33, 21.40, 54.00, 93, 19.55, 0.00, 0.00
04/12/2024, 03:35:40, 21.40, 54.00, 93, 19.51, 0.00, 0.00
04/12/2024, 03:35:46, 21.40, 54.00, 93, 19.51, 0.00, 0.00
04/12/2024, 03:35:52, 21.40, 54.00, 93, 19.51, 0.00, 0.00
04/12/2024, 03:35:59, 21.40, 54.00, 93, 19.47, 0.00, 0.00
04/12/2024, 03:36:05, 21.40, 54.00, 93, 19.45, 0.00, 0.00
04/12/2024, 03:36:11, 21.40, 54.00, 93, 19.51, 0.00, 0.00
04/12/2024, 03:36:18, 21.40, 54.00, 93, 19.55, 0.00, 0.00
04/12/2024, 03:36:24, 21.40, 54.00, 93, 19.47, 0.00, 0.00
04/12/2024, 03:36:30, 21.40, 54.00, 93, 19.55, 0.00, 0.00
04/12/2024, 03:36:37, 21.40, 54.00, 93, 19.51, 0.00, 0.00
04/12/2024, 03:36:43, 21.40, 54.00, 96, 19.55, 0.00, 0.00
04/12/2024, 03:36:49, 21.40, 54.00, 93, 19.51, 0.00, 0.00
04/12/2024, 03:36:56, 21.40, 54.00, 93, 19.47, 0.00, 0.00
04/12/2024, 03:37:02, 21.40, 54.00, 93, 19.51, 0.00, 0.00
04/12/2024, 03:37:08, 21.40, 54.00, 93, 19.51, 0.00, 0.00
04/12/2024, 03:37:15, 21.40, 54.00, 93, 19.51, 0.00, 0.00
04/12/2024, 03:37:21, 21.40, 54.00, 96, 19.51, 0.00, 0.00
04/12/2024, 03:37:28, 21.40, 54.00, 93, 19.51, 0.00, 0.00
04/12/2024, 03:37:34, 21.40, 54.00, 96, 19.51, 0.00, 0.00
04/12/2024, 03:37:40, 21.40, 54.00, 93, 19.45, 0.00, 0.00
04/12/2024, 03:37:47, 21.40, 54.00, 93, 19.57, 0.00, 0.00
04/12/2024, 03:37:53, 21.40, 54.00, 96, 19.51, 0.00, 0.00
04/12/2024, 03:37:59, 21.40, 54.00, 93, 19.51, 0.00, 0.00
04/12/2024, 03:38:06, 21.40, 54.00, 93, 19.51, 0.00, 0.00
04/12/2024, 03:38:12, 21.40, 54.00, 93, 19.55, 0.00, 0.00
04/12/2024, 03:38:18, 21.40, 54.00, 96, 19.47, 0.00, 0.00
04/12/2024, 03:38:25, 21.40, 54.00, 93, 19.57, 0.00, 0.00
04/12/2024, 03:38:31, 21.40, 54.00, 93, 19.51, 0.00, 0.00
04/12/2024, 03:38:37, 21.40, 54.00, 93, 19.51, 0.00, 0.00
04/12/2024, 03:38:44, 21.40, 54.00, 93, 19.47, 0.00, 0.00
04/12/2024, 03:38:50, 21.40, 54.00, 93, 19.47, 0.00, 0.00
04/12/2024, 03:38:56, 21.40, 54.00, 96, 19.47, 0.00, 0.00
04/12/2024, 03:39:03, 21.40, 54.00, 96, 19.51, 0.00, 0.00
04/12/2024, 03:39:09, 21.40, 54.00, 93, 19.51, 0.00, 0.00
04/12/2024, 03:39:15, 21.40, 54.00, 96, 19.51, 0.00, 0.00
04/12/2024, 03:39:22, 21.40, 54.00, 96, 19.55, 0.00, 0.00
04/12/2024, 03:39:28, 21.40, 54.00, 96, 19.47, 0.00, 0.00
04/12/2024, 03:39:34, 21.40, 54.00, 116, 19.47, 0.00, 0.00
04/12/2024, 03:39:41, 21.40, 54.00, 161, 19.45, 0.00, 0.00
04/12/2024, 03:39:47, 21.40, 54.00, 169, 19.41, 0.00, 0.00
04/12/2024, 03:39:53, 21.40, 54.00, 173, 19.51, 0.00, 0.00
04/12/2024, 03:40:00, 21.40, 54.00, 169, 19.45, 0.00, 0.00
04/12/2024, 03:40:12, 21.40, 54.00, 139, 19.47, 0.00, 0.00
04/12/2024, 03:40:19, 21.40, 54.00, 132, 19.55, 0.00, 0.00
04/12/2024, 03:40:25, 21.40, 54.00, 125, 19.51, 0.00, 0.00
04/12/2024, 03:40:31, 21.40, 54.00, 119, 19.47, 0.00, 0.00
04/12/2024, 03:40:38, 21.40, 54.00, 119, 19.51, 0.00, 0.00
04/12/2024, 03:40:44, 21.40, 54.00, 119, 19.47, 0.00, 0.00
04/12/2024, 03:40:50, 21.40, 54.00, 116, 19.47, 0.00, 0.00
04/12/2024, 03:40:57, 21.40, 54.00, 113, 19.55, 0.00, 0.00
04/12/2024, 03:41:03, 21.40, 54.00, 113, 19.47, 0.00, 0.00
04/12/2024, 03:41:09, 21.40, 54.00, 110, 19.47, 0.00, 0.00
04/12/2024, 03:41:16, 21.40, 54.00, 110, 19.47, 0.00, 0.00
04/12/2024, 03:41:22, 21.40, 54.00, 110, 19.45, 0.00, 0.00
04/12/2024, 03:41:28, 21.40, 54.00, 107, 19.47, 0.00, 0.00
04/12/2024, 03:41:35, 21.40, 54.00, 107, 19.47, 0.00, 0.00
04/12/2024, 03:41:41, 21.40, 54.00, 107, 19.47, 0.00, 0.00
04/12/2024, 03:42:00, 21.40, 54.00, 104, 19.51, 0.00, 0.00
04/12/2024, 03:42:07, 21.40, 54.00, 107, 19.47, 0.00, 0.00
04/12/2024, 03:42:13, 21.40, 54.00, 107, 19.47, 0.00, 0.00
04/12/2024, 03:42:19, 21.40, 54.00, 104, 19.47, 0.00, 0.00
04/12/2024, 03:42:26, 21.40, 54.00, 104, 19.47, 0.00, 0.00
04/12/2024, 03:42:38, 21.40, 54.00, 101, 19.41, 0.00, 0.00
04/12/2024, 03:42:51, 21.40, 54.00, 125, 19.45, 0.00, 0.00
04/12/2024, 03:42:57, 21.40, 54.00, 146, 19.51, 0.00, 0.00
04/12/2024, 03:43:04, 21.40, 54.00, 135, 19.55, 0.00, 0.00
04/12/2024, 03:43:10, 21.40, 54.00, 125, 19.47, 0.00, 0.00
04/12/2024, 03:43:16, 21.40, 54.00, 119, 19.51, 0.00, 0.00
04/12/2024, 03:43:23, 21.40, 54.00, 116, 19.51, 0.00, 0.00
04/12/2024, 03:43:29, 21.40, 54.00, 113, 19.47, 0.00, 0.00
04/12/2024, 03:43:35, 21.40, 54.00, 116, 19.45, 0.00, 0.00
04/12/2024, 03:43:42, 21.40, 54.00, 113, 19.51, 0.00, 0.00
04/12/2024, 03:43:48, 21.40, 54.00, 113, 19.47, 0.00, 0.00
04/12/2024, 03:43:54, 21.40, 54.00, 110, 19.51, 0.00, 0.00
04/12/2024, 03:44:01, 21.40, 54.00, 110, 19.47, 0.00, 0.00
04/12/2024, 03:44:07, 21.40, 54.00, 110, 19.51, 0.00, 0.00
04/12/2024, 03:44:13, 21.40, 54.00, 107, 19.45, 0.00, 0.00
04/12/2024, 03:44:20, 21.40, 54.00, 107, 19.51, 0.00, 0.00
04/12/2024, 03:44:26, 21.40, 54.00, 110, 19.47, 0.00, 0.00
04/12/2024, 03:44:32, 21.40, 54.00, 110, 19.47, 0.00, 0.00
04/12/2024, 03:44:39, 21.40, 54.00, 107, 19.51, 0.00, 0.00
04/12/2024, 03:44:45, 21.40, 54.00, 107, 19.47, 0.00, 0.00
04/12/2024, 03:44:51, 21.40, 54.00, 110, 19.39, 0.00, 0.00
04/12/2024, 03:44:58, 21.40, 54.00, 107, 19.45, 0.00, 0.00
04/12/2024, 03:45:04, 21.40, 54.00, 107, 19.51, 0.00, 0.00
04/12/2024, 03:45:10, 21.40, 54.00, 107, 19.41, 0.00, 0.00
04/12/2024, 03:45:17, 21.40, 54.00, 107, 19.47, 0.00, 0.00
04/12/2024, 03:45:23, 21.40, 54.00, 107, 19.55, 0.00, 0.00
04/12/2024, 03:45:29, 21.40, 54.00, 107, 19.51, 0.00, 0.00
04/12/2024, 03:45:36, 21.40, 54.00, 107, 19.41, 0.00, 0.00
04/12/2024, 03:45:42, 21.40, 54.00, 107, 19.39, 0.00, 0.00
04/12/2024, 03:45:48, 21.40, 54.00, 110, 19.41, 0.00, 0.00
04/12/2024, 03:45:55, 21.40, 54.00, 110, 19.45, 0.00, 0.00
04/12/2024, 03:46:01, 21.40, 54.00, 110, 19.51, 0.00, 0.00
04/12/2024, 03:46:08, 21.40, 54.00, 110, 19.45, 0.00, 0.00
04/12/2024, 03:46:14, 21.40, 54.00, 110, 19.47, 0.00, 0.00
04/12/2024, 03:46:20, 21.40, 54.00, 113, 19.55, 0.00, 0.00
04/12/2024, 03:46:27, 21.40, 54.00, 113, 19.45, 0.00, 0.00
04/12/2024, 03:46:33, 21.40, 54.00, 113, 19.45, 0.00, 0.00
04/12/2024, 03:46:39, 21.40, 54.00, 113, 19.41, 0.00, 0.00
04/12/2024, 03:46:46, 21.40, 54.00, 113, 19.51, 0.00, 0.00
04/12/2024, 03:46:52, 21.40, 54.00, 113, 19.47, 0.00, 0.00
04/12/2024, 03:46:58, 21.40, 54.00, 113, 19.47, 0.00, 0.00
04/12/2024, 03:47:05, 21.40, 54.00, 113, 19.45, 0.00, 0.00
04/12/2024, 03:47:11, 21.40, 54.00, 113, 19.45, 0.00, 0.00
04/12/2024, 03:47:17, 21.40, 54.00, 110, 19.45, 0.00, 0.00
04/12/2024, 03:47:24, 21.40, 54.00, 113, 19.47, 0.00, 0.00
04/12/2024, 03:47:30, 21.40, 54.00, 113, 19.47, 0.00, 0.00
04/12/2024, 03:47:36, 21.40, 54.00, 113, 19.45, 0.00, 0.00
04/12/2024, 03:47:43, 21.40, 54.00, 113, 19.47, 0.00, 0.00
04/12/2024, 03:47:49, 21.40, 54.00, 113, 19.41, 0.00, 0.00
04/12/2024, 03:47:55, 21.40, 54.00, 113, 19.45, 0.00, 0.00
04/12/2024, 03:48:02, 21.40, 54.00, 113, 19.47, 0.00, 0.00
04/12/2024, 03:48:08, 21.40, 54.00, 113, 19.41, 0.00, 0.00
04/12/2024, 03:48:14, 21.40, 54.00, 113, 19.45, 0.00, 0.00
04/12/2024, 03:48:21, 21.40, 54.00, 113, 19.45, 0.00, 0.00
04/12/2024, 03:48:27, 21.40, 54.00, 113, 19.47, 0.00, 0.00
04/12/2024, 03:48:33, 21.40, 54.00, 113, 19.41, 0.00, 0.00
04/12/2024, 03:48:40, 21.40, 54.00, 113, 19.39, 0.00, 0.00
04/12/2024, 03:48:46, 21.40, 54.00, 113, 19.51, 0.00, 0.00
04/12/2024, 03:48:52, 21.40, 54.00, 113, 19.41, 0.00, 0.00
04/12/2024, 03:48:59, 21.40, 54.00, 116, 19.45, 0.00, 0.00
04/12/2024, 03:49:05, 21.40, 54.00, 116, 19.51, 0.00, 0.00
04/12/2024, 03:49:11, 21.40, 54.00, 113, 19.55, 0.00, 0.00
04/12/2024, 03:49:18, 21.40, 54.00, 113, 19.51, 0.00, 0.00
04/12/2024, 03:49:24, 21.40, 54.00, 116, 19.45, 0.00, 0.00
04/12/2024, 03:49:30, 21.40, 54.00, 113, 19.41, 0.00, 0.00
04/12/2024, 03:49:37, 21.40, 54.00, 116, 19.47, 0.00, 0.00
04/12/2024, 03:49:43, 21.40, 54.00, 113, 19.45, 0.00, 0.00
04/12/2024, 03:49:49, 21.40, 54.00, 113, 19.47, 0.00, 0.00
04/12/2024, 03:49:56, 21.40, 54.00, 116, 19.45, 0.00, 0.00
04/12/2024, 03:50:02, 21.40, 54.00, 113, 19.45, 0.00, 0.00
04/12/2024, 03:50:08, 21.40, 54.00, 116, 19.45, 0.00, 0.00
04/12/2024, 03:50:15, 21.40, 54.00, 113, 19.45, 0.00, 0.00
04/12/2024, 03:50:21, 21.40, 54.00, 113, 19.51, 0.00, 0.00
04/12/2024, 03:50:28, 21.40, 54.00, 113, 19.41, 0.00, 0.00
04/12/2024, 03:50:34, 21.40, 54.00, 113, 19.45, 0.00, 0.00
04/12/2024, 03:50:40, 21.40, 54.00, 113, 19.41, 0.00, 0.00
04/12/2024, 03:50:47, 21.40, 54.00, 113, 19.45, 0.00, 0.00
04/12/2024, 03:50:53, 21.40, 54.00, 113, 19.41, 0.00, 0.00
04/12/2024, 03:50:59, 21.40, 54.00, 113, 19.45, 0.00, 0.00
04/12/2024, 03:51:06, 21.40, 54.00, 113, 19.41, 0.00, 0.00
04/12/2024, 03:51:12, 21.40, 54.00, 113, 19.41, 0.00, 0.00
04/12/2024, 03:51:18, 21.40, 54.00, 113, 19.45, 0.00, 0.00
04/12/2024, 03:51:25, 21.40, 54.00, 113, 19.41, 0.00, 0.00
04/12/2024, 03:51:31, 21.40, 54.00, 113, 19.45, 0.00, 0.00
04/12/2024, 03:51:37, 21.40, 54.00, 113, 19.45, 0.00, 0.00
04/12/2024, 03:51:44, 21.40, 54.00, 113, 19.45, 0.00, 0.00
04/12/2024, 03:51:50, 21.40, 54.00, 113, 19.51, 0.00, 0.00
04/12/2024, 03:51:56, 21.40, 54.00, 113, 19.41, 0.00, 0.00
04/12/2024, 03:52:03, 21.40, 54.00, 113, 19.45, 0.00, 0.00
04/12/2024, 03:52:09, 21.40, 54.00, 113, 19.47, 0.00, 0.00
04/12/2024, 03:52:15, 21.40, 54.00, 113, 19.45, 0.00, 0.00
04/12/2024, 03:52:22, 21.40, 54.00, 113, 19.41, 0.00, 0.00
04/12/2024, 03:52:28, 21.40, 54.00, 113, 19.45, 0.00, 0.00
04/12/2024, 03:52:34, 21.40, 54.00, 113, 19.45, 0.00, 0.00
04/12/2024, 03:52:41, 21.40, 54.00, 113, 19.45, 0.00, 0.00
04/12/2024, 03:52:47, 21.40, 54.00, 113, 19.45, 0.00, 0.00
04/12/2024, 03:52:53, 21.40, 54.00, 113, 19.41, 0.00, 0.00
04/12/2024, 03:53:00, 21.40, 54.00, 113, 19.41, 0.00, 0.00
04/12/2024, 03:53:06, 21.40, 54.00, 113, 19.45, 0.00, 0.00
04/12/2024, 03:53:12, 21.40, 54.00, 113, 19.39, 0.00, 0.00
04/12/2024, 03:53:19, 21.40, 54.00, 113, 19.45, 0.00, 0.00
04/12/2024, 03:53:25, 21.40, 54.00, 113, 19.45, 0.00, 0.00
04/12/2024, 03:53:31, 21.40, 54.00, 113, 19.45, 0.00, 0.00
04/12/2024, 03:53:38, 21.40, 54.00, 113, 19.41, 0.00, 0.00
04/12/2024, 03:53:44, 21.40, 54.00, 113, 19.45, 0.00, 0.00
04/12/2024, 03:53:50, 21.40, 54.00, 113, 19.45, 0.00, 0.00
04/12/2024, 03:53:57, 21.40, 54.00, 113, 19.41, 0.00, 0.00
04/12/2024, 03:54:03, 21.40, 54.00, 113, 19.41, 0.00, 0.00
04/12/2024, 03:54:09, 21.40, 54.00, 113, 19.41, 0.00, 0.00
04/12/2024, 03:54:16, 21.40, 54.00, 113, 19.41, 0.00, 0.00
04/12/2024, 03:54:22, 21.40, 54.00, 113, 19.47, 0.00, 0.00
04/12/2024, 03:54:28, 21.40, 54.00, 113, 19.45, 0.00, 0.00
04/12/2024, 03:54:35, 21.40, 54.00, 113, 19.39, 0.00, 0.00
04/12/2024, 03:54:41, 21.40, 54.00, 113, 19.39, 0.00, 0.00
04/12/2024, 03:54:48, 21.40, 54.00, 113, 19.39, 0.00, 0.00
04/12/2024, 03:54:54, 21.40, 54.00, 113, 19.35, 0.00, 0.00
04/12/2024, 03:55:00, 21.40, 54.00, 113, 19.45, 0.00, 0.00
04/12/2024, 03:55:07, 21.40, 54.00, 113, 19.41, 0.00, 0.00
04/12/2024, 03:55:13, 21.40, 54.00, 113, 19.45, 0.00, 0.00
04/12/2024, 03:55:19, 21.40, 54.00, 113, 19.45, 0.00, 0.00
04/12/2024, 03:55:26, 21.40, 54.00, 113, 19.41, 0.00, 0.00
04/12/2024, 03:55:32, 21.40, 54.00, 113, 19.41, 0.00, 0.00
04/12/2024, 03:55:38, 21.40, 54.00, 113, 19.41, 0.00, 0.00
04/12/2024, 03:55:45, 21.40, 54.00, 113, 19.41, 0.00, 0.00
04/12/2024, 03:55:51, 21.40, 54.00, 113, 19.41, 0.00, 0.00
04/12/2024, 03:55:57, 21.40, 54.00, 113, 19.41, 0.00, 0.00
04/12/2024, 03:56:04, 21.40, 54.00, 113, 19.41, 0.00, 0.00
04/12/2024, 03:56:10, 21.40, 54.00, 113, 19.47, 0.00, 0.00
04/12/2024, 03:56:16, 21.40, 54.00, 113, 19.45, 0.00, 0.00
04/12/2024, 03:56:23, 21.40, 54.00, 113, 19.39, 0.00, 0.00
04/12/2024, 03:56:29, 21.40, 54.00, 113, 19.47, 0.00, 0.00
04/12/2024, 03:56:35, 21.40, 54.00, 113, 19.47, 0.00, 0.00
04/12/2024, 03:56:42, 21.40, 54.00, 113, 19.35, 0.00, 0.00
04/12/2024, 03:56:48, 21.40, 54.00, 113, 19.45, 0.00, 0.00
04/12/2024, 03:56:54, 21.40, 54.00, 113, 19.45, 0.00, 0.00
04/12/2024, 03:57:01, 21.40, 54.00, 113, 19.45, 0.00, 0.00
04/12/2024, 03:57:07, 21.40, 54.00, 113, 19.45, 0.00, 0.00
04/12/2024, 03:57:13, 21.40, 54.00, 113, 19.39, 0.00, 0.00
04/12/2024, 03:57:20, 21.40, 54.00, 113, 19.41, 0.00, 0.00
04/12/2024, 03:57:26, 21.40, 54.00, 113, 19.41, 0.00, 0.00
04/12/2024, 03:57:32, 21.40, 54.00, 113, 19.45, 0.00, 0.00
04/12/2024, 03:57:39, 21.40, 54.00, 113, 19.33, 0.00, 0.00
04/12/2024, 03:57:45, 21.40, 54.00, 113, 19.41, 0.00, 0.00
04/12/2024, 03:57:51, 21.40, 54.00, 113, 19.41, 0.00, 0.00
04/12/2024, 03:57:58, 21.40, 54.00, 113, 19.39, 0.00, 0.00
04/12/2024, 03:58:04, 21.40, 54.00, 113, 19.41, 0.00, 0.00
04/12/2024, 03:58:10, 21.40, 54.00, 113, 19.45, 0.00, 0.00
04/12/2024, 03:58:17, 21.40, 54.00, 113, 19.39, 0.00, 0.00
04/12/2024, 03:58:23, 21.40, 54.00, 113, 19.41, 0.00, 0.00
04/12/2024, 03:58:29, 21.40, 54.00, 113, 19.35, 0.00, 0.00
04/12/2024, 03:58:36, 21.40, 54.00, 113, 19.35, 0.00, 0.00
04/12/2024, 03:58:42, 21.40, 54.00, 113, 19.45, 0.00, 0.00
04/12/2024, 03:58:48, 21.40, 54.00, 113, 19.33, 0.00, 0.00
04/12/2024, 03:58:55, 21.40, 54.00, 113, 19.35, 0.00, 0.00
04/12/2024, 03:59:01, 21.40, 54.00, 113, 19.41, 0.00, 0.00
04/12/2024, 03:59:07, 21.40, 54.00, 113, 19.47, 0.00, 0.00
04/12/2024, 03:59:14, 21.40, 54.00, 113, 19.41, 0.00, 0.00
04/12/2024, 03:59:20, 21.40, 54.00, 113, 19.41, 0.00, 0.00
04/12/2024, 03:59:27, 21.40, 54.00, 113, 19.39, 0.00, 0.00
04/12/2024, 03:59:33, 21.40, 54.00, 113, 19.39, 0.00, 0.00
04/12/2024, 03:59:39, 21.40, 54.00, 113, 19.39, 0.00, 0.00
04/12/2024, 03:59:46, 21.40, 54.00, 113, 19.41, 0.00, 0.00
04/12/2024, 03:59:52, 21.40, 54.00, 113, 19.39, 0.00, 0.00
04/12/2024, 03:59:58, 21.40, 54.00, 113, 19.39, 0.00, 0.00
04/12/2024, 04:00:05, 21.40, 54.00, 113, 19.41, 0.00, 0.00
04/12/2024, 04:00:11, 21.40, 54.00, 113, 19.39, 0.00, 0.00
04/12/2024, 04:00:17, 21.40, 54.00, 113, 19.35, 0.00, 0.00
04/12/2024, 04:00:24, 21.40, 54.00, 113, 19.39, 0.00, 0.00
04/12/2024, 04:00:30, 21.40, 54.00, 113, 19.45, 0.00, 0.00
04/12/2024, 04:00:36, 21.40, 54.00, 113, 19.41, 0.00, 0.00
04/12/2024, 04:00:43, 21.40, 54.00, 113, 19.41, 0.00, 0.00
04/12/2024, 04:00:49, 21.40, 54.00, 113, 19.39, 0.00, 0.00
04/12/2024, 04:00:55, 21.40, 54.00, 113, 19.45, 0.00, 0.00
04/12/2024, 04:01:02, 21.40, 54.00, 113, 19.41, 0.00, 0.00
04/12/2024, 04:01:08, 21.40, 54.00, 113, 19.45, 0.00, 0.00
04/12/2024, 04:01:14, 21.40, 54.00, 113, 19.41, 0.00, 0.00
04/12/2024, 04:01:21, 21.40, 54.00, 113, 19.41, 0.00, 0.00
04/12/2024, 04:01:27, 21.40, 54.00, 113, 19.41, 0.00, 0.00
04/12/2024, 04:01:33, 21.40, 54.00, 113, 19.35, 0.00, 0.00
04/12/2024, 04:01:40, 21.40, 54.00, 113, 19.41, 0.00, 0.00
04/12/2024, 04:01:46, 21.40, 54.00, 113, 19.41, 0.00, 0.00
04/12/2024, 04:01:52, 21.40, 54.00, 113, 19.41, 0.00, 0.00
04/12/2024, 04:01:59, 21.40, 54.00, 113, 19.39, 0.00, 0.00
04/12/2024, 04:02:05, 21.40, 54.00, 113, 19.41, 0.00, 0.00
04/12/2024, 04:02:11, 21.40, 54.00, 113, 19.39, 0.00, 0.00
04/12/2024, 04:02:18, 21.40, 54.00, 113, 19.39, 0.00, 0.00
04/12/2024, 04:02:24, 21.40, 54.00, 113, 19.35, 0.00, 0.00
04/12/2024, 04:02:30, 21.40, 54.00, 113, 19.45, 0.00, 0.00
04/12/2024, 04:02:37, 21.40, 54.00, 113, 19.41, 0.00, 0.00
04/12/2024, 04:02:43, 21.40, 54.00, 113, 19.41, 0.00, 0.00
04/12/2024, 04:02:49, 21.40, 54.00, 113, 19.39, 0.00, 0.00
04/12/2024, 04:02:56, 21.40, 54.00, 113, 19.41, 0.00, 0.00
04/12/2024, 04:03:02, 21.40, 54.00, 113, 19.41, 0.00, 0.00
04/12/2024, 04:03:08, 21.40, 54.00, 113, 19.39, 0.00, 0.00
04/12/2024, 04:03:15, 21.40, 54.00, 113, 19.41, 0.00, 0.00
04/12/2024, 04:03:21, 21.40, 54.00, 113, 19.35, 0.00, 0.00
04/12/2024, 04:03:27, 21.40, 54.00, 113, 19.35, 0.00, 0.00
04/12/2024, 04:03:34, 21.40, 54.00, 113, 19.39, 0.00, 0.00
04/12/2024, 04:03:40, 21.40, 54.00, 113, 19.45, 0.00, 0.00
04/12/2024, 04:03:47, 21.40, 54.00, 116, 19.41, 0.00, 0.00
04/12/2024, 04:03:53, 21.40, 54.00, 113, 19.41, 0.00, 0.00
04/12/2024, 04:03:59, 21.40, 54.00, 116, 19.39, 0.00, 0.00
04/12/2024, 04:04:06, 21.40, 54.00, 113, 19.39, 0.00, 0.00
04/12/2024, 04:04:12, 21.40, 54.00, 113, 19.35, 0.00, 0.00
04/12/2024, 04:04:18, 21.40, 54.00, 113, 19.41, 0.00, 0.00
04/12/2024, 04:04:25, 21.40, 54.00, 113, 19.41, 0.00, 0.00
04/12/2024, 04:04:31, 21.40, 54.00, 116, 19.47, 0.00, 0.00
04/12/2024, 04:04:37, 21.40, 54.00, 116, 19.39, 0.00, 0.00
04/12/2024, 04:04:44, 21.40, 54.00, 113, 19.41, 0.00, 0.00
04/12/2024, 04:04:50, 21.40, 54.00, 113, 19.47, 0.00, 0.00
04/12/2024, 04:04:56, 21.40, 54.00, 113, 19.41, 0.00, 0.00
04/12/2024, 04:05:03, 21.40, 54.00, 113, 19.35, 0.00, 0.00
04/12/2024, 04:05:09, 21.40, 54.00, 113, 19.45, 0.00, 0.00
04/12/2024, 04:05:15, 21.40, 54.00, 113, 19.41, 0.00, 0.00
04/12/2024, 04:05:22, 21.40, 54.00, 113, 19.35, 0.00, 0.00
04/12/2024, 04:05:28, 21.40, 54.00, 113, 19.41, 0.00, 0.00
04/12/2024, 04:05:34, 21.40, 54.00, 113, 19.47, 0.00, 0.00
04/12/2024, 04:05:41, 21.40, 54.00, 113, 19.45, 0.00, 0.00
04/12/2024, 04:05:47, 21.40, 54.00, 113, 19.39, 0.00, 0.00
04/12/2024, 04:05:53, 21.40, 54.00, 113, 19.41, 0.00, 0.00
04/12/2024, 04:06:00, 21.40, 54.00, 113, 19.35, 0.00, 0.00
04/12/2024, 04:06:06, 21.40, 54.00, 113, 19.33, 0.00, 0.00
04/12/2024, 04:06:12, 21.40, 54.00, 113, 19.35, 0.00, 0.00
04/12/2024, 04:06:19, 21.40, 54.00, 113, 19.41, 0.00, 0.00
04/12/2024, 04:06:25, 21.40, 54.00, 113, 19.39, 0.00, 0.00
04/12/2024, 04:06:31, 21.40, 54.00, 113, 19.39, 0.00, 0.00
04/12/2024, 04:06:38, 21.40, 54.00, 113, 19.33, 0.00, 0.00
04/12/2024, 04:06:44, 21.40, 54.00, 113, 19.39, 0.00, 0.00
04/12/2024, 04:06:50, 21.40, 54.00, 113, 19.39, 0.00, 0.00
04/12/2024, 04:06:57, 21.40, 54.00, 113, 19.35, 0.00, 0.00
04/12/2024, 04:07:03, 21.40, 54.00, 113, 19.39, 0.00, 0.00
04/12/2024, 04:07:09, 21.40, 54.00, 113, 19.39, 0.00, 0.00
04/12/2024, 04:07:16, 21.40, 54.00, 113, 19.41, 0.00, 0.00
04/12/2024, 04:07:22, 21.40, 54.00, 113, 19.35, 0.00, 0.00
04/12/2024, 04:07:28, 21.40, 54.00, 113, 19.35, 0.00, 0.00
04/12/2024, 04:07:35, 21.40, 54.00, 113, 19.39, 0.00, 0.00
04/12/2024, 04:07:41, 21.40, 54.00, 113, 19.41, 0.00, 0.00
04/12/2024, 04:07:47, 21.40, 54.00, 113, 19.33, 0.00, 0.00
04/12/2024, 04:07:54, 21.40, 54.00, 113, 19.39, 0.00, 0.00
04/12/2024, 04:08:00, 21.40, 54.00, 113, 19.45, 0.00, 0.00
04/12/2024, 04:08:07, 21.40, 54.00, 113, 19.35, 0.00, 0.00
04/12/2024, 04:08:13, 21.40, 54.00, 113, 19.45, 0.00, 0.00
04/12/2024, 04:08:19, 21.40, 54.00, 113, 19.33, 0.00, 0.00
04/12/2024, 04:08:26, 21.40, 54.00, 113, 19.35, 0.00, 0.00
04/12/2024, 04:08:32, 21.40, 54.00, 113, 19.35, 0.00, 0.00
04/12/2024, 04:08:38, 21.40, 54.00, 113, 19.35, 0.00, 0.00
04/12/2024, 04:08:45, 21.40, 54.00, 113, 19.35, 0.00, 0.00
04/12/2024, 04:08:51, 21.40, 54.00, 113, 19.29, 0.00, 0.00
04/12/2024, 04:08:57, 21.40, 54.00, 113, 19.35, 0.00, 0.00
04/12/2024, 04:09:04, 21.40, 54.00, 113, 19.39, 0.00, 0.00
04/12/2024, 04:09:10, 21.40, 54.00, 113, 19.35, 0.00, 0.00
04/12/2024, 04:09:16, 21.40, 54.00, 113, 19.39, 0.00, 0.00
04/12/2024, 04:09:23, 21.40, 54.00, 113, 19.35, 0.00, 0.00
04/12/2024, 04:09:29, 21.40, 54.00, 113, 19.35, 0.00, 0.00
04/12/2024, 04:09:35, 21.40, 54.00, 113, 19.35, 0.00, 0.00
04/12/2024, 04:09:42, 21.40, 54.00, 116, 19.35, 0.00, 0.00
04/12/2024, 04:09:48, 21.40, 54.00, 116, 19.35, 0.00, 0.00
04/12/2024, 04:09:54, 21.40, 54.00, 116, 19.39, 0.00, 0.00
04/12/2024, 04:10:01, 21.40, 54.00, 116, 19.41, 0.00, 0.00
04/12/2024, 04:10:07, 21.40, 54.00, 116, 19.41, 0.00, 0.00
04/12/2024, 04:10:13, 21.40, 54.00, 113, 19.39, 0.00, 0.00
04/12/2024, 04:10:20, 21.40, 54.00, 113, 19.39, 0.00, 0.00
04/12/2024, 04:10:26, 21.40, 54.00, 116, 19.33, 0.00, 0.00
04/12/2024, 04:10:32, 21.40, 54.00, 116, 19.35, 0.00, 0.00
04/12/2024, 04:10:39, 21.40, 54.00, 116, 19.35, 0.00, 0.00
04/12/2024, 04:10:45, 21.40, 54.00, 116, 19.33, 0.00, 0.00
04/12/2024, 04:10:51, 21.40, 54.00, 116, 19.35, 0.00, 0.00
04/12/2024, 04:10:58, 21.40, 54.00, 116, 19.39, 0.00, 0.00
04/12/2024, 04:11:04, 21.40, 54.00, 116, 19.33, 0.00, 0.00
04/12/2024, 04:11:10, 21.40, 54.00, 116, 19.29, 0.00, 0.00
04/12/2024, 04:11:17, 21.40, 54.00, 116, 19.35, 0.00, 0.00
04/12/2024, 04:11:23, 21.40, 54.00, 116, 19.35, 0.00, 0.00
04/12/2024, 04:11:29, 21.40, 54.00, 116, 19.35, 0.00, 0.00
04/12/2024, 04:11:36, 21.40, 54.00, 116, 19.39, 0.00, 0.00
04/12/2024, 04:11:42, 21.40, 54.00, 116, 19.39, 0.00, 0.00
04/12/2024, 04:11:48, 21.40, 54.00, 116, 19.35, 0.00, 0.00
04/12/2024, 04:11:55, 21.40, 54.00, 116, 19.39, 0.00, 0.00
04/12/2024, 04:12:01, 21.40, 54.00, 116, 19.41, 0.00, 0.00
04/12/2024, 04:12:07, 21.40, 54.00, 116, 19.35, 0.00, 0.00
04/12/2024, 04:12:14, 21.40, 54.00, 116, 19.33, 0.00, 0.00
04/12/2024, 04:12:20, 21.40, 54.00, 113, 19.39, 0.00, 0.00
04/12/2024, 04:12:26, 21.40, 54.00, 113, 19.39, 0.00, 0.00
04/12/2024, 04:12:33, 21.40, 54.00, 116, 19.35, 0.00, 0.00
04/12/2024, 04:12:39, 21.40, 54.00, 116, 19.35, 0.00, 0.00
04/12/2024, 04:12:46, 21.40, 54.00, 116, 19.33, 0.00, 0.00
04/12/2024, 04:12:52, 21.40, 54.00, 116, 19.35, 0.00, 0.00
04/12/2024, 04:12:58, 21.40, 54.00, 113, 19.35, 0.00, 0.00
04/12/2024, 04:13:05, 21.40, 54.00, 116, 19.39, 0.00, 0.00
04/12/2024, 04:13:11, 21.40, 54.00, 116, 19.35, 0.00, 0.00
04/12/2024, 04:13:17, 21.40, 54.00, 116, 19.35, 0.00, 0.00
04/12/2024, 04:13:24, 21.40, 54.00, 116, 19.41, 0.00, 0.00
04/12/2024, 04:13:30, 21.40, 54.00, 113, 19.39, 0.00, 0.00
04/12/2024, 04:13:36, 21.40, 54.00, 113, 19.29, 0.00, 0.00
04/12/2024, 04:13:43, 21.40, 54.00, 116, 19.33, 0.00, 0.00
04/12/2024, 04:13:49, 21.40, 54.00, 116, 19.39, 0.00, 0.00
04/12/2024, 04:13:55, 21.40, 54.00, 116, 19.33, 0.00, 0.00
04/12/2024, 04:14:02, 21.40, 54.00, 116, 19.33, 0.00, 0.00
04/12/2024, 04:14:08, 21.40, 54.00, 116, 19.45, 0.00, 0.00
04/12/2024, 04:14:14, 21.40, 54.00, 113, 19.39, 0.00, 0.00
04/12/2024, 04:14:21, 21.40, 54.00, 116, 19.33, 0.00, 0.00
04/12/2024, 04:14:27, 21.40, 54.00, 113, 19.35, 0.00, 0.00
04/12/2024, 04:14:33, 21.40, 54.00, 113, 19.35, 0.00, 0.00
04/12/2024, 04:14:40, 21.40, 54.00, 116, 19.35, 0.00, 0.00
04/12/2024, 04:14:46, 21.40, 54.00, 116, 19.33, 0.00, 0.00
04/12/2024, 04:14:52, 21.40, 54.00, 116, 19.29, 0.00, 0.00
04/12/2024, 04:14:59, 21.40, 54.00, 113, 19.35, 0.00, 0.00
04/12/2024, 04:15:05, 21.40, 54.00, 116, 19.39, 0.00, 0.00
04/12/2024, 04:15:11, 21.40, 54.00, 116, 19.39, 0.00, 0.00
04/12/2024, 04:15:18, 21.40, 54.00, 116, 19.33, 0.00, 0.00
04/12/2024, 04:15:24, 21.40, 54.00, 116, 19.33, 0.00, 0.00
04/12/2024, 04:15:30, 21.40, 54.00, 116, 19.39, 0.00, 0.00
04/12/2024, 04:15:37, 21.40, 54.00, 116, 19.39, 0.00, 0.00
04/12/2024, 04:15:43, 21.40, 54.00, 113, 19.39, 0.00, 0.00
04/12/2024, 04:15:49, 21.40, 54.00, 116, 19.35, 0.00, 0.00
04/12/2024, 04:15:56, 21.40, 54.00, 116, 19.33, 0.00, 0.00
04/12/2024, 04:16:02, 21.40, 54.00, 116, 19.33, 0.00, 0.00
04/12/2024, 04:16:08, 21.40, 54.00, 113, 19.35, 0.00, 0.00
04/12/2024, 04:16:15, 21.40, 54.00, 116, 19.39, 0.00, 0.00
04/12/2024, 04:16:21, 21.40, 54.00, 116, 19.39, 0.00, 0.00
04/12/2024, 04:16:27, 21.40, 54.00, 116, 19.39, 0.00, 0.00
04/12/2024, 04:16:34, 21.40, 54.00, 116, 19.35, 0.00, 0.00
04/12/2024, 04:16:40, 21.40, 54.00, 116, 19.35, 0.00, 0.00
04/12/2024, 04:16:46, 21.40, 54.00, 116, 19.35, 0.00, 0.00
04/12/2024, 04:16:53, 21.40, 54.00, 116, 19.35, 0.00, 0.00
04/12/2024, 04:16:59, 21.40, 54.00, 113, 19.35, 0.00, 0.00
04/12/2024, 04:17:05, 21.40, 54.00, 116, 19.29, 0.00, 0.00
04/12/2024, 04:17:12, 21.40, 54.00, 116, 19.29, 0.00, 0.00
04/12/2024, 04:17:18, 21.40, 54.00, 116, 19.39, 0.00, 0.00
04/12/2024, 04:17:25, 21.40, 54.00, 116, 19.35, 0.00, 0.00
04/12/2024, 04:17:31, 21.40, 54.00, 116, 19.29, 0.00, 0.00
04/12/2024, 04:17:37, 21.40, 54.00, 116, 19.33, 0.00, 0.00
04/12/2024, 04:17:44, 21.40, 54.00, 116, 19.35, 0.00, 0.00
04/12/2024, 04:17:50, 21.40, 54.00, 113, 19.25, 0.00, 0.00
04/12/2024, 04:17:56, 21.40, 54.00, 116, 19.33, 0.00, 0.00
04/12/2024, 04:18:03, 21.40, 54.00, 116, 19.39, 0.00, 0.00
04/12/2024, 04:18:09, 21.40, 54.00, 116, 19.35, 0.00, 0.00
04/12/2024, 04:18:15, 21.40, 54.00, 116, 19.35, 0.00, 0.00
04/12/2024, 04:18:22, 21.40, 54.00, 116, 19.33, 0.00, 0.00
04/12/2024, 04:18:28, 21.40, 54.00, 116, 19.29, 0.00, 0.00
04/12/2024, 04:18:34, 21.40, 54.00, 116, 19.35, 0.00, 0.00
04/12/2024, 04:18:41, 21.40, 54.00, 116, 19.35, 0.00, 0.00
04/12/2024, 04:18:47, 21.40, 54.00, 116, 19.35, 0.00, 0.00
04/12/2024, 04:18:53, 21.40, 54.00, 116, 19.29, 0.00, 0.00
04/12/2024, 04:19:00, 21.40, 54.00, 116, 19.39, 0.00, 0.00
04/12/2024, 04:19:06, 21.40, 54.00, 116, 19.35, 0.00, 0.00
04/12/2024, 04:19:12, 21.40, 54.00, 116, 19.33, 0.00, 0.00
04/12/2024, 04:19:19, 21.40, 54.00, 116, 19.39, 0.00, 0.00
04/12/2024, 04:19:25, 21.40, 54.00, 116, 19.39, 0.00, 0.00
04/12/2024, 04:19:31, 21.40, 54.00, 116, 19.39, 0.00, 0.00
04/12/2024, 04:19:38, 21.40, 54.00, 116, 19.39, 0.00, 0.00
04/12/2024, 04:19:44, 21.40, 54.00, 116, 19.29, 0.00, 0.00
04/12/2024, 04:19:50, 21.40, 54.00, 116, 19.33, 0.00, 0.00
04/12/2024, 04:19:57, 21.40, 54.00, 116, 19.39, 0.00, 0.00
04/12/2024, 04:20:03, 21.40, 54.00, 116, 19.35, 0.00, 0.00
04/12/2024, 04:20:09, 21.40, 54.00, 116, 19.35, 0.00, 0.00
04/12/2024, 04:20:16, 21.40, 54.00, 116, 19.35, 0.00, 0.00
04/12/2024, 04:20:22, 21.40, 54.00, 116, 19.33, 0.00, 0.00
04/12/2024, 04:20:28, 21.40, 54.00, 116, 19.23, 0.00, 0.00
04/12/2024, 04:20:35, 21.40, 54.00, 116, 19.39, 0.00, 0.00
04/12/2024, 04:20:41, 21.40, 54.00, 116, 19.33, 0.00, 0.00
04/12/2024, 04:20:47, 21.40, 54.00, 116, 19.29, 0.00, 0.00
04/12/2024, 04:20:54, 21.40, 54.00, 116, 19.29, 0.00, 0.00
04/12/2024, 04:21:00, 21.40, 54.00, 116, 19.35, 0.00, 0.00
04/12/2024, 04:21:06, 21.40, 54.00, 116, 19.33, 0.00, 0.00
04/12/2024, 04:21:13, 21.40, 54.00, 116, 19.29, 0.00, 0.00
04/12/2024, 04:21:19, 21.40, 54.00, 116, 19.35, 0.00, 0.00
04/12/2024, 04:21:25, 21.40, 54.00, 116, 19.35, 0.00, 0.00
04/12/2024, 04:21:32, 21.40, 54.00, 116, 19.25, 0.00, 0.00
04/12/2024, 04:21:38, 21.40, 54.00, 116, 19.29, 0.00, 0.00
04/12/2024, 04:21:44, 21.40, 54.00, 116, 19.33, 0.00, 0.00
04/12/2024, 04:21:51, 21.40, 54.00, 116, 19.33, 0.00, 0.00
04/12/2024, 04:21:57, 21.40, 54.00, 116, 19.23, 0.00, 0.00
04/12/2024, 04:22:04, 21.40, 54.00, 116, 19.33, 0.00, 0.00
04/12/2024, 04:22:10, 21.40, 54.00, 116, 19.33, 0.00, 0.00
04/12/2024, 04:22:16, 21.40, 54.00, 116, 19.33, 0.00, 0.00
04/12/2024, 04:22:23, 21.40, 54.00, 116, 19.39, 0.00, 0.00
04/12/2024, 04:22:29, 21.40, 54.00, 116, 19.35, 0.00, 0.00
04/12/2024, 04:22:35, 21.40, 54.00, 116, 19.29, 0.00, 0.00
04/12/2024, 04:22:42, 21.40, 54.00, 116, 19.35, 0.00, 0.00
04/12/2024, 04:22:48, 21.40, 54.00, 116, 19.29, 0.00, 0.00
04/12/2024, 04:22:54, 21.40, 54.00, 116, 19.35, 0.00, 0.00
04/12/2024, 04:23:01, 21.40, 54.00, 116, 19.29, 0.00, 0.00
04/12/2024, 04:23:07, 21.40, 54.00, 116, 19.35, 0.00, 0.00
04/12/2024, 04:23:13, 21.40, 54.00, 116, 19.33, 0.00, 0.00
04/12/2024, 04:23:20, 21.40, 54.00, 116, 19.35, 0.00, 0.00
04/12/2024, 04:23:26, 21.40, 54.00, 116, 19.35, 0.00, 0.00
04/12/2024, 04:23:32, 21.40, 54.00, 116, 19.33, 0.00, 0.00
04/12/2024, 04:23:39, 21.40, 54.00, 116, 19.33, 0.00, 0.00
04/12/2024, 04:23:45, 21.40, 54.00, 116, 19.33, 0.00, 0.00
04/12/2024, 04:23:51, 21.40, 54.00, 116, 19.33, 0.00, 0.00
04/12/2024, 04:23:58, 21.40, 54.00, 116, 19.25, 0.00, 0.00
04/12/2024, 04:24:04, 21.40, 54.00, 116, 19.29, 0.00, 0.00
04/12/2024, 04:24:10, 21.40, 54.00, 116, 19.23, 0.00, 0.00
04/12/2024, 04:24:17, 21.40, 54.00, 116, 19.29, 0.00, 0.00
04/12/2024, 04:24:23, 21.40, 54.00, 116, 19.29, 0.00, 0.00
04/12/2024, 04:24:29, 21.40, 54.00, 116, 19.33, 0.00, 0.00
04/12/2024, 04:24:36, 21.40, 54.00, 116, 19.25, 0.00, 0.00
04/12/2024, 04:24:42, 21.40, 54.00, 116, 19.35, 0.00, 0.00
04/12/2024, 04:24:48, 21.40, 54.00, 116, 19.33, 0.00, 0.00
04/12/2024, 04:24:55, 21.40, 54.00, 116, 19.29, 0.00, 0.00
04/12/2024, 04:25:01, 21.40, 54.00, 116, 19.35, 0.00, 0.00
04/12/2024, 04:25:07, 21.40, 54.00, 116, 19.33, 0.00, 0.00
04/12/2024, 04:25:14, 21.40, 54.00, 116, 19.33, 0.00, 0.00
04/12/2024, 04:25:20, 21.40, 54.00, 116, 19.39, 0.00, 0.00
04/12/2024, 04:25:26, 21.40, 54.00, 116, 19.29, 0.00, 0.00
04/12/2024, 04:25:33, 21.40, 54.00, 116, 19.35, 0.00, 0.00
04/12/2024, 04:25:39, 21.40, 54.00, 116, 19.33, 0.00, 0.00
04/12/2024, 04:25:45, 21.40, 54.00, 116, 19.33, 0.00, 0.00
04/12/2024, 04:25:52, 21.40, 54.00, 116, 19.29, 0.00, 0.00
04/12/2024, 04:25:58, 21.40, 54.00, 116, 19.39, 0.00, 0.00
04/12/2024, 04:26:04, 21.40, 54.00, 116, 19.29, 0.00, 0.00
04/12/2024, 04:26:11, 21.40, 54.00, 116, 19.33, 0.00, 0.00
04/12/2024, 04:26:17, 21.40, 54.00, 116, 19.29, 0.00, 0.00
04/12/2024, 04:26:23, 21.40, 54.00, 116, 19.35, 0.00, 0.00
04/12/2024, 04:26:30, 21.40, 54.00, 116, 19.29, 0.00, 0.00
04/12/2024, 04:26:36, 21.40, 54.00, 116, 19.33, 0.00, 0.00
04/12/2024, 04:26:43, 21.40, 54.00, 116, 19.23, 0.00, 0.00
04/12/2024, 04:26:49, 21.40, 54.00, 116, 19.33, 0.00, 0.00
04/12/2024, 04:26:55, 21.40, 54.00, 116, 19.35, 0.00, 0.00
04/12/2024, 04:27:02, 21.40, 54.00, 116, 19.29, 0.00, 0.00
04/12/2024, 04:27:08, 21.40, 54.00, 116, 19.33, 0.00, 0.00
04/12/2024, 04:27:14, 21.40, 54.00, 116, 19.33, 0.00, 0.00
04/12/2024, 04:27:21, 21.40, 54.00, 116, 19.25, 0.00, 0.00
04/12/2024, 04:27:27, 21.40, 54.00, 116, 19.29, 0.00, 0.00
04/12/2024, 04:27:33, 21.40, 54.00, 116, 19.25, 0.00, 0.00
04/12/2024, 04:27:40, 21.40, 54.00, 116, 19.25, 0.00, 0.00
04/12/2024, 04:27:46, 21.40, 54.00, 116, 19.29, 0.00, 0.00
04/12/2024, 04:27:52, 21.40, 54.00, 116, 19.29, 0.00, 0.00
04/12/2024, 04:27:59, 21.40, 54.00, 116, 19.33, 0.00, 0.00
04/12/2024, 04:28:05, 21.40, 54.00, 116, 19.29, 0.00, 0.00
04/12/2024, 04:28:11, 21.40, 54.00, 116, 19.35, 0.00, 0.00
04/12/2024, 04:28:18, 21.40, 54.00, 116, 19.35, 0.00, 0.00
04/12/2024, 04:28:24, 21.40, 54.00, 116, 19.29, 0.00, 0.00
04/12/2024, 04:28:30, 21.40, 54.00, 116, 19.33, 0.00, 0.00
04/12/2024, 04:28:37, 21.40, 54.00, 116, 19.33, 0.00, 0.00
04/12/2024, 04:28:43, 21.40, 54.00, 116, 19.33, 0.00, 0.00
04/12/2024, 04:28:49, 21.40, 54.00, 116, 19.29, 0.00, 0.00
04/12/2024, 04:28:56, 21.40, 54.00, 116, 19.39, 0.00, 0.00
04/12/2024, 04:29:02, 21.40, 54.00, 116, 19.33, 0.00, 0.00
04/12/2024, 04:29:08, 21.40, 54.00, 116, 19.35, 0.00, 0.00
04/12/2024, 04:29:15, 21.40, 54.00, 116, 19.29, 0.00, 0.00
04/12/2024, 04:29:21, 21.40, 54.00, 116, 19.29, 0.00, 0.00
04/12/2024, 04:29:27, 21.40, 54.00, 116, 19.39, 0.00, 0.00
04/12/2024, 04:29:34, 21.40, 54.00, 116, 19.33, 0.00, 0.00
04/12/2024, 04:29:40, 21.40, 54.00, 116, 19.33, 0.00, 0.00
04/12/2024, 04:29:46, 21.40, 54.00, 116, 19.29, 0.00, 0.00
04/12/2024, 04:29:53, 21.40, 54.00, 116, 19.29, 0.00, 0.00
04/12/2024, 04:29:59, 21.40, 54.00, 119, 19.29, 0.00, 0.00
04/12/2024, 04:30:05, 21.40, 54.00, 119, 19.35, 0.00, 0.00
04/12/2024, 04:30:12, 21.40, 54.00, 116, 19.35, 0.00, 0.00
04/12/2024, 04:30:18, 21.40, 54.00, 116, 19.29, 0.00, 0.00
04/12/2024, 04:30:24, 21.40, 54.00, 116, 19.29, 0.00, 0.00
04/12/2024, 04:30:31, 21.40, 54.00, 116, 19.35, 0.00, 0.00
04/12/2024, 04:30:37, 21.40, 54.00, 116, 19.33, 0.00, 0.00
04/12/2024, 04:30:43, 21.40, 54.00, 116, 19.33, 0.00, 0.00
04/12/2024, 04:30:50, 21.40, 54.00, 116, 19.33, 0.00, 0.00
04/12/2024, 04:30:56, 21.40, 54.00, 116, 19.35, 0.00, 0.00
04/12/2024, 04:31:02, 21.40, 54.00, 116, 19.35, 0.00, 0.00
04/12/2024, 04:31:09, 21.40, 54.00, 116, 19.29, 0.00, 0.00
04/12/2024, 04:31:15, 21.40, 54.00, 116, 19.29, 0.00, 0.00
04/12/2024, 04:31:22, 21.40, 54.00, 116, 19.29, 0.00, 0.00
04/12/2024, 04:31:28, 21.40, 54.00, 116, 19.33, 0.00, 0.00
04/12/2024, 04:31:34, 21.40, 54.00, 116, 19.29, 0.00, 0.00
04/12/2024, 04:31:41, 21.40, 54.00, 116, 19.33, 0.00, 0.00
04/12/2024, 04:31:47, 21.40, 54.00, 116, 19.33, 0.00, 0.00
04/12/2024, 04:31:53, 21.40, 54.00, 116, 19.33, 0.00, 0.00
04/12/2024, 04:32:00, 21.40, 54.00, 116, 19.29, 0.00, 0.00
04/12/2024, 04:32:06, 21.40, 54.00, 116, 19.29, 0.00, 0.00
04/12/2024, 04:32:12, 21.40, 54.00, 116, 19.41, 0.00, 0.00
04/12/2024, 04:32:19, 21.40, 54.00, 116, 19.29, 0.00, 0.00
04/12/2024, 04:32:25, 21.40, 54.00, 116, 19.41, 0.00, 0.00
04/12/2024, 04:32:31, 21.40, 54.00, 116, 19.33, 0.00, 0.00
04/12/2024, 04:32:38, 21.40, 54.00, 116, 19.35, 0.00, 0.00
04/12/2024, 04:32:44, 21.40, 54.00, 116, 19.39, 0.00, 0.00
04/12/2024, 04:32:50, 21.40, 54.00, 116, 19.25, 0.00, 0.00
04/12/2024, 04:32:57, 21.40, 54.00, 116, 19.33, 0.00, 0.00
04/12/2024, 04:33:03, 21.40, 54.00, 116, 19.33, 0.00, 0.00
04/12/2024, 04:33:09, 21.40, 54.00, 116, 19.39, 0.00, 0.00
04/12/2024, 04:33:16, 21.40, 54.00, 116, 19.25, 0.00, 0.00
04/12/2024, 04:33:22, 21.40, 54.00, 116, 19.33, 0.00, 0.00
04/12/2024, 04:33:28, 21.40, 54.00, 116, 19.33, 0.00, 0.00
04/12/2024, 04:33:35, 21.40, 54.00, 116, 19.29, 0.00, 0.00
04/12/2024, 04:33:41, 21.40, 54.00, 116, 19.35, 0.00, 0.00
04/12/2024, 04:33:47, 21.40, 54.00, 116, 19.35, 0.00, 0.00
04/12/2024, 04:33:54, 21.40, 54.00, 116, 19.39, 0.00, 0.00
04/12/2024, 04:34:00, 21.40, 54.00, 116, 19.33, 0.00, 0.00
04/12/2024, 04:34:06, 21.40, 54.00, 116, 19.29, 0.00, 0.00
04/12/2024, 04:34:13, 21.40, 54.00, 116, 19.25, 0.00, 0.00
04/12/2024, 04:34:19, 21.40, 54.00, 116, 19.35, 0.00, 0.00
04/12/2024, 04:34:25, 21.40, 54.00, 116, 19.35, 0.00, 0.00
04/12/2024, 04:34:32, 21.40, 54.00, 116, 19.35, 0.00, 0.00
04/12/2024, 04:34:38, 21.40, 54.00, 116, 19.23, 0.00, 0.00
04/12/2024, 04:34:44, 21.40, 54.00, 116, 19.25, 0.00, 0.00
04/12/2024, 04:34:51, 21.40, 54.00, 116, 19.35, 0.00, 0.00
04/12/2024, 04:34:57, 21.40, 54.00, 116, 19.33, 0.00, 0.00
04/12/2024, 04:35:03, 21.40, 54.00, 116, 19.33, 0.00, 0.00
04/12/2024, 04:35:10, 21.40, 54.00, 116, 19.39, 0.00, 0.00
04/12/2024, 04:35:16, 21.40, 54.00, 116, 19.33, 0.00, 0.00
04/12/2024, 04:35:22, 21.40, 54.00, 116, 19.29, 0.00, 0.00
04/12/2024, 04:35:29, 21.40, 54.00, 116, 19.29, 0.00, 0.00
04/12/2024, 04:35:35, 21.40, 54.00, 116, 19.29, 0.00, 0.00
04/12/2024, 04:35:42, 21.40, 54.00, 116, 19.35, 0.00, 0.00
04/12/2024, 04:35:48, 21.40, 54.00, 116, 19.23, 0.00, 0.00
04/12/2024, 04:35:54, 21.40, 54.00, 116, 19.35, 0.00, 0.00
04/12/2024, 04:36:01, 21.40, 54.00, 116, 19.33, 0.00, 0.00
04/12/2024, 04:36:07, 21.40, 54.00, 116, 19.29, 0.00, 0.00
04/12/2024, 04:36:13, 21.40, 54.00, 116, 19.33, 0.00, 0.00
04/12/2024, 04:36:20, 21.40, 54.00, 116, 19.39, 0.00, 0.00
04/12/2024, 04:36:26, 21.40, 54.00, 116, 19.29, 0.00, 0.00
04/12/2024, 04:36:32, 21.40, 54.00, 116, 19.29, 0.00, 0.00
04/12/2024, 04:36:39, 21.40, 54.00, 116, 19.33, 0.00, 0.00
04/12/2024, 04:36:45, 21.40, 54.00, 116, 19.33, 0.00, 0.00
04/12/2024, 04:36:51, 21.40, 54.00, 116, 19.33, 0.00, 0.00
04/12/2024, 04:36:58, 21.40, 54.00, 116, 19.29, 0.00, 0.00
04/12/2024, 04:37:04, 21.40, 54.00, 116, 19.25, 0.00, 0.00
04/12/2024, 04:37:10, 21.40, 54.00, 116, 19.33, 0.00, 0.00
04/12/2024, 04:37:17, 21.40, 54.00, 116, 19.29, 0.00, 0.00
04/12/2024, 04:37:23, 21.40, 54.00, 116, 19.25, 0.00, 0.00
04/12/2024, 04:37:29, 21.40, 54.00, 116, 19.29, 0.00, 0.00
04/12/2024, 04:37:36, 21.40, 54.00, 116, 19.35, 0.00, 0.00
04/12/2024, 04:37:42, 21.40, 54.00, 116, 19.29, 0.00, 0.00
04/12/2024, 04:37:48, 21.40, 54.00, 116, 19.29, 0.00, 0.00
04/12/2024, 04:37:55, 21.40, 54.00, 116, 19.33, 0.00, 0.00
04/12/2024, 04:38:01, 21.40, 54.00, 116, 19.41, 0.00, 0.00
04/12/2024, 04:38:07, 21.40, 54.00, 116, 19.25, 0.00, 0.00
04/12/2024, 04:38:14, 21.40, 54.00, 116, 19.29, 0.00, 0.00
04/12/2024, 04:38:20, 21.40, 54.00, 116, 19.29, 0.00, 0.00
04/12/2024, 04:38:26, 21.40, 54.00, 116, 19.35, 0.00, 0.00
04/12/2024, 04:38:33, 21.40, 54.00, 116, 19.29, 0.00, 0.00
04/12/2024, 04:38:39, 21.40, 54.00, 116, 19.25, 0.00, 0.00
04/12/2024, 04:38:45, 21.40, 54.00, 116, 19.33, 0.00, 0.00
04/12/2024, 04:38:52, 21.40, 54.00, 116, 19.33, 0.00, 0.00
04/12/2024, 04:38:58, 21.40, 54.00, 116, 19.29, 0.00, 0.00
04/12/2024, 04:39:04, 21.40, 54.00, 116, 19.29, 0.00, 0.00
04/12/2024, 04:39:11, 21.40, 54.00, 116, 19.33, 0.00, 0.00
04/12/2024, 04:39:17, 21.40, 54.00, 116, 19.29, 0.00, 0.00
04/12/2024, 04:39:23, 21.40, 54.00, 116, 19.35, 0.00, 0.00
04/12/2024, 04:39:30, 21.40, 54.00, 116, 19.29, 0.00, 0.00
04/12/2024, 04:39:36, 21.40, 54.00, 116, 19.33, 0.00, 0.00
04/12/2024, 04:39:42, 21.40, 54.00, 116, 19.25, 0.00, 0.00
04/12/2024, 04:39:49, 21.40, 54.00, 116, 19.35, 0.00, 0.00
04/12/2024, 04:39:55, 21.40, 54.00, 116, 19.35, 0.00, 0.00
04/12/2024, 04:40:02, 21.40, 54.00, 116, 19.23, 0.00, 0.00
04/12/2024, 04:40:08, 21.40, 54.00, 116, 19.33, 0.00, 0.00
04/12/2024, 04:40:14, 21.40, 54.00, 116, 19.33, 0.00, 0.00
04/12/2024, 04:40:21, 21.40, 54.00, 116, 19.25, 0.00, 0.00
04/12/2024, 04:40:27, 21.40, 54.00, 116, 19.25, 0.00, 0.00
04/12/2024, 04:40:33, 21.40, 54.00, 116, 19.25, 0.00, 0.00
04/12/2024, 04:40:40, 21.40, 54.00, 116, 19.35, 0.00, 0.00
04/12/2024, 04:40:46, 21.40, 54.00, 116, 19.33, 0.00, 0.00
04/12/2024, 04:40:52, 21.40, 54.00, 116, 19.33, 0.00, 0.00
04/12/2024, 04:40:59, 21.40, 54.00, 116, 19.29, 0.00, 0.00
04/12/2024, 04:41:05, 21.40, 54.00, 116, 19.35, 0.00, 0.00
04/12/2024, 04:41:11, 21.40, 54.00, 116, 19.35, 0.00, 0.00
04/12/2024, 04:41:18, 21.40, 54.00, 116, 19.33, 0.00, 0.00
04/12/2024, 04:41:24, 21.40, 54.00, 116, 19.29, 0.00, 0.00
04/12/2024, 04:41:30, 21.40, 54.00, 116, 19.25, 0.00, 0.00
04/12/2024, 04:41:37, 21.40, 54.00, 116, 19.33, 0.00, 0.00
04/12/2024, 04:41:43, 21.40, 54.00, 116, 19.25, 0.00, 0.00
04/12/2024, 04:41:49, 21.40, 54.00, 116, 19.29, 0.00, 0.00
04/12/2024, 04:41:56, 21.40, 54.00, 116, 19.25, 0.00, 0.00
04/12/2024, 04:42:02, 21.40, 54.00, 116, 19.29, 0.00, 0.00
04/12/2024, 04:42:08, 21.40, 54.00, 116, 19.29, 0.00, 0.00
04/12/2024, 04:42:15, 21.40, 54.00, 116, 19.29, 0.00, 0.00
04/12/2024, 04:42:21, 21.40, 54.00, 116, 19.33, 0.00, 0.00
04/12/2024, 04:42:27, 21.40, 54.00, 116, 19.25, 0.00, 0.00
04/12/2024, 04:42:34, 21.40, 54.00, 116, 19.29, 0.00, 0.00
04/12/2024, 04:42:40, 21.40, 54.00, 116, 19.25, 0.00, 0.00
04/12/2024, 04:42:46, 21.40, 54.00, 116, 19.29, 0.00, 0.00
04/12/2024, 04:42:53, 21.40, 54.00, 116, 19.29, 0.00, 0.00
04/12/2024, 04:42:59, 21.40, 54.00, 116, 19.29, 0.00, 0.00
04/12/2024, 04:43:05, 21.40, 54.00, 116, 19.29, 0.00, 0.00
04/12/2024, 04:43:12, 21.40, 54.00, 116, 19.35, 0.00, 0.00
04/12/2024, 04:43:18, 21.40, 54.00, 116, 19.29, 0.00, 0.00
04/12/2024, 04:43:24, 21.40, 54.00, 116, 19.29, 0.00, 0.00
04/12/2024, 04:43:31, 21.40, 54.00, 116, 19.33, 0.00, 0.00
04/12/2024, 04:43:37, 21.40, 54.00, 116, 19.29, 0.00, 0.00
04/12/2024, 04:43:43, 21.40, 54.00, 116, 19.29, 0.00, 0.00
04/12/2024, 04:43:50, 21.40, 54.00, 116, 19.25, 0.00, 0.00
04/12/2024, 04:43:56, 21.40, 54.00, 116, 19.29, 0.00, 0.00
04/12/2024, 04:44:02, 21.40, 54.00, 116, 19.23, 0.00, 0.00
04/12/2024, 04:44:09, 21.40, 54.00, 116, 19.33, 0.00, 0.00
04/12/2024, 04:44:15, 21.40, 54.00, 116, 19.33, 0.00, 0.00
04/12/2024, 04:44:21, 21.40, 54.00, 116, 19.33, 0.00, 0.00
04/12/2024, 04:44:28, 21.40, 54.00, 116, 19.33, 0.00, 0.00
04/12/2024, 04:44:41, 21.40, 54.00, 116, 19.25, 0.00, 0.00
04/12/2024, 04:44:47, 21.40, 54.00, 116, 19.29, 0.00, 0.00
04/12/2024, 04:44:53, 21.40, 54.00, 116, 19.33, 0.00, 0.00
04/12/2024, 04:45:00, 21.40, 54.00, 116, 19.19, 0.00, 0.00
04/12/2024, 04:45:06, 21.40, 54.00, 116, 19.33, 0.00, 0.00
04/12/2024, 04:45:12, 21.40, 54.00, 116, 19.25, 0.00, 0.00
04/12/2024, 04:45:19, 21.40, 54.00, 116, 19.29, 0.00, 0.00
04/12/2024, 04:45:25, 21.40, 54.00, 116, 19.25, 0.00, 0.00
04/12/2024, 04:45:31, 21.40, 54.00, 116, 19.29, 0.00, 0.00
04/12/2024, 04:45:38, 21.40, 54.00, 116, 19.35, 0.00, 0.00
04/12/2024, 04:45:44, 21.40, 54.00, 116, 19.39, 0.00, 0.00
04/12/2024, 04:45:50, 21.40, 54.00, 116, 19.25, 0.00, 0.00
04/12/2024, 04:45:57, 21.40, 54.00, 116, 19.25, 0.00, 0.00
04/12/2024, 04:46:03, 21.40, 54.00, 116, 19.29, 0.00, 0.00
04/12/2024, 04:46:09, 21.40, 54.00, 116, 19.25, 0.00, 0.00
04/12/2024, 04:46:16, 21.40, 54.00, 116, 19.33, 0.00, 0.00
04/12/2024, 04:46:22, 21.40, 54.00, 116, 19.29, 0.00, 0.00
04/12/2024, 04:46:28, 21.40, 54.00, 116, 19.35, 0.00, 0.00
04/12/2024, 04:46:35, 21.40, 54.00, 116, 19.33, 0.00, 0.00
04/12/2024, 04:46:41, 21.40, 54.00, 116, 19.33, 0.00, 0.00
04/12/2024, 04:46:47, 21.40, 54.00, 116, 19.33, 0.00, 0.00
04/12/2024, 04:46:54, 21.40, 54.00, 116, 19.33, 0.00, 0.00
04/12/2024, 04:47:00, 21.40, 54.00, 116, 19.29, 0.00, 0.00
04/12/2024, 04:47:06, 21.40, 54.00, 116, 19.25, 0.00, 0.00
04/12/2024, 04:47:13, 21.40, 54.00, 116, 19.25, 0.00, 0.00
04/12/2024, 04:47:19, 21.40, 54.00, 116, 19.25, 0.00, 0.00
04/12/2024, 04:47:25, 21.40, 54.00, 116, 19.33, 0.00, 0.00
04/12/2024, 04:47:32, 21.40, 54.00, 116, 19.29, 0.00, 0.00
04/12/2024, 04:47:38, 21.40, 54.00, 116, 19.29, 0.00, 0.00
04/12/2024, 04:47:44, 21.40, 54.00, 116, 19.25, 0.00, 0.00
04/12/2024, 04:47:51, 21.40, 54.00, 116, 19.29, 0.00, 0.00
04/12/2024, 04:47:57, 21.40, 54.00, 116, 19.29, 0.00, 0.00
04/12/2024, 04:48:03, 21.40, 54.00, 116, 19.33, 0.00, 0.00
04/12/2024, 04:48:10, 21.40, 54.00, 116, 19.33, 0.00, 0.00
04/12/2024, 04:48:16, 21.40, 54.00, 116, 19.25, 0.00, 0.00
04/12/2024, 04:48:22, 21.40, 54.00, 116, 19.29, 0.00, 0.00
04/12/2024, 04:48:29, 21.40, 54.00, 116, 19.33, 0.00, 0.00
04/12/2024, 04:48:35, 21.40, 54.00, 116, 19.33, 0.00, 0.00
04/12/2024, 04:48:41, 21.40, 54.00, 116, 19.25, 0.00, 0.00
04/12/2024, 04:48:48, 21.40, 54.00, 116, 19.33, 0.00, 0.00
04/12/2024, 04:48:54, 21.40, 54.00, 116, 19.29, 0.00, 0.00
04/12/2024, 04:49:01, 21.40, 54.00, 116, 19.29, 0.00, 0.00
04/12/2024, 04:49:07, 21.40, 54.00, 116, 19.25, 0.00, 0.00
04/12/2024, 04:49:13, 21.40, 54.00, 116, 19.29, 0.00, 0.00
04/12/2024, 04:49:20, 21.40, 54.00, 116, 19.29, 0.00, 0.00
04/12/2024, 04:49:26, 21.40, 54.00, 116, 19.33, 0.00, 0.00
04/12/2024, 04:49:32, 21.40, 54.00, 116, 19.25, 0.00, 0.00
04/12/2024, 04:49:39, 21.40, 54.00, 116, 19.25, 0.00, 0.00
04/12/2024, 04:49:45, 21.40, 54.00, 116, 19.29, 0.00, 0.00
04/12/2024, 04:49:51, 21.40, 54.00, 116, 19.29, 0.00, 0.00
04/12/2024, 04:49:58, 21.40, 54.00, 116, 19.23, 0.00, 0.00
04/12/2024, 04:50:04, 21.40, 54.00, 116, 19.33, 0.00, 0.00
04/12/2024, 04:50:10, 21.40, 54.00, 116, 19.23, 0.00, 0.00
04/12/2024, 04:50:17, 21.40, 54.00, 116, 19.33, 0.00, 0.00
04/12/2024, 04:50:23, 21.40, 54.00, 116, 19.25, 0.00, 0.00
04/12/2024, 04:50:29, 21.40, 54.00, 116, 19.29, 0.00, 0.00
04/12/2024, 04:50:36, 21.40, 54.00, 116, 19.29, 0.00, 0.00
04/12/2024, 04:50:42, 21.40, 54.00, 116, 19.23, 0.00, 0.00
04/12/2024, 04:50:48, 21.40, 54.00, 116, 19.35, 0.00, 0.00
04/12/2024, 04:50:55, 21.40, 54.00, 116, 19.29, 0.00, 0.00
04/12/2024, 04:51:01, 21.40, 54.00, 116, 19.25, 0.00, 0.00
04/12/2024, 04:51:07, 21.40, 54.00, 116, 19.33, 0.00, 0.00
04/12/2024, 04:51:14, 21.40, 54.00, 116, 19.33, 0.00, 0.00
04/12/2024, 04:51:20, 21.40, 54.00, 116, 19.35, 0.00, 0.00
04/12/2024, 04:51:26, 21.40, 54.00, 116, 19.29, 0.00, 0.00
04/12/2024, 04:51:33, 21.40, 54.00, 116, 19.25, 0.00, 0.00
04/12/2024, 04:51:39, 21.40, 54.00, 116, 19.25, 0.00, 0.00
04/12/2024, 04:51:45, 21.40, 54.00, 116, 19.33, 0.00, 0.00
04/12/2024, 04:51:52, 21.40, 54.00, 116, 19.29, 0.00, 0.00
04/12/2024, 04:51:58, 21.40, 54.00, 116, 19.33, 0.00, 0.00
04/12/2024, 04:52:04, 21.40, 54.00, 116, 19.33, 0.00, 0.00
04/12/2024, 04:52:11, 21.40, 54.00, 116, 19.33, 0.00, 0.00
04/12/2024, 04:52:17, 21.40, 54.00, 116, 19.29, 0.00, 0.00
04/12/2024, 04:52:23, 21.40, 54.00, 116, 19.33, 0.00, 0.00
04/12/2024, 04:52:30, 21.40, 54.00, 116, 19.33, 0.00, 0.00
04/12/2024, 04:52:36, 21.40, 54.00, 116, 19.29, 0.00, 0.00
04/12/2024, 04:52:42, 21.40, 54.00, 116, 19.35, 0.00, 0.00
04/12/2024, 04:52:49, 21.40, 54.00, 116, 19.25, 0.00, 0.00
04/12/2024, 04:52:55, 21.40, 54.00, 116, 19.25, 0.00, 0.00
04/12/2024, 04:53:01, 21.40, 54.00, 116, 19.33, 0.00, 0.00
04/12/2024, 04:53:08, 21.40, 54.00, 116, 19.29, 0.00, 0.00
04/12/2024, 04:53:14, 21.40, 54.00, 116, 19.23, 0.00, 0.00
04/12/2024, 04:53:20, 21.40, 54.00, 116, 19.33, 0.00, 0.00
04/12/2024, 04:53:27, 21.40, 54.00, 116, 19.23, 0.00, 0.00
04/12/2024, 04:53:33, 21.40, 54.00, 116, 19.25, 0.00, 0.00
04/12/2024, 04:53:40, 21.40, 54.00, 116, 19.25, 0.00, 0.00
04/12/2024, 04:53:46, 21.40, 54.00, 116, 19.25, 0.00, 0.00
04/12/2024, 04:53:52, 21.40, 54.00, 116, 19.25, 0.00, 0.00
04/12/2024, 04:53:59, 21.40, 54.00, 116, 19.29, 0.00, 0.00
04/12/2024, 04:54:05, 21.40, 54.00, 116, 19.29, 0.00, 0.00
04/12/2024, 04:54:11, 21.40, 54.00, 116, 19.33, 0.00, 0.00
04/12/2024, 04:54:18, 21.40, 54.00, 116, 19.25, 0.00, 0.00
04/12/2024, 04:54:24, 21.40, 54.00, 116, 19.29, 0.00, 0.00
04/12/2024, 04:54:30, 21.40, 54.00, 116, 19.25, 0.00, 0.00
04/12/2024, 04:54:43, 21.40, 54.00, 116, 19.33, 0.00, 0.00
04/12/2024, 04:54:49, 21.40, 54.00, 116, 19.29, 0.00, 0.00
04/12/2024, 04:54:56, 21.40, 54.00, 116, 19.23, 0.00, 0.00
04/12/2024, 04:55:02, 21.40, 54.00, 116, 19.33, 0.00, 0.00
04/12/2024, 04:55:08, 21.40, 54.00, 116, 19.33, 0.00, 0.00
04/12/2024, 04:55:15, 21.40, 54.00, 116, 19.33, 0.00, 0.00
04/12/2024, 04:55:21, 21.40, 54.00, 116, 19.29, 0.00, 0.00
04/12/2024, 04:55:27, 21.40, 54.00, 116, 19.33, 0.00, 0.00
04/12/2024, 04:55:34, 21.40, 54.00, 116, 19.29, 0.00, 0.00
04/12/2024, 04:55:40, 21.40, 54.00, 116, 19.29, 0.00, 0.00
04/12/2024, 04:55:46, 21.40, 54.00, 116, 19.29, 0.00, 0.00
04/12/2024, 04:55:53, 21.40, 54.00, 116, 19.35, 0.00, 0.00
04/12/2024, 04:55:59, 21.40, 54.00, 116, 19.29, 0.00, 0.00
04/12/2024, 04:56:05, 21.40, 54.00, 116, 19.29, 0.00, 0.00
04/12/2024, 04:56:12, 21.40, 54.00, 116, 19.33, 0.00, 0.00
04/12/2024, 04:56:18, 21.40, 54.00, 116, 19.29, 0.00, 0.00
04/12/2024, 04:56:24, 21.40, 54.00, 116, 19.33, 0.00, 0.00
04/12/2024, 04:56:31, 21.40, 54.00, 116, 19.29, 0.00, 0.00
04/12/2024, 04:56:37, 21.40, 54.00, 116, 19.25, 0.00, 0.00
04/12/2024, 04:56:43, 21.40, 54.00, 116, 19.33, 0.00, 0.00
04/12/2024, 04:56:50, 21.40, 54.00, 116, 19.33, 0.00, 0.00
04/12/2024, 04:56:56, 21.40, 54.00, 116, 19.33, 0.00, 0.00
04/12/2024, 04:57:02, 21.40, 54.00, 116, 19.33, 0.00, 0.00
04/12/2024, 04:57:09, 21.40, 54.00, 116, 19.33, 0.00, 0.00
04/12/2024, 04:57:15, 21.40, 54.00, 116, 19.25, 0.00, 0.00
04/12/2024, 04:57:21, 21.40, 54.00, 116, 19.25, 0.00, 0.00
04/12/2024, 04:57:28, 21.40, 54.00, 113, 19.33, 0.00, 0.00
04/12/2024, 04:57:34, 21.40, 54.00, 113, 19.25, 0.00, 0.00
04/12/2024, 04:57:40, 21.40, 54.00, 116, 19.19, 0.00, 0.00
04/12/2024, 04:57:47, 21.40, 54.00, 116, 19.23, 0.00, 0.00
04/12/2024, 04:57:53, 21.40, 54.00, 113, 19.25, 0.00, 0.00
04/12/2024, 04:57:59, 21.40, 54.00, 116, 19.33, 0.00, 0.00
04/12/2024, 04:58:06, 21.40, 54.00, 116, 19.29, 0.00, 0.00
04/12/2024, 04:58:19, 21.40, 54.00, 116, 19.23, 0.00, 0.00
04/12/2024, 04:58:25, 21.40, 54.00, 113, 19.29, 0.00, 0.00
04/12/2024, 04:58:31, 21.40, 54.00, 116, 19.29, 0.00, 0.00
04/12/2024, 04:58:38, 21.40, 54.00, 116, 19.29, 0.00, 0.00
04/12/2024, 04:58:44, 21.40, 54.00, 116, 19.23, 0.00, 0.00
04/12/2024, 04:58:50, 21.40, 54.00, 116, 19.25, 0.00, 0.00
04/12/2024, 04:58:57, 21.40, 54.00, 113, 19.33, 0.00, 0.00
04/12/2024, 04:59:03, 21.40, 54.00, 113, 19.25, 0.00, 0.00
04/12/2024, 04:59:09, 21.40, 54.00, 116, 19.25, 0.00, 0.00
04/12/2024, 04:59:16, 21.40, 54.00, 116, 19.33, 0.00, 0.00
04/12/2024, 04:59:22, 21.40, 54.00, 113, 19.29, 0.00, 0.00
04/12/2024, 04:59:28, 21.40, 54.00, 116, 19.33, 0.00, 0.00
04/12/2024, 04:59:35, 21.40, 54.00, 116, 19.33, 0.00, 0.00
04/12/2024, 04:59:41, 21.40, 54.00, 116, 19.29, 0.00, 0.00
04/12/2024, 04:59:47, 21.40, 54.00, 116, 19.29, 0.00, 0.00
04/12/2024, 04:59:54, 21.40, 54.00, 116, 19.29, 0.00, 0.00
04/12/2024, 05:00:00, 21.40, 54.00, 116, 19.33, 0.00, 0.00
04/12/2024, 05:00:06, 21.40, 54.00, 116, 19.29, 0.00, 0.00
04/12/2024, 05:00:13, 21.40, 54.00, 113, 19.25, 0.00, 0.00
04/12/2024, 05:00:19, 21.40, 54.00, 113, 19.33, 0.00, 0.00
04/12/2024, 05:00:25, 21.40, 54.00, 116, 19.29, 0.00, 0.00
04/12/2024, 05:00:32, 21.40, 54.00, 116, 19.23, 0.00, 0.00
04/12/2024, 05:00:38, 21.40, 54.00, 116, 19.23, 0.00, 0.00
04/12/2024, 05:00:44, 21.40, 54.00, 116, 19.25, 0.00, 0.00
04/12/2024, 05:00:51, 21.40, 54.00, 116, 19.29, 0.00, 0.00
04/12/2024, 05:00:57, 21.40, 54.00, 116, 19.33, 0.00, 0.00
04/12/2024, 05:01:03, 21.40, 54.00, 116, 19.29, 0.00, 0.00
04/12/2024, 05:01:10, 21.40, 54.00, 113, 19.25, 0.00, 0.00
04/12/2024, 05:01:16, 21.40, 54.00, 116, 19.25, 0.00, 0.00
04/12/2024, 05:01:22, 21.40, 54.00, 116, 19.33, 0.00, 0.00
04/12/2024, 05:01:29, 21.40, 54.00, 116, 19.29, 0.00, 0.00
04/12/2024, 05:01:35, 21.40, 54.00, 116, 19.19, 0.00, 0.00
04/12/2024, 05:01:41, 21.40, 54.00, 116, 19.25, 0.00, 0.00
04/12/2024, 05:01:48, 21.40, 54.00, 113, 19.29, 0.00, 0.00
04/12/2024, 05:01:54, 21.40, 54.00, 116, 19.25, 0.00, 0.00
04/12/2024, 05:02:00, 21.40, 54.00, 116, 19.25, 0.00, 0.00
04/12/2024, 05:02:07, 21.40, 54.00, 113, 19.33, 0.00, 0.00
04/12/2024, 05:02:13, 21.40, 54.00, 113, 19.35, 0.00, 0.00
04/12/2024, 05:02:19, 21.40, 54.00, 116, 19.25, 0.00, 0.00
04/12/2024, 05:02:26, 21.40, 54.00, 116, 19.25, 0.00, 0.00
04/12/2024, 05:02:32, 21.40, 54.00, 116, 19.25, 0.00, 0.00
04/12/2024, 05:02:39, 21.40, 54.00, 116, 19.23, 0.00, 0.00
04/12/2024, 05:02:45, 21.40, 54.00, 116, 19.25, 0.00, 0.00
04/12/2024, 05:02:51, 21.40, 54.00, 116, 19.33, 0.00, 0.00
04/12/2024, 05:02:58, 21.40, 54.00, 116, 19.23, 0.00, 0.00
04/12/2024, 05:03:04, 21.40, 54.00, 116, 19.19, 0.00, 0.00
04/12/2024, 05:03:10, 21.40, 54.00, 116, 19.29, 0.00, 0.00
04/12/2024, 05:03:17, 21.40, 54.00, 116, 19.29, 0.00, 0.00
04/12/2024, 05:03:23, 21.40, 54.00, 116, 19.23, 0.00, 0.00
04/12/2024, 05:03:29, 21.40, 54.00, 116, 19.25, 0.00, 0.00
04/12/2024, 05:03:36, 21.40, 54.00, 116, 19.29, 0.00, 0.00
04/12/2024, 05:03:42, 21.40, 54.00, 116, 19.29, 0.00, 0.00
04/12/2024, 05:03:48, 21.40, 54.00, 116, 19.33, 0.00, 0.00
04/12/2024, 05:03:55, 21.40, 54.00, 116, 19.25, 0.00, 0.00
04/12/2024, 05:04:01, 21.40, 54.00, 116, 19.29, 0.00, 0.00
04/12/2024, 05:04:07, 21.40, 54.00, 116, 19.29, 0.00, 0.00
04/12/2024, 05:04:14, 21.40, 54.00, 116, 19.29, 0.00, 0.00
04/12/2024, 05:04:20, 21.40, 54.00, 116, 19.29, 0.00, 0.00
04/12/2024, 05:04:26, 21.40, 54.00, 116, 19.23, 0.00, 0.00
04/12/2024, 05:04:33, 21.40, 54.00, 116, 19.29, 0.00, 0.00
04/12/2024, 05:04:39, 21.40, 54.00, 116, 19.25, 0.00, 0.00
04/12/2024, 05:04:45, 21.40, 54.00, 116, 19.25, 0.00, 0.00
04/12/2024, 05:04:52, 21.40, 54.00, 116, 19.25, 0.00, 0.00
04/12/2024, 05:04:58, 21.40, 54.00, 116, 19.25, 0.00, 0.00
04/12/2024, 05:05:04, 21.40, 54.00, 116, 19.35, 0.00, 0.00
04/12/2024, 05:05:11, 21.40, 54.00, 116, 19.25, 0.00, 0.00
04/12/2024, 05:05:17, 21.40, 54.00, 116, 19.25, 0.00, 0.00
04/12/2024, 05:05:23, 21.40, 54.00, 116, 19.25, 0.00, 0.00
04/12/2024, 05:05:30, 21.40, 54.00, 116, 19.25, 0.00, 0.00
04/12/2024, 05:05:36, 21.40, 54.00, 116, 19.35, 0.00, 0.00
04/12/2024, 05:05:42, 21.40, 54.00, 113, 19.33, 0.00, 0.00
04/12/2024, 05:05:49, 21.40, 54.00, 116, 19.25, 0.00, 0.00
04/12/2024, 05:05:55, 21.40, 54.00, 116, 19.25, 0.00, 0.00
04/12/2024, 05:06:01, 21.40, 54.00, 116, 19.25, 0.00, 0.00
04/12/2024, 05:06:08, 21.40, 54.00, 116, 19.29, 0.00, 0.00
04/12/2024, 05:06:14, 21.40, 54.00, 116, 19.25, 0.00, 0.00
04/12/2024, 05:06:20, 21.40, 54.00, 116, 19.23, 0.00, 0.00
04/12/2024, 05:06:27, 21.40, 54.00, 116, 19.23, 0.00, 0.00
04/12/2024, 05:06:33, 21.40, 54.00, 116, 19.25, 0.00, 0.00
04/12/2024, 05:06:39, 21.40, 54.00, 116, 19.25, 0.00, 0.00
04/12/2024, 05:06:46, 21.40, 54.00, 116, 19.23, 0.00, 0.00
04/12/2024, 05:06:52, 21.40, 54.00, 116, 19.25, 0.00, 0.00
04/12/2024, 05:06:58, 21.40, 54.00, 116, 19.29, 0.00, 0.00
04/12/2024, 05:07:05, 21.40, 54.00, 116, 19.25, 0.00, 0.00
04/12/2024, 05:07:11, 21.40, 54.00, 116, 19.25, 0.00, 0.00
04/12/2024, 05:07:18, 21.40, 54.00, 116, 19.25, 0.00, 0.00
04/12/2024, 05:07:24, 21.40, 54.00, 116, 19.25, 0.00, 0.00
04/12/2024, 05:07:30, 21.40, 54.00, 116, 19.23, 0.00, 0.00
04/12/2024, 05:07:37, 21.40, 54.00, 116, 19.33, 0.00, 0.00
04/12/2024, 05:07:43, 21.40, 54.00, 116, 19.25, 0.00, 0.00
04/12/2024, 05:07:49, 21.40, 54.00, 116, 19.23, 0.00, 0.00
04/12/2024, 05:07:56, 21.40, 54.00, 116, 19.25, 0.00, 0.00
04/12/2024, 05:08:02, 21.40, 54.00, 116, 19.25, 0.00, 0.00
04/12/2024, 05:08:08, 21.40, 54.00, 116, 19.25, 0.00, 0.00
04/12/2024, 05:08:15, 21.40, 54.00, 116, 19.33, 0.00, 0.00
04/12/2024, 05:08:21, 21.40, 54.00, 116, 19.29, 0.00, 0.00
04/12/2024, 05:08:27, 21.40, 54.00, 116, 19.33, 0.00, 0.00
04/12/2024, 05:08:34, 21.40, 54.00, 116, 19.29, 0.00, 0.00
04/12/2024, 05:08:40, 21.40, 54.00, 113, 19.25, 0.00, 0.00
04/12/2024, 05:08:46, 21.40, 54.00, 116, 19.25, 0.00, 0.00
04/12/2024, 05:08:53, 21.40, 54.00, 116, 19.29, 0.00, 0.00
04/12/2024, 05:08:59, 21.40, 54.00, 116, 19.25, 0.00, 0.00
04/12/2024, 05:09:05, 21.40, 54.00, 113, 19.29, 0.00, 0.00
04/12/2024, 05:09:12, 21.40, 54.00, 116, 19.19, 0.00, 0.00
04/12/2024, 05:09:18, 21.40, 54.00, 113, 19.25, 0.00, 0.00
04/12/2024, 05:09:24, 21.40, 54.00, 116, 19.25, 0.00, 0.00
04/12/2024, 05:09:31, 21.40, 54.00, 116, 19.23, 0.00, 0.00
04/12/2024, 05:09:37, 21.40, 54.00, 116, 19.23, 0.00, 0.00
04/12/2024, 05:09:43, 21.40, 54.00, 116, 19.25, 0.00, 0.00
04/12/2024, 05:09:50, 21.40, 54.00, 116, 19.25, 0.00, 0.00
04/12/2024, 05:09:56, 21.40, 54.00, 116, 19.25, 0.00, 0.00
04/12/2024, 05:10:02, 21.40, 54.00, 116, 19.25, 0.00, 0.00
04/12/2024, 05:10:09, 21.40, 54.00, 116, 19.25, 0.00, 0.00
04/12/2024, 05:10:15, 21.40, 54.00, 116, 19.25, 0.00, 0.00
04/12/2024, 05:10:21, 21.40, 54.00, 116, 19.25, 0.00, 0.00
04/12/2024, 05:10:28, 21.40, 54.00, 116, 19.25, 0.00, 0.00
04/12/2024, 05:10:34, 21.40, 54.00, 116, 19.19, 0.00, 0.00
04/12/2024, 05:10:40, 21.40, 54.00, 116, 19.29, 0.00, 0.00
04/12/2024, 05:10:47, 21.40, 54.00, 116, 19.29, 0.00, 0.00
04/12/2024, 05:10:53, 21.40, 54.00, 116, 19.25, 0.00, 0.00
04/12/2024, 05:10:59, 21.40, 54.00, 116, 19.29, 0.00, 0.00
04/12/2024, 05:11:06, 21.40, 54.00, 116, 19.29, 0.00, 0.00
04/12/2024, 05:11:12, 21.40, 54.00, 116, 19.25, 0.00, 0.00
04/12/2024, 05:11:18, 21.40, 54.00, 116, 19.19, 0.00, 0.00
04/12/2024, 05:11:25, 21.40, 54.00, 116, 19.29, 0.00, 0.00
04/12/2024, 05:11:31, 21.40, 54.00, 116, 19.23, 0.00, 0.00
04/12/2024, 05:11:37, 21.40, 54.00, 116, 19.29, 0.00, 0.00
04/12/2024, 05:11:44, 21.40, 54.00, 116, 19.25, 0.00, 0.00
04/12/2024, 05:11:50, 21.40, 54.00, 116, 19.29, 0.00, 0.00
04/12/2024, 05:11:57, 21.40, 54.00, 116, 19.29, 0.00, 0.00
04/12/2024, 05:12:03, 21.40, 54.00, 116, 19.25, 0.00, 0.00
04/12/2024, 05:12:09, 21.40, 54.00, 116, 19.33, 0.00, 0.00
04/12/2024, 05:12:16, 21.40, 54.00, 116, 19.23, 0.00, 0.00
04/12/2024, 05:12:22, 21.40, 54.00, 116, 19.29, 0.00, 0.00
04/12/2024, 05:12:28, 21.40, 54.00, 116, 19.29, 0.00, 0.00
04/12/2024, 05:12:35, 21.40, 54.00, 116, 19.25, 0.00, 0.00
04/12/2024, 05:12:41, 21.40, 54.00, 116, 19.35, 0.00, 0.00
04/12/2024, 05:12:47, 21.40, 54.00, 116, 19.33, 0.00, 0.00
04/12/2024, 05:12:54, 21.40, 54.00, 116, 19.25, 0.00, 0.00
04/12/2024, 05:13:00, 21.40, 54.00, 116, 19.23, 0.00, 0.00
04/12/2024, 05:13:06, 21.40, 54.00, 116, 19.23, 0.00, 0.00
04/12/2024, 05:13:13, 21.40, 54.00, 116, 19.29, 0.00, 0.00
04/12/2024, 05:13:19, 21.40, 54.00, 116, 19.29, 0.00, 0.00
04/12/2024, 05:13:25, 21.40, 54.00, 116, 19.23, 0.00, 0.00
04/12/2024, 05:13:32, 21.40, 54.00, 116, 19.25, 0.00, 0.00
04/12/2024, 05:13:38, 21.40, 54.00, 116, 19.29, 0.00, 0.00
04/12/2024, 05:13:44, 21.40, 54.00, 116, 19.29, 0.00, 0.00
04/12/2024, 05:13:51, 21.40, 54.00, 116, 19.23, 0.00, 0.00
04/12/2024, 05:13:57, 21.40, 54.00, 116, 19.25, 0.00, 0.00
04/12/2024, 05:14:03, 21.40, 54.00, 116, 19.19, 0.00, 0.00
04/12/2024, 05:14:10, 21.40, 54.00, 116, 19.19, 0.00, 0.00
04/12/2024, 05:14:16, 21.40, 54.00, 116, 19.29, 0.00, 0.00
04/12/2024, 05:14:22, 21.40, 54.00, 116, 19.25, 0.00, 0.00
04/12/2024, 05:14:29, 21.40, 54.00, 116, 19.25, 0.00, 0.00
04/12/2024, 05:14:35, 21.40, 54.00, 116, 19.29, 0.00, 0.00
04/12/2024, 05:14:41, 21.40, 54.00, 116, 19.23, 0.00, 0.00
04/12/2024, 05:14:48, 21.40, 54.00, 116, 19.25, 0.00, 0.00
04/12/2024, 05:14:54, 21.40, 54.00, 116, 19.23, 0.00, 0.00
04/12/2024, 05:15:00, 21.40, 54.00, 116, 19.25, 0.00, 0.00
04/12/2024, 05:15:07, 21.40, 54.00, 116, 19.29, 0.00, 0.00
04/12/2024, 05:15:13, 21.40, 54.00, 116, 19.23, 0.00, 0.00
04/12/2024, 05:15:19, 21.40, 54.00, 116, 19.23, 0.00, 0.00
04/12/2024, 05:15:26, 21.40, 54.00, 116, 19.25, 0.00, 0.00
04/12/2024, 05:15:32, 21.40, 54.00, 116, 19.25, 0.00, 0.00
04/12/2024, 05:15:38, 21.40, 54.00, 116, 19.23, 0.00, 0.00
04/12/2024, 05:15:45, 21.40, 54.00, 116, 19.29, 0.00, 0.00
04/12/2024, 05:15:51, 21.40, 54.00, 116, 19.25, 0.00, 0.00
04/12/2024, 05:15:57, 21.40, 54.00, 116, 19.29, 0.00, 0.00
04/12/2024, 05:16:04, 21.40, 54.00, 116, 19.23, 0.00, 0.00
04/12/2024, 05:16:10, 21.40, 54.00, 116, 19.23, 0.00, 0.00
04/12/2024, 05:16:16, 21.40, 54.00, 116, 19.25, 0.00, 0.00
04/12/2024, 05:16:23, 21.40, 54.00, 116, 19.23, 0.00, 0.00
04/12/2024, 05:16:29, 21.40, 54.00, 116, 19.19, 0.00, 0.00
04/12/2024, 05:16:36, 21.40, 54.00, 116, 19.25, 0.00, 0.00
04/12/2024, 05:16:42, 21.40, 54.00, 116, 19.23, 0.00, 0.00
04/12/2024, 05:16:48, 21.40, 54.00, 116, 19.19, 0.00, 0.00
04/12/2024, 05:16:55, 21.40, 54.00, 116, 19.29, 0.00, 0.00
04/12/2024, 05:17:01, 21.40, 54.00, 116, 19.23, 0.00, 0.00
04/12/2024, 05:17:07, 21.40, 54.00, 116, 19.25, 0.00, 0.00
04/12/2024, 05:17:14, 21.40, 54.00, 116, 19.25, 0.00, 0.00
04/12/2024, 05:17:20, 21.40, 54.00, 116, 19.23, 0.00, 0.00
04/12/2024, 05:17:26, 21.40, 54.00, 116, 19.25, 0.00, 0.00
04/12/2024, 05:17:33, 21.40, 54.00, 116, 19.23, 0.00, 0.00
04/12/2024, 05:17:39, 21.40, 54.00, 116, 19.23, 0.00, 0.00
04/12/2024, 05:17:45, 21.40, 54.00, 116, 19.23, 0.00, 0.00
04/12/2024, 05:17:52, 21.40, 54.00, 116, 19.23, 0.00, 0.00
04/12/2024, 05:17:58, 21.40, 54.00, 116, 19.19, 0.00, 0.00
04/12/2024, 05:18:04, 21.40, 54.00, 116, 19.29, 0.00, 0.00
04/12/2024, 05:18:11, 21.40, 54.00, 116, 19.23, 0.00, 0.00
04/12/2024, 05:18:17, 21.40, 54.00, 116, 19.25, 0.00, 0.00
04/12/2024, 05:18:23, 21.40, 54.00, 116, 19.23, 0.00, 0.00
04/12/2024, 05:18:30, 21.40, 54.00, 116, 19.25, 0.00, 0.00
04/12/2024, 05:18:36, 21.40, 54.00, 116, 19.25, 0.00, 0.00
04/12/2024, 05:18:42, 21.40, 54.00, 116, 19.25, 0.00, 0.00
04/12/2024, 05:18:49, 21.40, 54.00, 116, 19.23, 0.00, 0.00
04/12/2024, 05:18:55, 21.40, 54.00, 116, 19.23, 0.00, 0.00
04/12/2024, 05:19:01, 21.40, 54.00, 116, 19.23, 0.00, 0.00
04/12/2024, 05:19:08, 21.40, 54.00, 116, 19.25, 0.00, 0.00
04/12/2024, 05:19:14, 21.40, 54.00, 116, 19.23, 0.00, 0.00
04/12/2024, 05:19:20, 21.40, 54.00, 116, 19.17, 0.00, 0.00
04/12/2024, 05:19:27, 21.40, 54.00, 116, 19.25, 0.00, 0.00
04/12/2024, 05:19:33, 21.40, 54.00, 116, 19.19, 0.00, 0.00
04/12/2024, 05:19:39, 21.40, 54.00, 116, 19.19, 0.00, 0.00
04/12/2024, 05:19:46, 21.40, 54.00, 116, 19.25, 0.00, 0.00
04/12/2024, 05:19:52, 21.40, 54.00, 116, 19.17, 0.00, 0.00
04/12/2024, 05:19:58, 21.40, 54.00, 116, 19.25, 0.00, 0.00
04/12/2024, 05:20:05, 21.40, 54.00, 116, 19.25, 0.00, 0.00
04/12/2024, 05:20:11, 21.40, 54.00, 116, 19.25, 0.00, 0.00
04/12/2024, 05:20:17, 21.40, 54.00, 119, 19.23, 0.00, 0.00
04/12/2024, 05:20:24, 21.40, 54.00, 116, 19.17, 0.00, 0.00
04/12/2024, 05:20:30, 21.40, 54.00, 116, 19.25, 0.00, 0.00
04/12/2024, 05:20:36, 21.40, 54.00, 116, 19.25, 0.00, 0.00
04/12/2024, 05:20:43, 21.40, 54.00, 116, 19.25, 0.00, 0.00
04/12/2024, 05:20:49, 21.40, 54.00, 116, 19.25, 0.00, 0.00
04/12/2024, 05:20:55, 21.40, 54.00, 116, 19.23, 0.00, 0.00
04/12/2024, 05:21:02, 21.40, 54.00, 116, 19.19, 0.00, 0.00
04/12/2024, 05:21:08, 21.40, 54.00, 116, 19.23, 0.00, 0.00
04/12/2024, 05:21:14, 21.40, 54.00, 116, 19.23, 0.00, 0.00
04/12/2024, 05:21:21, 21.40, 54.00, 119, 19.17, 0.00, 0.00
04/12/2024, 05:21:27, 21.40, 54.00, 119, 19.25, 0.00, 0.00
04/12/2024, 05:21:34, 21.40, 54.00, 119, 19.25, 0.00, 0.00
04/12/2024, 05:21:40, 21.40, 54.00, 119, 19.23, 0.00, 0.00
04/12/2024, 05:21:46, 21.40, 54.00, 119, 19.23, 0.00, 0.00
04/12/2024, 05:21:53, 21.40, 54.00, 116, 19.23, 0.00, 0.00
04/12/2024, 05:21:59, 21.40, 54.00, 119, 19.23, 0.00, 0.00
04/12/2024, 05:22:05, 21.40, 54.00, 119, 19.19, 0.00, 0.00
04/12/2024, 05:22:12, 21.40, 54.00, 116, 19.23, 0.00, 0.00
04/12/2024, 05:22:18, 21.40, 54.00, 116, 19.23, 0.00, 0.00
04/12/2024, 05:22:24, 21.40, 54.00, 119, 19.23, 0.00, 0.00
04/12/2024, 05:22:31, 21.40, 54.00, 119, 19.25, 0.00, 0.00
04/12/2024, 05:22:37, 21.40, 54.00, 122, 19.23, 0.00, 0.00
04/12/2024, 05:22:43, 21.40, 54.00, 125, 19.23, 0.00, 0.00
04/12/2024, 05:22:50, 21.40, 54.00, 125, 19.19, 0.00, 0.00
04/12/2024, 05:22:56, 21.40, 54.00, 125, 19.23, 0.00, 0.00
04/12/2024, 05:23:02, 21.40, 54.00, 122, 19.23, 0.00, 0.00
04/12/2024, 05:23:09, 21.40, 54.00, 122, 19.23, 0.00, 0.00
04/12/2024, 05:23:15, 21.40, 54.00, 122, 19.17, 0.00, 0.00
04/12/2024, 05:23:21, 21.40, 54.00, 122, 19.25, 0.00, 0.00
04/12/2024, 05:23:28, 21.40, 54.00, 119, 19.23, 0.00, 0.00
04/12/2024, 05:23:34, 21.40, 54.00, 122, 19.25, 0.00, 0.00
04/12/2024, 05:23:40, 21.40, 54.00, 119, 19.25, 0.00, 0.00
04/12/2024, 05:23:47, 21.40, 54.00, 119, 19.23, 0.00, 0.00
04/12/2024, 05:23:53, 21.40, 54.00, 119, 19.19, 0.00, 0.00
04/12/2024, 05:23:59, 21.40, 54.00, 119, 19.23, 0.00, 0.00
04/12/2024, 05:24:06, 21.40, 54.00, 122, 19.25, 0.00, 0.00
04/12/2024, 05:24:12, 21.40, 54.00, 122, 19.19, 0.00, 0.00
04/12/2024, 05:24:18, 21.40, 54.00, 119, 19.23, 0.00, 0.00
04/12/2024, 05:24:25, 21.40, 54.00, 119, 19.17, 0.00, 0.00
04/12/2024, 05:24:31, 21.40, 54.00, 122, 19.23, 0.00, 0.00
04/12/2024, 05:24:37, 21.40, 54.00, 122, 19.19, 0.00, 0.00
04/12/2024, 05:24:44, 21.40, 54.00, 122, 19.19, 0.00, 0.00
04/12/2024, 05:24:50, 21.40, 54.00, 122, 19.19, 0.00, 0.00
04/12/2024, 05:24:56, 21.40, 54.00, 122, 19.29, 0.00, 0.00
04/12/2024, 05:25:03, 21.40, 54.00, 122, 19.19, 0.00, 0.00
04/12/2024, 05:25:09, 21.40, 54.00, 122, 19.19, 0.00, 0.00
04/12/2024, 05:25:15, 21.40, 54.00, 122, 19.19, 0.00, 0.00
04/12/2024, 05:25:22, 21.40, 54.00, 122, 19.25, 0.00, 0.00
04/12/2024, 05:25:28, 21.40, 54.00, 122, 19.25, 0.00, 0.00
04/12/2024, 05:25:34, 21.40, 54.00, 122, 19.23, 0.00, 0.00
04/12/2024, 05:25:41, 21.40, 54.00, 122, 19.23, 0.00, 0.00
04/12/2024, 05:25:47, 21.40, 54.00, 122, 19.25, 0.00, 0.00
04/12/2024, 05:25:53, 21.40, 54.00, 122, 19.17, 0.00, 0.00
04/12/2024, 05:26:00, 21.40, 54.00, 122, 19.19, 0.00, 0.00
04/12/2024, 05:26:06, 21.40, 54.00, 122, 19.19, 0.00, 0.00
04/12/2024, 05:26:13, 21.40, 54.00, 122, 19.23, 0.00, 0.00
04/12/2024, 05:26:19, 21.40, 54.00, 122, 19.19, 0.00, 0.00
04/12/2024, 05:26:25, 21.40, 54.00, 122, 19.17, 0.00, 0.00
04/12/2024, 05:26:32, 21.40, 54.00, 122, 19.25, 0.00, 0.00
04/12/2024, 05:26:38, 21.40, 54.00, 122, 19.25, 0.00, 0.00
04/12/2024, 05:26:44, 21.40, 54.00, 122, 19.23, 0.00, 0.00
04/12/2024, 05:26:51, 21.40, 54.00, 122, 19.23, 0.00, 0.00
04/12/2024, 05:26:57, 21.40, 54.00, 122, 19.13, 0.00, 0.00
04/12/2024, 05:27:03, 21.40, 54.00, 122, 19.23, 0.00, 0.00
04/12/2024, 05:27:10, 21.40, 54.00, 122, 19.17, 0.00, 0.00
04/12/2024, 05:27:16, 21.40, 54.00, 125, 19.23, 0.00, 0.00
04/12/2024, 05:27:22, 21.40, 54.00, 122, 19.19, 0.00, 0.00
04/12/2024, 05:27:29, 21.40, 54.00, 122, 19.13, 0.00, 0.00
04/12/2024, 05:27:35, 21.40, 54.00, 122, 19.17, 0.00, 0.00
04/12/2024, 05:27:41, 21.40, 54.00, 122, 19.23, 0.00, 0.00
04/12/2024, 05:27:48, 21.40, 54.00, 122, 19.17, 0.00, 0.00
04/12/2024, 05:27:54, 21.40, 54.00, 122, 19.19, 0.00, 0.00
04/12/2024, 05:28:00, 21.40, 54.00, 125, 19.17, 0.00, 0.00
04/12/2024, 05:28:07, 21.40, 54.00, 122, 19.13, 0.00, 0.00
04/12/2024, 05:28:13, 21.40, 54.00, 122, 19.13, 0.00, 0.00
04/12/2024, 05:28:19, 21.40, 54.00, 125, 19.13, 0.00, 0.00
04/12/2024, 05:28:26, 21.40, 54.00, 122, 19.23, 0.00, 0.00
04/12/2024, 05:28:32, 21.40, 54.00, 122, 19.17, 0.00, 0.00
04/12/2024, 05:28:38, 21.40, 54.00, 122, 19.17, 0.00, 0.00
04/12/2024, 05:28:45, 21.40, 54.00, 122, 19.19, 0.00, 0.00
04/12/2024, 05:28:51, 21.40, 54.00, 122, 19.13, 0.00, 0.00
04/12/2024, 05:28:57, 21.40, 54.00, 125, 19.19, 0.00, 0.00
04/12/2024, 05:29:04, 21.40, 54.00, 122, 19.17, 0.00, 0.00
04/12/2024, 05:29:10, 21.40, 54.00, 122, 19.19, 0.00, 0.00
04/12/2024, 05:29:16, 21.40, 54.00, 122, 19.19, 0.00, 0.00
04/12/2024, 05:29:23, 21.40, 54.00, 125, 19.13, 0.00, 0.00
04/12/2024, 05:29:29, 21.40, 54.00, 122, 19.17, 0.00, 0.00
04/12/2024, 05:29:35, 21.40, 54.00, 122, 19.13, 0.00, 0.00
04/12/2024, 05:29:42, 21.40, 54.00, 122, 19.13, 0.00, 0.00
04/12/2024, 05:29:48, 21.40, 54.00, 122, 19.23, 0.00, 0.00
04/12/2024, 05:29:54, 21.40, 54.00, 122, 19.17, 0.00, 0.00
04/12/2024, 05:30:01, 21.40, 54.00, 122, 19.13, 0.00, 0.00
04/12/2024, 05:30:07, 21.40, 54.00, 122, 19.13, 0.00, 0.00
04/12/2024, 05:30:13, 21.40, 54.00, 125, 19.09, 0.00, 0.00
04/12/2024, 05:30:20, 21.40, 54.00, 125, 19.19, 0.00, 0.00
04/12/2024, 05:30:26, 21.40, 54.00, 125, 19.23, 0.00, 0.00
04/12/2024, 05:30:32, 21.40, 54.00, 125, 19.19, 0.00, 0.00
04/12/2024, 05:30:39, 21.40, 54.00, 122, 19.19, 0.00, 0.00
04/12/2024, 05:30:45, 21.40, 54.00, 122, 19.19, 0.00, 0.00
04/12/2024, 05:30:52, 21.40, 54.00, 125, 19.19, 0.00, 0.00
04/12/2024, 05:30:58, 21.40, 54.00, 125, 19.23, 0.00, 0.00
04/12/2024, 05:31:04, 21.40, 54.00, 125, 19.19, 0.00, 0.00
04/12/2024, 05:31:11, 21.40, 54.00, 125, 19.13, 0.00, 0.00
04/12/2024, 05:31:17, 21.40, 54.00, 125, 19.13, 0.00, 0.00
04/12/2024, 05:31:23, 21.40, 54.00, 125, 19.19, 0.00, 0.00
04/12/2024, 05:31:30, 21.40, 54.00, 125, 19.13, 0.00, 0.00
04/12/2024, 05:31:36, 21.40, 54.00, 125, 19.19, 0.00, 0.00
04/12/2024, 05:31:42, 21.40, 54.00, 125, 19.19, 0.00, 0.00
04/12/2024, 05:31:49, 21.40, 54.00, 125, 19.13, 0.00, 0.00
04/12/2024, 05:31:55, 21.40, 54.00, 125, 19.23, 0.00, 0.00
04/12/2024, 05:32:01, 21.40, 54.00, 125, 19.17, 0.00, 0.00
04/12/2024, 05:32:08, 21.40, 54.00, 125, 19.17, 0.00, 0.00
04/12/2024, 05:32:14, 21.40, 54.00, 125, 19.17, 0.00, 0.00
04/12/2024, 05:32:20, 21.40, 54.00, 125, 19.23, 0.00, 0.00
04/12/2024, 05:32:27, 21.40, 54.00, 125, 19.17, 0.00, 0.00
04/12/2024, 05:32:33, 21.40, 54.00, 125, 19.17, 0.00, 0.00
04/12/2024, 05:32:39, 21.40, 54.00, 125, 19.19, 0.00, 0.00
04/12/2024, 05:32:46, 21.40, 54.00, 125, 19.23, 0.00, 0.00
04/12/2024, 05:32:52, 21.40, 54.00, 125, 19.19, 0.00, 0.00
04/12/2024, 05:32:58, 21.40, 54.00, 125, 19.19, 0.00, 0.00
04/12/2024, 05:33:05, 21.40, 54.00, 125, 19.19, 0.00, 0.00
04/12/2024, 05:33:11, 21.40, 54.00, 125, 19.13, 0.00, 0.00
04/12/2024, 05:33:17, 21.40, 54.00, 125, 19.19, 0.00, 0.00
04/12/2024, 05:33:24, 21.40, 54.00, 125, 19.17, 0.00, 0.00
04/12/2024, 05:33:30, 21.40, 54.00, 125, 19.09, 0.00, 0.00
04/12/2024, 05:33:36, 21.40, 54.00, 125, 19.13, 0.00, 0.00
04/12/2024, 05:33:43, 21.40, 54.00, 125, 19.19, 0.00, 0.00
04/12/2024, 05:33:49, 21.40, 54.00, 125, 19.19, 0.00, 0.00
04/12/2024, 05:33:55, 21.40, 54.00, 125, 19.07, 0.00, 0.00
04/12/2024, 05:34:02, 21.40, 54.00, 125, 19.25, 0.00, 0.00
04/12/2024, 05:34:08, 21.40, 54.00, 125, 19.23, 0.00, 0.00
04/12/2024, 05:34:14, 21.40, 54.00, 125, 19.17, 0.00, 0.00
04/12/2024, 05:34:21, 21.40, 54.00, 125, 19.13, 0.00, 0.00
04/12/2024, 05:34:27, 21.40, 54.00, 125, 19.13, 0.00, 0.00
04/12/2024, 05:34:33, 21.40, 54.00, 125, 19.19, 0.00, 0.00
04/12/2024, 05:34:40, 21.40, 54.00, 125, 19.13, 0.00, 0.00
04/12/2024, 05:34:46, 21.40, 54.00, 125, 19.17, 0.00, 0.00
04/12/2024, 05:34:52, 21.40, 54.00, 125, 19.17, 0.00, 0.00
04/12/2024, 05:34:59, 21.40, 54.00, 125, 19.17, 0.00, 0.00
04/12/2024, 05:35:05, 21.40, 54.00, 125, 19.09, 0.00, 0.00
04/12/2024, 05:35:11, 21.40, 54.00, 125, 19.17, 0.00, 0.00
04/12/2024, 05:35:18, 21.40, 54.00, 125, 19.13, 0.00, 0.00
04/12/2024, 05:35:24, 21.40, 54.00, 125, 19.13, 0.00, 0.00
04/12/2024, 05:35:31, 21.40, 54.00, 125, 19.09, 0.00, 0.00
04/12/2024, 05:35:37, 21.40, 54.00, 125, 19.19, 0.00, 0.00
04/12/2024, 05:35:43, 21.40, 54.00, 125, 19.03, 0.00, 0.00
04/12/2024, 05:35:50, 21.40, 54.00, 125, 19.17, 0.00, 0.00
04/12/2024, 05:35:56, 21.40, 54.00, 125, 19.07, 0.00, 0.00
04/12/2024, 05:36:02, 21.40, 54.00, 125, 19.23, 0.00, 0.00
04/12/2024, 05:36:09, 21.40, 54.00, 125, 19.13, 0.00, 0.00
04/12/2024, 05:36:15, 21.40, 54.00, 125, 19.17, 0.00, 0.00
04/12/2024, 05:36:21, 21.40, 54.00, 125, 19.17, 0.00, 0.00
04/12/2024, 05:36:28, 21.40, 54.00, 125, 19.09, 0.00, 0.00
04/12/2024, 05:36:34, 21.40, 54.00, 135, 19.17, 0.00, 0.00
04/12/2024, 05:36:40, 21.40, 54.00, 150, 19.19, 0.00, 0.00
04/12/2024, 05:36:47, 21.40, 54.00, 146, 19.19, 0.00, 0.00
04/12/2024, 05:36:53, 21.40, 54.00, 146, 19.09, 0.00, 0.00
04/12/2024, 05:36:59, 21.40, 54.00, 139, 19.13, 0.00, 0.00
04/12/2024, 05:37:06, 21.40, 54.00, 132, 19.17, 0.00, 0.00
04/12/2024, 05:37:12, 21.40, 54.00, 132, 19.17, 0.00, 0.00
04/12/2024, 05:37:18, 21.40, 54.00, 129, 19.13, 0.00, 0.00
04/12/2024, 05:37:25, 21.40, 54.00, 129, 19.19, 0.00, 0.00
04/12/2024, 05:37:31, 21.40, 54.00, 129, 19.13, 0.00, 0.00
04/12/2024, 05:37:37, 21.40, 54.00, 129, 19.17, 0.00, 0.00
04/12/2024, 05:37:44, 21.40, 54.00, 129, 19.17, 0.00, 0.00
04/12/2024, 05:37:50, 21.40, 54.00, 125, 19.17, 0.00, 0.00
04/12/2024, 05:37:56, 21.40, 54.00, 129, 19.17, 0.00, 0.00
04/12/2024, 05:38:03, 21.40, 54.00, 129, 19.13, 0.00, 0.00
04/12/2024, 05:38:09, 21.40, 54.00, 129, 19.17, 0.00, 0.00
04/12/2024, 05:38:15, 21.40, 54.00, 129, 19.09, 0.00, 0.00
04/12/2024, 05:38:22, 21.40, 54.00, 129, 19.17, 0.00, 0.00
04/12/2024, 05:38:28, 21.40, 54.00, 129, 19.13, 0.00, 0.00
04/12/2024, 05:38:34, 21.40, 54.00, 129, 19.17, 0.00, 0.00
04/12/2024, 05:38:41, 21.40, 54.00, 129, 19.09, 0.00, 0.00
04/12/2024, 05:38:47, 21.40, 54.00, 129, 19.09, 0.00, 0.00
04/12/2024, 05:38:53, 21.40, 54.00, 129, 19.09, 0.00, 0.00
04/12/2024, 05:39:00, 21.40, 54.00, 129, 19.09, 0.00, 0.00
04/12/2024, 05:39:06, 21.40, 54.00, 129, 19.09, 0.00, 0.00
04/12/2024, 05:39:12, 21.40, 54.00, 129, 19.13, 0.00, 0.00
04/12/2024, 05:39:19, 21.40, 54.00, 129, 19.13, 0.00, 0.00
04/12/2024, 05:39:25, 21.40, 54.00, 129, 19.13, 0.00, 0.00
04/12/2024, 05:39:31, 21.40, 54.00, 129, 19.13, 0.00, 0.00
04/12/2024, 05:39:38, 21.40, 54.00, 129, 19.19, 0.00, 0.00
04/12/2024, 05:39:44, 21.40, 54.00, 129, 19.13, 0.00, 0.00
04/12/2024, 05:39:51, 21.40, 54.00, 129, 19.09, 0.00, 0.00
04/12/2024, 05:39:57, 21.40, 54.00, 129, 19.13, 0.00, 0.00
04/12/2024, 05:40:03, 21.40, 54.00, 129, 19.17, 0.00, 0.00
04/12/2024, 05:40:10, 21.40, 54.00, 129, 19.13, 0.00, 0.00
04/12/2024, 05:40:16, 21.40, 54.00, 129, 19.07, 0.00, 0.00
04/12/2024, 05:40:22, 21.40, 54.00, 129, 19.09, 0.00, 0.00
04/12/2024, 05:40:29, 21.40, 54.00, 129, 19.13, 0.00, 0.00
04/12/2024, 05:40:35, 21.40, 54.00, 129, 19.09, 0.00, 0.00
04/12/2024, 05:40:41, 21.40, 54.00, 129, 19.19, 0.00, 0.00
04/12/2024, 05:40:48, 21.40, 54.00, 129, 19.13, 0.00, 0.00
04/12/2024, 05:40:54, 21.40, 54.00, 129, 19.07, 0.00, 0.00
04/12/2024, 05:41:00, 21.40, 54.00, 129, 19.17, 0.00, 0.00
04/12/2024, 05:41:07, 21.40, 54.00, 129, 19.07, 0.00, 0.00
04/12/2024, 05:41:13, 21.40, 54.00, 129, 19.09, 0.00, 0.00
04/12/2024, 05:41:19, 21.40, 54.00, 129, 19.13, 0.00, 0.00
04/12/2024, 05:41:26, 21.40, 54.00, 129, 19.13, 0.00, 0.00
04/12/2024, 05:41:32, 21.40, 54.00, 129, 19.09, 0.00, 0.00
04/12/2024, 05:41:38, 21.40, 54.00, 132, 19.07, 0.00, 0.00
04/12/2024, 05:41:45, 21.40, 54.00, 132, 19.17, 0.00, 0.00
04/12/2024, 05:41:51, 21.40, 54.00, 132, 19.07, 0.00, 0.00
04/12/2024, 05:41:57, 21.40, 54.00, 132, 19.17, 0.00, 0.00
04/12/2024, 05:42:04, 21.40, 54.00, 132, 19.09, 0.00, 0.00
04/12/2024, 05:42:10, 21.40, 54.00, 132, 19.09, 0.00, 0.00
04/12/2024, 05:42:16, 21.40, 54.00, 132, 19.09, 0.00, 0.00
04/12/2024, 05:42:23, 21.40, 54.00, 132, 19.07, 0.00, 0.00
04/12/2024, 05:42:29, 21.40, 54.00, 132, 19.09, 0.00, 0.00
04/12/2024, 05:42:35, 21.40, 54.00, 132, 19.09, 0.00, 0.00
04/12/2024, 05:42:42, 21.40, 54.00, 132, 19.09, 0.00, 0.00
04/12/2024, 05:42:48, 21.40, 54.00, 132, 19.13, 0.00, 0.00
04/12/2024, 05:42:54, 21.40, 54.00, 132, 19.17, 0.00, 0.00
04/12/2024, 05:43:01, 21.40, 54.00, 132, 19.13, 0.00, 0.00
04/12/2024, 05:43:07, 21.40, 54.00, 129, 19.13, 0.00, 0.00
04/12/2024, 05:43:13, 21.40, 54.00, 132, 19.17, 0.00, 0.00
04/12/2024, 05:43:20, 21.40, 54.00, 132, 19.13, 0.00, 0.00
04/12/2024, 05:43:26, 21.40, 54.00, 132, 19.07, 0.00, 0.00
04/12/2024, 05:43:32, 21.40, 54.00, 129, 19.13, 0.00, 0.00
04/12/2024, 05:43:39, 21.40, 54.00, 132, 19.13, 0.00, 0.00
04/12/2024, 05:43:45, 21.40, 54.00, 132, 19.13, 0.00, 0.00
04/12/2024, 05:43:51, 21.40, 54.00, 132, 19.09, 0.00, 0.00
04/12/2024, 05:43:58, 21.40, 54.00, 129, 19.09, 0.00, 0.00
04/12/2024, 05:44:04, 21.40, 54.00, 132, 19.09, 0.00, 0.00
04/12/2024, 05:44:10, 21.40, 54.00, 132, 19.03, 0.00, 0.00
04/12/2024, 05:44:17, 21.40, 54.00, 132, 19.09, 0.00, 0.00
04/12/2024, 05:44:23, 21.40, 54.00, 132, 19.01, 0.00, 0.00
04/12/2024, 05:44:30, 21.40, 54.00, 132, 19.17, 0.00, 0.00
04/12/2024, 05:44:36, 21.40, 54.00, 132, 19.03, 0.00, 0.00
04/12/2024, 05:44:42, 21.40, 54.00, 132, 19.09, 0.00, 0.00
04/12/2024, 05:44:49, 21.40, 54.00, 132, 19.09, 0.00, 0.00
04/12/2024, 05:44:55, 21.40, 54.00, 132, 19.09, 0.00, 0.00
04/12/2024, 05:45:01, 21.40, 54.00, 132, 19.13, 0.00, 0.00
04/12/2024, 05:45:08, 21.40, 54.00, 132, 19.09, 0.00, 0.00
04/12/2024, 05:45:14, 21.40, 54.00, 132, 19.13, 0.00, 0.00
04/12/2024, 05:45:20, 21.40, 54.00, 132, 19.09, 0.00, 0.00
04/12/2024, 05:45:27, 21.40, 54.00, 132, 19.17, 0.00, 0.00
04/12/2024, 05:45:33, 21.40, 54.00, 132, 19.13, 0.00, 0.00
04/12/2024, 05:45:39, 21.40, 54.00, 132, 19.13, 0.00, 0.00
04/12/2024, 05:45:46, 21.40, 54.00, 132, 19.13, 0.00, 0.00
04/12/2024, 05:45:52, 21.40, 54.00, 132, 19.09, 0.00, 0.00
04/12/2024, 05:45:58, 21.40, 54.00, 132, 19.03, 0.00, 0.00
04/12/2024, 05:46:05, 21.40, 54.00, 135, 19.09, 0.00, 0.00
04/12/2024, 05:46:11, 21.40, 54.00, 132, 19.07, 0.00, 0.00
04/12/2024, 05:46:17, 21.40, 54.00, 135, 19.13, 0.00, 0.00
04/12/2024, 05:46:24, 21.40, 54.00, 135, 19.13, 0.00, 0.00
04/12/2024, 05:46:30, 21.40, 54.00, 132, 19.17, 0.00, 0.00
04/12/2024, 05:46:36, 21.40, 54.00, 135, 19.13, 0.00, 0.00
04/12/2024, 05:46:43, 21.40, 54.00, 135, 19.09, 0.00, 0.00
04/12/2024, 05:46:49, 21.40, 54.00, 132, 19.13, 0.00, 0.00
04/12/2024, 05:46:55, 21.40, 55.00, 132, 19.17, 0.00, 0.00
04/12/2024, 05:47:02, 21.40, 55.00, 135, 19.09, 0.00, 0.00
04/12/2024, 05:47:08, 21.40, 55.00, 135, 19.07, 0.00, 0.00
04/12/2024, 05:47:14, 21.40, 55.00, 135, 19.09, 0.00, 0.00
04/12/2024, 05:47:21, 21.40, 55.00, 135, 19.13, 0.00, 0.00
04/12/2024, 05:47:27, 21.40, 55.00, 135, 19.07, 0.00, 0.00
04/12/2024, 05:47:33, 21.40, 55.00, 135, 19.09, 0.00, 0.00
04/12/2024, 05:47:40, 21.40, 55.00, 135, 19.17, 0.00, 0.00
04/12/2024, 05:47:46, 21.40, 55.00, 135, 19.07, 0.00, 0.00
04/12/2024, 05:47:52, 21.40, 55.00, 135, 19.09, 0.00, 0.00
04/12/2024, 05:47:59, 21.40, 55.00, 135, 19.07, 0.00, 0.00
04/12/2024, 05:48:05, 21.40, 55.00, 135, 19.07, 0.00, 0.00
04/12/2024, 05:48:11, 21.40, 55.00, 135, 19.03, 0.00, 0.00
04/12/2024, 05:48:18, 21.40, 55.00, 135, 19.09, 0.00, 0.00
04/12/2024, 05:48:24, 21.40, 55.00, 135, 19.13, 0.00, 0.00
04/12/2024, 05:48:30, 21.40, 55.00, 135, 19.17, 0.00, 0.00
04/12/2024, 05:48:37, 21.40, 55.00, 135, 19.17, 0.00, 0.00
04/12/2024, 05:48:43, 21.40, 55.00, 132, 19.09, 0.00, 0.00
04/12/2024, 05:48:49, 21.40, 55.00, 135, 19.13, 0.00, 0.00
04/12/2024, 05:48:56, 21.40, 55.00, 135, 19.13, 0.00, 0.00
04/12/2024, 05:49:02, 21.40, 55.00, 135, 19.09, 0.00, 0.00
04/12/2024, 05:49:09, 21.40, 55.00, 135, 19.07, 0.00, 0.00
04/12/2024, 05:49:15, 21.40, 55.00, 135, 19.09, 0.00, 0.00
04/12/2024, 05:49:21, 21.40, 55.00, 135, 19.13, 0.00, 0.00
04/12/2024, 05:49:28, 21.40, 55.00, 132, 19.13, 0.00, 0.00
04/12/2024, 05:49:34, 21.40, 55.00, 132, 19.07, 0.00, 0.00
04/12/2024, 05:49:40, 21.40, 55.00, 132, 19.09, 0.00, 0.00
04/12/2024, 05:49:47, 21.40, 55.00, 135, 19.09, 0.00, 0.00
04/12/2024, 05:49:53, 21.40, 55.00, 132, 19.09, 0.00, 0.00
04/12/2024, 05:49:59, 21.40, 55.00, 132, 19.09, 0.00, 0.00
04/12/2024, 05:50:06, 21.40, 55.00, 132, 19.17, 0.00, 0.00
04/12/2024, 05:50:12, 21.40, 54.00, 132, 19.09, 0.00, 0.00
04/12/2024, 05:50:18, 21.40, 54.00, 132, 19.09, 0.00, 0.00
04/12/2024, 05:50:25, 21.40, 54.00, 132, 19.09, 0.00, 0.00
04/12/2024, 05:50:31, 21.40, 54.00, 132, 19.13, 0.00, 0.00
04/12/2024, 05:50:37, 21.40, 54.00, 132, 18.95, 0.00, 0.00
04/12/2024, 05:50:44, 21.40, 54.00, 132, 19.13, 0.00, 0.00
04/12/2024, 05:50:50, 21.40, 54.00, 132, 19.09, 0.00, 0.00
04/12/2024, 05:50:56, 21.40, 54.00, 132, 19.07, 0.00, 0.00
04/12/2024, 05:51:03, 21.40, 54.00, 132, 19.09, 0.00, 0.00
04/12/2024, 05:51:09, 21.40, 54.00, 132, 19.07, 0.00, 0.00
04/12/2024, 05:51:15, 21.40, 54.00, 132, 19.09, 0.00, 0.00
04/12/2024, 05:51:22, 21.40, 54.00, 132, 19.07, 0.00, 0.00
04/12/2024, 05:51:28, 21.40, 54.00, 132, 19.03, 0.00, 0.00
04/12/2024, 05:51:34, 21.40, 54.00, 132, 19.03, 0.00, 0.00
04/12/2024, 05:51:41, 21.40, 54.00, 132, 19.07, 0.00, 0.00
04/12/2024, 05:51:47, 21.40, 54.00, 132, 19.09, 0.00, 0.00
04/12/2024, 05:51:53, 21.40, 54.00, 132, 19.03, 0.00, 0.00
04/12/2024, 05:52:00, 21.40, 54.00, 132, 19.03, 0.00, 0.00
04/12/2024, 05:52:06, 21.40, 54.00, 132, 19.07, 0.00, 0.00
04/12/2024, 05:52:12, 21.40, 54.00, 132, 19.09, 0.00, 0.00
04/12/2024, 05:52:19, 21.40, 54.00, 132, 19.07, 0.00, 0.00
04/12/2024, 05:52:25, 21.40, 54.00, 132, 19.03, 0.00, 0.00
04/12/2024, 05:52:31, 21.40, 54.00, 132, 19.01, 0.00, 0.00
04/12/2024, 05:52:38, 21.40, 54.00, 132, 19.09, 0.00, 0.00
04/12/2024, 05:52:44, 21.40, 54.00, 132, 19.03, 0.00, 0.00
04/12/2024, 05:52:50, 21.40, 54.00, 132, 19.07, 0.00, 0.00
04/12/2024, 05:52:57, 21.40, 54.00, 132, 19.07, 0.00, 0.00
04/12/2024, 05:53:03, 21.40, 54.00, 132, 19.17, 0.00, 0.00
04/12/2024, 05:53:09, 21.40, 54.00, 132, 19.09, 0.00, 0.00
04/12/2024, 05:53:16, 21.40, 54.00, 132, 19.01, 0.00, 0.00
04/12/2024, 05:53:22, 21.40, 54.00, 132, 19.09, 0.00, 0.00
04/12/2024, 05:53:29, 21.40, 54.00, 132, 19.07, 0.00, 0.00
04/12/2024, 05:53:35, 21.40, 54.00, 132, 19.13, 0.00, 0.00
04/12/2024, 05:53:41, 21.40, 54.00, 132, 19.07, 0.00, 0.00
04/12/2024, 05:53:48, 21.40, 54.00, 132, 19.03, 0.00, 0.00
04/12/2024, 05:53:54, 21.40, 54.00, 132, 19.07, 0.00, 0.00
04/12/2024, 05:54:00, 21.40, 54.00, 132, 19.03, 0.00, 0.00
04/12/2024, 05:54:07, 21.40, 54.00, 132, 19.03, 0.00, 0.00
04/12/2024, 05:54:13, 21.40, 54.00, 132, 19.03, 0.00, 0.00
04/12/2024, 05:54:19, 21.40, 54.00, 132, 19.09, 0.00, 0.00
04/12/2024, 05:54:26, 21.40, 54.00, 132, 19.13, 0.00, 0.00
04/12/2024, 05:54:32, 21.40, 54.00, 132, 19.07, 0.00, 0.00
04/12/2024, 05:54:38, 21.40, 54.00, 132, 19.03, 0.00, 0.00
04/12/2024, 05:54:45, 21.40, 54.00, 132, 19.01, 0.00, 0.00
04/12/2024, 05:54:51, 21.40, 54.00, 132, 19.03, 0.00, 0.00
04/12/2024, 05:54:57, 21.40, 54.00, 132, 19.13, 0.00, 0.00
04/12/2024, 05:55:04, 21.40, 54.00, 132, 19.07, 0.00, 0.00
04/12/2024, 05:55:10, 21.40, 54.00, 132, 19.09, 0.00, 0.00
04/12/2024, 05:55:16, 21.40, 54.00, 132, 19.03, 0.00, 0.00
04/12/2024, 05:55:23, 21.40, 54.00, 132, 19.07, 0.00, 0.00
04/12/2024, 05:55:29, 21.40, 54.00, 132, 19.13, 0.00, 0.00
04/12/2024, 05:55:35, 21.40, 54.00, 132, 19.03, 0.00, 0.00
04/12/2024, 05:55:42, 21.40, 54.00, 132, 19.03, 0.00, 0.00
04/12/2024, 05:55:48, 21.40, 54.00, 132, 19.09, 0.00, 0.00
04/12/2024, 05:55:54, 21.40, 54.00, 132, 19.03, 0.00, 0.00
04/12/2024, 05:56:01, 21.40, 54.00, 132, 19.09, 0.00, 0.00
04/12/2024, 05:56:07, 21.40, 54.00, 132, 19.07, 0.00, 0.00
04/12/2024, 05:56:13, 21.40, 54.00, 132, 19.03, 0.00, 0.00
04/12/2024, 05:56:20, 21.40, 54.00, 132, 19.09, 0.00, 0.00
04/12/2024, 05:56:26, 21.40, 54.00, 132, 19.03, 0.00, 0.00
04/12/2024, 05:56:32, 21.40, 54.00, 132, 19.07, 0.00, 0.00
04/12/2024, 05:56:39, 21.40, 54.00, 132, 19.09, 0.00, 0.00
04/12/2024, 05:56:45, 21.40, 54.00, 132, 19.03, 0.00, 0.00
04/12/2024, 05:56:51, 21.40, 54.00, 132, 19.07, 0.00, 0.00
04/12/2024, 05:56:58, 21.40, 54.00, 132, 19.03, 0.00, 0.00
04/12/2024, 05:57:04, 21.40, 54.00, 132, 19.09, 0.00, 0.00
04/12/2024, 05:57:10, 21.40, 54.00, 132, 19.01, 0.00, 0.00
04/12/2024, 05:57:17, 21.40, 54.00, 132, 19.03, 0.00, 0.00
04/12/2024, 05:57:23, 21.40, 54.00, 132, 19.07, 0.00, 0.00
04/12/2024, 05:57:29, 21.40, 54.00, 132, 19.07, 0.00, 0.00
04/12/2024, 05:57:36, 21.40, 54.00, 132, 19.03, 0.00, 0.00
04/12/2024, 05:57:42, 21.40, 54.00, 132, 19.07, 0.00, 0.00
04/12/2024, 05:57:48, 21.40, 54.00, 132, 19.03, 0.00, 0.00
04/12/2024, 05:57:55, 21.40, 54.00, 132, 19.03, 0.00, 0.00
04/12/2024, 05:58:01, 21.40, 54.00, 132, 19.03, 0.00, 0.00
04/12/2024, 05:58:08, 21.40, 54.00, 132, 19.01, 0.00, 0.00
04/12/2024, 05:58:14, 21.40, 54.00, 132, 19.07, 0.00, 0.00
04/12/2024, 05:58:20, 21.40, 54.00, 132, 19.03, 0.00, 0.00
04/12/2024, 05:58:27, 21.40, 54.00, 132, 19.01, 0.00, 0.00
04/12/2024, 05:58:33, 21.40, 54.00, 132, 19.07, 0.00, 0.00
04/12/2024, 05:58:39, 21.40, 54.00, 132, 19.07, 0.00, 0.00
04/12/2024, 05:58:46, 21.40, 54.00, 132, 19.07, 0.00, 0.00
04/12/2024, 05:58:52, 21.40, 54.00, 132, 19.01, 0.00, 0.00
04/12/2024, 05:58:58, 21.40, 54.00, 132, 19.01, 0.00, 0.00
04/12/2024, 05:59:05, 21.40, 54.00, 135, 19.03, 0.00, 0.00
04/12/2024, 05:59:11, 21.40, 54.00, 132, 19.01, 0.00, 0.00
04/12/2024, 05:59:17, 21.40, 54.00, 135, 19.01, 0.00, 0.00
04/12/2024, 05:59:24, 21.40, 54.00, 132, 19.07, 0.00, 0.00
04/12/2024, 05:59:30, 21.40, 54.00, 135, 19.01, 0.00, 0.00
04/12/2024, 05:59:36, 21.40, 54.00, 132, 19.07, 0.00, 0.00
04/12/2024, 05:59:43, 21.40, 54.00, 135, 19.07, 0.00, 0.00
04/12/2024, 05:59:49, 21.40, 54.00, 135, 19.03, 0.00, 0.00
04/12/2024, 05:59:55, 21.40, 54.00, 132, 19.09, 0.00, 0.00
04/12/2024, 06:00:02, 21.40, 54.00, 132, 19.09, 0.00, 0.00
04/12/2024, 06:00:08, 21.40, 54.00, 132, 19.01, 0.00, 0.00
04/12/2024, 06:00:14, 21.40, 54.00, 132, 19.01, 0.00, 0.00
04/12/2024, 06:00:21, 21.40, 54.00, 135, 19.07, 0.00, 0.00
04/12/2024, 06:00:27, 21.40, 54.00, 132, 19.01, 0.00, 0.00
04/12/2024, 06:00:33, 21.40, 54.00, 135, 19.03, 0.00, 0.00
04/12/2024, 06:00:40, 21.40, 54.00, 135, 19.03, 0.00, 0.00
04/12/2024, 06:00:46, 21.40, 54.00, 135, 19.07, 0.00, 0.00
04/12/2024, 06:00:52, 21.40, 54.00, 135, 19.07, 0.00, 0.00
04/12/2024, 06:00:59, 21.40, 54.00, 132, 19.03, 0.00, 0.00
04/12/2024, 06:01:05, 21.40, 54.00, 132, 19.07, 0.00, 0.00
04/12/2024, 06:01:11, 21.40, 55.00, 132, 19.07, 0.00, 0.00
04/12/2024, 06:01:18, 21.40, 55.00, 132, 19.01, 0.00, 0.00
04/12/2024, 06:01:24, 21.40, 55.00, 135, 19.01, 0.00, 0.00
04/12/2024, 06:01:30, 21.40, 55.00, 135, 19.07, 0.00, 0.00
04/12/2024, 06:01:37, 21.40, 55.00, 135, 19.07, 0.00, 0.00
04/12/2024, 06:01:43, 21.40, 55.00, 135, 19.07, 0.00, 0.00
04/12/2024, 06:01:49, 21.40, 55.00, 135, 19.01, 0.00, 0.00
04/12/2024, 06:01:56, 21.40, 55.00, 135, 19.03, 0.00, 0.00
04/12/2024, 06:02:02, 21.40, 55.00, 135, 19.07, 0.00, 0.00
04/12/2024, 06:02:08, 21.40, 55.00, 135, 18.97, 0.00, 0.00
04/12/2024, 06:02:15, 21.40, 55.00, 135, 19.03, 0.00, 0.00
04/12/2024, 06:02:21, 21.40, 55.00, 135, 19.03, 0.00, 0.00
04/12/2024, 06:02:28, 21.40, 55.00, 135, 18.97, 0.00, 0.00
04/12/2024, 06:02:34, 21.40, 55.00, 135, 19.03, 0.00, 0.00
04/12/2024, 06:02:40, 21.40, 55.00, 135, 19.03, 0.00, 0.00
04/12/2024, 06:02:47, 21.40, 55.00, 135, 19.07, 0.00, 0.00
04/12/2024, 06:02:53, 21.40, 55.00, 135, 19.01, 0.00, 0.00
04/12/2024, 06:02:59, 21.40, 55.00, 135, 19.01, 0.00, 0.00
04/12/2024, 06:03:06, 21.40, 55.00, 135, 19.03, 0.00, 0.00
04/12/2024, 06:03:12, 21.40, 55.00, 135, 19.01, 0.00, 0.00
04/12/2024, 06:03:18, 21.40, 55.00, 135, 19.01, 0.00, 0.00
04/12/2024, 06:03:25, 21.40, 55.00, 135, 19.03, 0.00, 0.00
04/12/2024, 06:03:31, 21.40, 55.00, 135, 19.03, 0.00, 0.00
04/12/2024, 06:03:37, 21.40, 55.00, 135, 19.07, 0.00, 0.00
04/12/2024, 06:03:44, 21.40, 55.00, 135, 19.03, 0.00, 0.00
04/12/2024, 06:03:50, 21.40, 55.00, 135, 19.07, 0.00, 0.00
04/12/2024, 06:03:56, 21.40, 55.00, 135, 19.07, 0.00, 0.00
04/12/2024, 06:04:03, 21.40, 55.00, 135, 18.95, 0.00, 0.00
04/12/2024, 06:04:09, 21.40, 55.00, 135, 19.09, 0.00, 0.00
04/12/2024, 06:04:15, 21.40, 55.00, 135, 19.03, 0.00, 0.00
04/12/2024, 06:04:22, 21.40, 55.00, 135, 19.03, 0.00, 0.00
04/12/2024, 06:04:28, 21.40, 55.00, 135, 19.07, 0.00, 0.00
04/12/2024, 06:04:34, 21.40, 55.00, 135, 18.95, 0.00, 0.00
04/12/2024, 06:04:41, 21.40, 55.00, 135, 19.07, 0.00, 0.00
04/12/2024, 06:04:47, 21.40, 55.00, 135, 19.01, 0.00, 0.00
04/12/2024, 06:04:53, 21.40, 55.00, 135, 19.07, 0.00, 0.00
04/12/2024, 06:05:00, 21.40, 55.00, 135, 19.07, 0.00, 0.00
04/12/2024, 06:05:06, 21.40, 55.00, 135, 19.01, 0.00, 0.00
04/12/2024, 06:05:12, 21.40, 55.00, 135, 19.07, 0.00, 0.00
04/12/2024, 06:05:19, 21.40, 55.00, 135, 19.07, 0.00, 0.00
04/12/2024, 06:05:25, 21.40, 55.00, 135, 18.97, 0.00, 0.00
04/12/2024, 06:05:31, 21.40, 54.00, 135, 18.97, 0.00, 0.00
04/12/2024, 06:05:38, 21.40, 54.00, 135, 19.01, 0.00, 0.00
04/12/2024, 06:05:44, 21.40, 54.00, 135, 19.03, 0.00, 0.00
04/12/2024, 06:05:50, 21.40, 54.00, 135, 19.01, 0.00, 0.00
04/12/2024, 06:05:57, 21.40, 55.00, 135, 19.03, 0.00, 0.00
04/12/2024, 06:06:03, 21.40, 55.00, 135, 19.07, 0.00, 0.00
04/12/2024, 06:06:09, 21.40, 54.00, 135, 19.07, 0.00, 0.00
04/12/2024, 06:06:16, 21.40, 54.00, 135, 19.01, 0.00, 0.00
04/12/2024, 06:06:22, 21.40, 54.00, 135, 19.03, 0.00, 0.00
04/12/2024, 06:06:28, 21.40, 54.00, 135, 19.07, 0.00, 0.00
04/12/2024, 06:06:35, 21.40, 54.00, 135, 18.97, 0.00, 0.00
04/12/2024, 06:06:41, 21.40, 54.00, 135, 19.01, 0.00, 0.00
04/12/2024, 06:06:47, 21.40, 54.00, 135, 18.97, 0.00, 0.00
04/12/2024, 06:06:54, 21.40, 54.00, 135, 18.97, 0.00, 0.00
04/12/2024, 06:07:00, 21.40, 54.00, 135, 19.01, 0.00, 0.00
04/12/2024, 06:07:07, 21.40, 54.00, 135, 19.01, 0.00, 0.00
04/12/2024, 06:07:13, 21.40, 54.00, 135, 19.03, 0.00, 0.00
04/12/2024, 06:07:19, 21.40, 54.00, 135, 18.97, 0.00, 0.00
04/12/2024, 06:07:26, 21.40, 54.00, 132, 19.07, 0.00, 0.00
04/12/2024, 06:07:32, 21.40, 54.00, 135, 19.01, 0.00, 0.00
04/12/2024, 06:07:38, 21.40, 54.00, 135, 19.03, 0.00, 0.00
04/12/2024, 06:07:45, 21.40, 54.00, 132, 18.97, 0.00, 0.00
04/12/2024, 06:07:51, 21.40, 54.00, 132, 19.03, 0.00, 0.00
04/12/2024, 06:07:57, 21.40, 54.00, 132, 19.03, 0.00, 0.00
04/12/2024, 06:08:04, 21.40, 54.00, 132, 19.03, 0.00, 0.00
04/12/2024, 06:08:10, 21.40, 54.00, 132, 18.97, 0.00, 0.00
04/12/2024, 06:08:16, 21.40, 54.00, 135, 19.03, 0.00, 0.00
04/12/2024, 06:08:23, 21.40, 54.00, 132, 19.07, 0.00, 0.00
04/12/2024, 06:08:29, 21.40, 54.00, 132, 19.01, 0.00, 0.00
04/12/2024, 06:08:35, 21.40, 54.00, 135, 19.03, 0.00, 0.00
04/12/2024, 06:08:42, 21.40, 54.00, 132, 19.03, 0.00, 0.00
04/12/2024, 06:08:48, 21.40, 54.00, 132, 19.03, 0.00, 0.00
04/12/2024, 06:08:54, 21.40, 54.00, 132, 19.03, 0.00, 0.00
04/12/2024, 06:09:01, 21.40, 54.00, 132, 19.01, 0.00, 0.00
04/12/2024, 06:09:07, 21.40, 54.00, 132, 19.01, 0.00, 0.00
04/12/2024, 06:09:13, 21.40, 54.00, 132, 19.01, 0.00, 0.00
04/12/2024, 06:09:20, 21.40, 54.00, 132, 19.01, 0.00, 0.00
04/12/2024, 06:09:26, 21.40, 54.00, 132, 18.91, 0.00, 0.00
04/12/2024, 06:09:32, 21.40, 54.00, 135, 18.97, 0.00, 0.00
04/12/2024, 06:09:39, 21.40, 54.00, 132, 19.01, 0.00, 0.00
04/12/2024, 06:09:45, 21.40, 54.00, 135, 19.03, 0.00, 0.00
04/12/2024, 06:09:51, 21.40, 54.00, 132, 19.07, 0.00, 0.00
04/12/2024, 06:09:58, 21.40, 54.00, 135, 18.97, 0.00, 0.00
04/12/2024, 06:10:04, 21.40, 54.00, 135, 19.03, 0.00, 0.00
04/12/2024, 06:10:10, 21.40, 54.00, 135, 18.97, 0.00, 0.00
04/12/2024, 06:10:17, 21.40, 54.00, 135, 18.97, 0.00, 0.00
04/12/2024, 06:10:23, 21.40, 54.00, 135, 18.97, 0.00, 0.00
04/12/2024, 06:10:29, 21.40, 54.00, 135, 18.97, 0.00, 0.00
04/12/2024, 06:10:36, 21.40, 54.00, 135, 19.03, 0.00, 0.00
04/12/2024, 06:10:42, 21.40, 54.00, 135, 19.03, 0.00, 0.00
04/12/2024, 06:10:48, 21.40, 54.00, 135, 19.03, 0.00, 0.00
04/12/2024, 06:10:55, 21.40, 54.00, 135, 19.01, 0.00, 0.00
04/12/2024, 06:11:01, 21.40, 54.00, 135, 19.01, 0.00, 0.00
04/12/2024, 06:11:07, 21.40, 54.00, 135, 19.01, 0.00, 0.00
04/12/2024, 06:11:14, 21.40, 54.00, 135, 18.97, 0.00, 0.00
04/12/2024, 06:11:20, 21.40, 54.00, 135, 19.01, 0.00, 0.00
04/12/2024, 06:11:26, 21.40, 54.00, 135, 19.01, 0.00, 0.00
04/12/2024, 06:11:33, 21.40, 54.00, 132, 19.01, 0.00, 0.00
04/12/2024, 06:11:39, 21.40, 54.00, 135, 19.01, 0.00, 0.00
04/12/2024, 06:11:46, 21.40, 54.00, 135, 19.01, 0.00, 0.00
04/12/2024, 06:11:52, 21.40, 54.00, 135, 19.01, 0.00, 0.00
04/12/2024, 06:11:58, 21.40, 54.00, 135, 18.97, 0.00, 0.00
04/12/2024, 06:12:05, 21.40, 54.00, 135, 19.07, 0.00, 0.00
04/12/2024, 06:12:11, 21.40, 54.00, 135, 19.03, 0.00, 0.00
04/12/2024, 06:12:17, 21.40, 54.00, 135, 19.01, 0.00, 0.00
04/12/2024, 06:12:24, 21.40, 54.00, 135, 18.97, 0.00, 0.00
04/12/2024, 06:12:30, 21.40, 54.00, 132, 19.01, 0.00, 0.00
04/12/2024, 06:12:36, 21.40, 54.00, 135, 19.03, 0.00, 0.00
04/12/2024, 06:12:43, 21.40, 54.00, 132, 18.97, 0.00, 0.00
04/12/2024, 06:12:55, 21.40, 54.00, 135, 18.97, 0.00, 0.00
04/12/2024, 06:13:02, 21.40, 54.00, 132, 19.01, 0.00, 0.00
04/12/2024, 06:13:08, 21.40, 54.00, 132, 19.03, 0.00, 0.00
04/12/2024, 06:13:14, 21.40, 54.00, 132, 19.01, 0.00, 0.00
04/12/2024, 06:13:21, 21.40, 54.00, 132, 18.97, 0.00, 0.00
04/12/2024, 06:13:27, 21.40, 54.00, 132, 18.97, 0.00, 0.00
04/12/2024, 06:13:33, 21.40, 54.00, 132, 19.01, 0.00, 0.00
04/12/2024, 06:13:40, 21.40, 54.00, 132, 19.03, 0.00, 0.00
04/12/2024, 06:13:46, 21.40, 54.00, 135, 19.03, 0.00, 0.00
04/12/2024, 06:13:52, 21.40, 54.00, 135, 18.97, 0.00, 0.00
04/12/2024, 06:13:59, 21.40, 54.00, 135, 18.95, 0.00, 0.00
04/12/2024, 06:14:05, 21.40, 54.00, 135, 18.97, 0.00, 0.00
04/12/2024, 06:14:11, 21.40, 54.00, 135, 19.03, 0.00, 0.00
04/12/2024, 06:14:18, 21.40, 54.00, 135, 19.01, 0.00, 0.00
04/12/2024, 06:14:24, 21.40, 54.00, 135, 19.01, 0.00, 0.00
04/12/2024, 06:14:30, 21.40, 54.00, 132, 18.91, 0.00, 0.00
04/12/2024, 06:14:37, 21.40, 54.00, 135, 18.97, 0.00, 0.00
04/12/2024, 06:14:43, 21.40, 54.00, 132, 19.07, 0.00, 0.00
04/12/2024, 06:14:49, 21.40, 54.00, 135, 19.03, 0.00, 0.00
04/12/2024, 06:14:56, 21.40, 54.00, 135, 19.01, 0.00, 0.00
04/12/2024, 06:15:02, 21.40, 54.00, 132, 18.95, 0.00, 0.00
04/12/2024, 06:15:08, 21.40, 54.00, 135, 18.97, 0.00, 0.00
04/12/2024, 06:15:15, 21.40, 54.00, 135, 19.01, 0.00, 0.00
04/12/2024, 06:15:21, 21.40, 54.00, 135, 18.97, 0.00, 0.00
04/12/2024, 06:15:27, 21.40, 54.00, 135, 18.97, 0.00, 0.00
04/12/2024, 06:15:34, 21.40, 54.00, 132, 18.95, 0.00, 0.00
04/12/2024, 06:15:40, 21.40, 54.00, 135, 18.97, 0.00, 0.00
04/12/2024, 06:15:46, 21.40, 54.00, 135, 19.01, 0.00, 0.00
04/12/2024, 06:15:53, 21.40, 54.00, 132, 19.01, 0.00, 0.00
04/12/2024, 06:15:59, 21.40, 54.00, 135, 18.97, 0.00, 0.00
04/12/2024, 06:16:05, 21.40, 54.00, 135, 19.01, 0.00, 0.00
04/12/2024, 06:16:12, 21.40, 54.00, 135, 18.95, 0.00, 0.00
04/12/2024, 06:16:18, 21.40, 54.00, 135, 19.01, 0.00, 0.00
04/12/2024, 06:16:24, 21.40, 54.00, 135, 18.97, 0.00, 0.00
04/12/2024, 06:16:31, 21.40, 54.00, 135, 18.97, 0.00, 0.00
04/12/2024, 06:16:37, 21.40, 54.00, 135, 18.95, 0.00, 0.00
04/12/2024, 06:16:44, 21.40, 54.00, 132, 19.01, 0.00, 0.00
04/12/2024, 06:16:50, 21.40, 54.00, 135, 19.01, 0.00, 0.00
04/12/2024, 06:16:56, 21.40, 54.00, 132, 18.97, 0.00, 0.00
04/12/2024, 06:17:03, 21.40, 54.00, 132, 18.95, 0.00, 0.00
04/12/2024, 06:17:09, 21.40, 54.00, 135, 18.97, 0.00, 0.00
04/12/2024, 06:17:15, 21.40, 54.00, 135, 19.01, 0.00, 0.00
04/12/2024, 06:17:22, 21.40, 54.00, 135, 18.95, 0.00, 0.00
04/12/2024, 06:17:28, 21.40, 54.00, 132, 18.95, 0.00, 0.00
04/12/2024, 06:17:34, 21.40, 54.00, 135, 18.95, 0.00, 0.00
04/12/2024, 06:17:41, 21.40, 54.00, 135, 18.95, 0.00, 0.00
04/12/2024, 06:17:47, 21.40, 54.00, 135, 19.01, 0.00, 0.00
04/12/2024, 06:17:53, 21.40, 54.00, 132, 18.97, 0.00, 0.00
04/12/2024, 06:18:00, 21.40, 54.00, 135, 19.01, 0.00, 0.00
04/12/2024, 06:18:06, 21.40, 54.00, 135, 18.97, 0.00, 0.00
04/12/2024, 06:18:12, 21.40, 54.00, 135, 18.95, 0.00, 0.00
04/12/2024, 06:18:19, 21.40, 54.00, 135, 18.95, 0.00, 0.00
04/12/2024, 06:18:25, 21.40, 54.00, 132, 18.97, 0.00, 0.00
04/12/2024, 06:18:31, 21.40, 54.00, 132, 18.97, 0.00, 0.00
04/12/2024, 06:18:38, 21.40, 54.00, 132, 18.95, 0.00, 0.00
04/12/2024, 06:18:44, 21.40, 54.00, 135, 18.95, 0.00, 0.00
04/12/2024, 06:18:50, 21.40, 54.00, 135, 18.97, 0.00, 0.00
04/12/2024, 06:18:57, 21.40, 54.00, 135, 18.97, 0.00, 0.00
04/12/2024, 06:19:03, 21.40, 54.00, 135, 18.95, 0.00, 0.00
04/12/2024, 06:19:09, 21.40, 54.00, 135, 18.97, 0.00, 0.00
04/12/2024, 06:19:16, 21.40, 54.00, 135, 18.95, 0.00, 0.00
04/12/2024, 06:19:22, 21.40, 54.00, 135, 18.95, 0.00, 0.00
04/12/2024, 06:19:28, 21.40, 54.00, 135, 18.91, 0.00, 0.00
04/12/2024, 06:19:35, 21.40, 54.00, 135, 18.97, 0.00, 0.00
04/12/2024, 06:19:41, 21.40, 54.00, 135, 18.97, 0.00, 0.00
04/12/2024, 06:19:47, 21.40, 54.00, 135, 19.01, 0.00, 0.00
04/12/2024, 06:19:54, 21.40, 54.00, 132, 19.01, 0.00, 0.00
04/12/2024, 06:20:00, 21.40, 54.00, 135, 18.97, 0.00, 0.00
04/12/2024, 06:20:06, 21.40, 54.00, 132, 18.95, 0.00, 0.00
04/12/2024, 06:20:13, 21.40, 54.00, 135, 18.97, 0.00, 0.00
04/12/2024, 06:20:19, 21.40, 54.00, 135, 18.87, 0.00, 0.00
04/12/2024, 06:20:25, 21.40, 54.00, 135, 18.97, 0.00, 0.00
04/12/2024, 06:20:32, 21.40, 54.00, 132, 18.97, 0.00, 0.00
04/12/2024, 06:20:38, 21.40, 54.00, 132, 18.95, 0.00, 0.00
04/12/2024, 06:20:44, 21.40, 54.00, 132, 18.97, 0.00, 0.00
04/12/2024, 06:20:51, 21.40, 54.00, 132, 18.97, 0.00, 0.00
04/12/2024, 06:20:57, 21.40, 54.00, 132, 19.01, 0.00, 0.00
04/12/2024, 06:21:03, 21.40, 54.00, 135, 18.95, 0.00, 0.00
04/12/2024, 06:21:10, 21.40, 54.00, 132, 18.91, 0.00, 0.00
04/12/2024, 06:21:16, 21.40, 54.00, 135, 19.01, 0.00, 0.00
04/12/2024, 06:21:23, 21.40, 54.00, 135, 18.91, 0.00, 0.00
04/12/2024, 06:21:29, 21.40, 54.00, 135, 19.01, 0.00, 0.00
04/12/2024, 06:21:35, 21.40, 54.00, 135, 18.95, 0.00, 0.00
04/12/2024, 06:21:42, 21.40, 54.00, 135, 18.95, 0.00, 0.00
04/12/2024, 06:21:48, 21.40, 54.00, 135, 18.95, 0.00, 0.00
04/12/2024, 06:21:54, 21.40, 54.00, 135, 18.97, 0.00, 0.00
04/12/2024, 06:22:01, 21.40, 54.00, 135, 18.91, 0.00, 0.00
04/12/2024, 06:22:07, 21.40, 54.00, 135, 18.97, 0.00, 0.00
04/12/2024, 06:22:13, 21.40, 54.00, 135, 18.87, 0.00, 0.00
04/12/2024, 06:22:20, 21.40, 54.00, 135, 18.91, 0.00, 0.00
04/12/2024, 06:22:26, 21.40, 54.00, 135, 18.91, 0.00, 0.00
04/12/2024, 06:22:32, 21.40, 54.00, 135, 18.95, 0.00, 0.00
04/12/2024, 06:22:39, 21.40, 54.00, 135, 18.91, 0.00, 0.00
04/12/2024, 06:22:45, 21.40, 54.00, 135, 18.95, 0.00, 0.00
04/12/2024, 06:22:51, 21.40, 54.00, 135, 18.87, 0.00, 0.00
04/12/2024, 06:22:58, 21.40, 54.00, 135, 19.01, 0.00, 0.00
04/12/2024, 06:23:04, 21.40, 54.00, 132, 18.95, 0.00, 0.00
04/12/2024, 06:23:10, 21.40, 54.00, 132, 18.97, 0.00, 0.00
04/12/2024, 06:23:17, 21.40, 54.00, 132, 18.87, 0.00, 0.00
04/12/2024, 06:23:23, 21.40, 54.00, 135, 18.91, 0.00, 0.00
04/12/2024, 06:23:29, 21.40, 54.00, 132, 18.95, 0.00, 0.00
04/12/2024, 06:23:36, 21.40, 54.00, 132, 18.97, 0.00, 0.00
04/12/2024, 06:23:42, 21.40, 54.00, 132, 19.01, 0.00, 0.00
04/12/2024, 06:23:48, 21.40, 54.00, 135, 18.87, 0.00, 0.00
04/12/2024, 06:23:55, 21.40, 54.00, 132, 18.95, 0.00, 0.00
04/12/2024, 06:24:01, 21.40, 54.00, 135, 18.95, 0.00, 0.00
04/12/2024, 06:24:07, 21.40, 54.00, 132, 18.87, 0.00, 0.00
04/12/2024, 06:24:14, 21.40, 54.00, 135, 18.95, 0.00, 0.00
04/12/2024, 06:24:20, 21.40, 54.00, 135, 18.95, 0.00, 0.00
04/12/2024, 06:24:26, 21.40, 54.00, 135, 18.95, 0.00, 0.00
04/12/2024, 06:24:33, 21.40, 54.00, 132, 18.91, 0.00, 0.00
04/12/2024, 06:24:39, 21.40, 54.00, 135, 18.95, 0.00, 0.00
04/12/2024, 06:24:45, 21.40, 54.00, 135, 18.87, 0.00, 0.00
04/12/2024, 06:24:52, 21.40, 54.00, 135, 18.91, 0.00, 0.00
04/12/2024, 06:24:58, 21.40, 54.00, 135, 18.95, 0.00, 0.00
04/12/2024, 06:25:04, 21.40, 54.00, 135, 19.01, 0.00, 0.00
04/12/2024, 06:25:11, 21.40, 54.00, 135, 18.87, 0.00, 0.00
04/12/2024, 06:25:17, 21.40, 54.00, 135, 18.91, 0.00, 0.00
04/12/2024, 06:25:23, 21.40, 54.00, 135, 18.91, 0.00, 0.00
04/12/2024, 06:25:30, 21.40, 54.00, 135, 18.95, 0.00, 0.00
04/12/2024, 06:25:36, 21.40, 54.00, 135, 18.91, 0.00, 0.00
04/12/2024, 06:25:42, 21.40, 54.00, 135, 18.91, 0.00, 0.00
04/12/2024, 06:25:49, 21.40, 54.00, 135, 19.01, 0.00, 0.00
04/12/2024, 06:25:55, 21.40, 55.00, 135, 18.85, 0.00, 0.00
04/12/2024, 06:26:02, 21.40, 55.00, 135, 18.95, 0.00, 0.00
04/12/2024, 06:26:08, 21.40, 55.00, 135, 18.95, 0.00, 0.00
04/12/2024, 06:26:14, 21.40, 55.00, 135, 18.97, 0.00, 0.00
04/12/2024, 06:26:21, 21.40, 55.00, 135, 18.91, 0.00, 0.00
04/12/2024, 06:26:27, 21.40, 55.00, 135, 18.95, 0.00, 0.00
04/12/2024, 06:26:33, 21.40, 55.00, 135, 18.95, 0.00, 0.00
04/12/2024, 06:26:40, 21.40, 55.00, 135, 18.97, 0.00, 0.00
04/12/2024, 06:26:46, 21.40, 55.00, 135, 18.91, 0.00, 0.00
04/12/2024, 06:26:52, 21.40, 55.00, 135, 18.95, 0.00, 0.00
04/12/2024, 06:26:59, 21.40, 55.00, 135, 18.87, 0.00, 0.00
04/12/2024, 06:27:05, 21.40, 55.00, 135, 18.97, 0.00, 0.00
04/12/2024, 06:27:11, 21.40, 55.00, 135, 18.91, 0.00, 0.00
04/12/2024, 06:27:18, 21.40, 55.00, 135, 18.87, 0.00, 0.00
04/12/2024, 06:27:24, 21.40, 55.00, 135, 18.91, 0.00, 0.00
04/12/2024, 06:27:30, 21.40, 55.00, 135, 18.87, 0.00, 0.00
04/12/2024, 06:27:37, 21.40, 55.00, 135, 18.91, 0.00, 0.00
04/12/2024, 06:27:43, 21.40, 55.00, 135, 18.87, 0.00, 0.00
04/12/2024, 06:27:49, 21.40, 55.00, 135, 18.87, 0.00, 0.00
04/12/2024, 06:27:56, 21.40, 55.00, 135, 18.87, 0.00, 0.00
04/12/2024, 06:28:02, 21.40, 55.00, 135, 18.85, 0.00, 0.00
04/12/2024, 06:28:08, 21.40, 55.00, 135, 18.95, 0.00, 0.00
04/12/2024, 06:28:15, 21.40, 55.00, 135, 18.95, 0.00, 0.00
04/12/2024, 06:28:21, 21.40, 55.00, 135, 18.95, 0.00, 0.00
04/12/2024, 06:28:27, 21.40, 55.00, 135, 18.87, 0.00, 0.00
04/12/2024, 06:28:34, 21.40, 55.00, 135, 18.91, 0.00, 0.00
04/12/2024, 06:28:40, 21.40, 55.00, 135, 18.95, 0.00, 0.00
04/12/2024, 06:28:46, 21.40, 55.00, 135, 18.87, 0.00, 0.00
04/12/2024, 06:28:53, 21.40, 55.00, 135, 18.87, 0.00, 0.00
04/12/2024, 06:28:59, 21.40, 55.00, 135, 18.87, 0.00, 0.00
04/12/2024, 06:29:05, 21.40, 55.00, 135, 18.97, 0.00, 0.00
04/12/2024, 06:29:12, 21.40, 55.00, 135, 18.87, 0.00, 0.00
04/12/2024, 06:29:18, 21.40, 55.00, 135, 18.87, 0.00, 0.00
04/12/2024, 06:29:24, 21.40, 55.00, 135, 18.87, 0.00, 0.00
04/12/2024, 06:29:31, 21.40, 55.00, 135, 18.95, 0.00, 0.00
04/12/2024, 06:29:37, 21.40, 55.00, 135, 18.95, 0.00, 0.00
04/12/2024, 06:29:43, 21.40, 55.00, 135, 18.91, 0.00, 0.00
04/12/2024, 06:29:50, 21.40, 55.00, 135, 18.87, 0.00, 0.00
04/12/2024, 06:29:56, 21.40, 55.00, 135, 18.81, 0.00, 0.00
04/12/2024, 06:30:09, 21.40, 55.00, 135, 18.87, 0.00, 0.00
04/12/2024, 06:30:15, 21.40, 55.00, 135, 18.87, 0.00, 0.00
04/12/2024, 06:30:21, 21.40, 55.00, 135, 18.87, 0.00, 0.00
04/12/2024, 06:30:28, 21.40, 55.00, 135, 18.91, 0.00, 0.00
04/12/2024, 06:30:41, 21.40, 55.00, 135, 18.87, 0.00, 0.00
04/12/2024, 06:30:47, 21.40, 55.00, 135, 18.95, 0.00, 0.00
04/12/2024, 06:30:53, 21.40, 55.00, 135, 18.91, 0.00, 0.00
04/12/2024, 06:31:00, 21.40, 55.00, 135, 18.91, 0.00, 0.00
04/12/2024, 06:31:06, 21.40, 55.00, 135, 18.95, 0.00, 0.00
04/12/2024, 06:31:12, 21.40, 55.00, 135, 18.91, 0.00, 0.00
04/12/2024, 06:31:19, 21.40, 55.00, 135, 18.95, 0.00, 0.00
04/12/2024, 06:31:25, 21.40, 55.00, 135, 18.91, 0.00, 0.00
04/12/2024, 06:31:31, 21.40, 55.00, 135, 18.87, 0.00, 0.00
04/12/2024, 06:31:38, 21.40, 55.00, 135, 18.91, 0.00, 0.00
04/12/2024, 06:31:44, 21.40, 55.00, 135, 18.81, 0.00, 0.00
04/12/2024, 06:31:50, 21.40, 55.00, 135, 18.85, 0.00, 0.00
04/12/2024, 06:31:57, 21.40, 55.00, 135, 18.87, 0.00, 0.00
04/12/2024, 06:32:03, 21.40, 55.00, 135, 18.87, 0.00, 0.00
04/12/2024, 06:32:09, 21.40, 55.00, 135, 18.85, 0.00, 0.00
04/12/2024, 06:32:16, 21.40, 55.00, 135, 18.87, 0.00, 0.00
04/12/2024, 06:32:22, 21.40, 55.00, 135, 18.95, 0.00, 0.00
04/12/2024, 06:32:28, 21.40, 55.00, 135, 18.87, 0.00, 0.00
04/12/2024, 06:32:35, 21.40, 55.00, 135, 18.91, 0.00, 0.00
04/12/2024, 06:32:41, 21.40, 55.00, 135, 18.87, 0.00, 0.00
04/12/2024, 06:32:47, 21.40, 55.00, 135, 18.95, 0.00, 0.00
04/12/2024, 06:32:54, 21.40, 55.00, 135, 18.87, 0.00, 0.00
04/12/2024, 06:33:00, 21.40, 55.00, 135, 18.91, 0.00, 0.00
04/12/2024, 06:33:06, 21.40, 55.00, 135, 18.85, 0.00, 0.00
04/12/2024, 06:33:13, 21.40, 55.00, 135, 18.87, 0.00, 0.00
04/12/2024, 06:33:19, 21.40, 55.00, 135, 18.85, 0.00, 0.00
04/12/2024, 06:33:25, 21.40, 55.00, 135, 18.87, 0.00, 0.00
04/12/2024, 06:33:32, 21.40, 55.00, 135, 18.95, 0.00, 0.00
04/12/2024, 06:33:38, 21.40, 55.00, 135, 18.91, 0.00, 0.00
04/12/2024, 06:33:44, 21.40, 55.00, 135, 18.87, 0.00, 0.00
04/12/2024, 06:33:51, 21.40, 55.00, 135, 18.87, 0.00, 0.00
04/12/2024, 06:33:57, 21.40, 55.00, 135, 18.87, 0.00, 0.00
04/12/2024, 06:34:03, 21.40, 55.00, 135, 18.85, 0.00, 0.00
04/12/2024, 06:34:10, 21.40, 55.00, 135, 18.87, 0.00, 0.00
04/12/2024, 06:34:16, 21.40, 55.00, 135, 18.91, 0.00, 0.00
04/12/2024, 06:34:22, 21.40, 55.00, 135, 18.91, 0.00, 0.00
04/12/2024, 06:34:29, 21.40, 55.00, 135, 18.91, 0.00, 0.00
04/12/2024, 06:34:35, 21.40, 55.00, 135, 18.87, 0.00, 0.00
04/12/2024, 06:34:41, 21.40, 55.00, 135, 18.91, 0.00, 0.00
04/12/2024, 06:34:48, 21.40, 55.00, 135, 18.85, 0.00, 0.00
04/12/2024, 06:34:54, 21.40, 55.00, 135, 18.81, 0.00, 0.00
04/12/2024, 06:35:00, 21.40, 55.00, 135, 18.85, 0.00, 0.00
04/12/2024, 06:35:07, 21.40, 55.00, 135, 18.87, 0.00, 0.00
04/12/2024, 06:35:13, 21.40, 55.00, 135, 18.91, 0.00, 0.00
04/12/2024, 06:35:20, 21.40, 55.00, 135, 18.81, 0.00, 0.00
04/12/2024, 06:35:26, 21.40, 55.00, 135, 18.85, 0.00, 0.00
04/12/2024, 06:35:32, 21.40, 55.00, 135, 18.85, 0.00, 0.00
04/12/2024, 06:35:39, 21.40, 55.00, 135, 18.87, 0.00, 0.00
04/12/2024, 06:35:45, 21.40, 55.00, 135, 18.87, 0.00, 0.00
04/12/2024, 06:35:51, 21.40, 55.00, 135, 18.87, 0.00, 0.00
04/12/2024, 06:35:58, 21.40, 55.00, 135, 18.95, 0.00, 0.00
04/12/2024, 06:36:04, 21.40, 55.00, 135, 18.87, 0.00, 0.00
04/12/2024, 06:36:10, 21.40, 55.00, 135, 18.85, 0.00, 0.00
04/12/2024, 06:36:17, 21.40, 55.00, 135, 18.81, 0.00, 0.00
04/12/2024, 06:36:23, 21.40, 55.00, 135, 18.87, 0.00, 0.00
04/12/2024, 06:36:29, 21.40, 55.00, 135, 18.87, 0.00, 0.00
04/12/2024, 06:36:36, 21.40, 55.00, 135, 18.91, 0.00, 0.00
04/12/2024, 06:36:42, 21.40, 55.00, 135, 18.87, 0.00, 0.00
04/12/2024, 06:36:48, 21.40, 55.00, 135, 18.87, 0.00, 0.00
04/12/2024, 06:36:55, 21.40, 55.00, 135, 18.87, 0.00, 0.00
04/12/2024, 06:37:01, 21.40, 55.00, 135, 18.87, 0.00, 0.00
04/12/2024, 06:37:07, 21.40, 55.00, 135, 18.81, 0.00, 0.00
04/12/2024, 06:37:14, 21.40, 55.00, 135, 18.85, 0.00, 0.00
04/12/2024, 06:37:20, 21.40, 55.00, 135, 18.91, 0.00, 0.00
04/12/2024, 06:37:26, 21.40, 55.00, 135, 18.87, 0.00, 0.00
04/12/2024, 06:37:33, 21.40, 55.00, 135, 18.87, 0.00, 0.00
04/12/2024, 06:37:39, 21.40, 55.00, 139, 18.91, 0.00, 0.00
04/12/2024, 06:37:45, 21.40, 55.00, 135, 19.01, 0.00, 0.00
04/12/2024, 06:37:52, 21.40, 55.00, 135, 18.79, 0.00, 0.00
04/12/2024, 06:37:58, 21.40, 55.00, 135, 18.85, 0.00, 0.00
04/12/2024, 06:38:04, 21.40, 55.00, 135, 18.87, 0.00, 0.00
04/12/2024, 06:38:11, 21.40, 55.00, 135, 18.85, 0.00, 0.00
04/12/2024, 06:38:17, 21.40, 55.00, 135, 18.87, 0.00, 0.00
04/12/2024, 06:38:23, 21.40, 55.00, 135, 18.87, 0.00, 0.00
04/12/2024, 06:38:30, 21.40, 55.00, 135, 18.81, 0.00, 0.00
04/12/2024, 06:38:36, 21.40, 55.00, 135, 18.87, 0.00, 0.00
04/12/2024, 06:38:42, 21.40, 55.00, 135, 18.91, 0.00, 0.00
04/12/2024, 06:38:49, 21.40, 55.00, 135, 18.85, 0.00, 0.00
04/12/2024, 06:38:55, 21.40, 55.00, 135, 18.85, 0.00, 0.00
04/12/2024, 06:39:01, 21.40, 55.00, 135, 18.81, 0.00, 0.00
04/12/2024, 06:39:08, 21.40, 55.00, 135, 18.87, 0.00, 0.00
04/12/2024, 06:39:14, 21.40, 55.00, 135, 18.87, 0.00, 0.00
04/12/2024, 06:39:20, 21.40, 55.00, 135, 18.87, 0.00, 0.00
04/12/2024, 06:39:27, 21.40, 55.00, 135, 18.81, 0.00, 0.00
04/12/2024, 06:39:33, 21.40, 55.00, 135, 18.91, 0.00, 0.00
04/12/2024, 06:39:39, 21.40, 55.00, 135, 18.87, 0.00, 0.00
04/12/2024, 06:39:46, 21.40, 55.00, 135, 18.81, 0.00, 0.00
04/12/2024, 06:39:52, 21.40, 55.00, 135, 18.85, 0.00, 0.00
04/12/2024, 06:39:59, 21.40, 55.00, 135, 18.85, 0.00, 0.00
04/12/2024, 06:40:05, 21.40, 55.00, 135, 18.97, 0.00, 0.00
04/12/2024, 06:40:11, 21.40, 55.00, 135, 18.81, 0.00, 0.00
04/12/2024, 06:40:18, 21.40, 55.00, 135, 18.85, 0.00, 0.00
04/12/2024, 06:40:24, 21.40, 55.00, 135, 18.85, 0.00, 0.00
04/12/2024, 06:40:30, 21.40, 55.00, 135, 18.85, 0.00, 0.00
04/12/2024, 06:40:37, 21.40, 55.00, 135, 18.97, 0.00, 0.00
04/12/2024, 06:40:43, 21.40, 55.00, 135, 18.85, 0.00, 0.00
04/12/2024, 06:40:49, 21.40, 55.00, 135, 18.85, 0.00, 0.00
04/12/2024, 06:40:56, 21.40, 55.00, 135, 18.81, 0.00, 0.00
04/12/2024, 06:41:02, 21.40, 55.00, 135, 18.87, 0.00, 0.00
04/12/2024, 06:41:08, 21.40, 55.00, 135, 18.87, 0.00, 0.00
04/12/2024, 06:41:15, 21.40, 55.00, 135, 18.91, 0.00, 0.00
04/12/2024, 06:41:21, 21.40, 55.00, 135, 18.85, 0.00, 0.00
04/12/2024, 06:41:27, 21.40, 55.00, 135, 18.87, 0.00, 0.00
04/12/2024, 06:41:34, 21.40, 55.00, 135, 18.91, 0.00, 0.00
04/12/2024, 06:41:40, 21.40, 55.00, 135, 18.85, 0.00, 0.00
04/12/2024, 06:41:46, 21.40, 55.00, 135, 18.85, 0.00, 0.00
04/12/2024, 06:41:53, 21.40, 55.00, 135, 18.91, 0.00, 0.00
04/12/2024, 06:41:59, 21.40, 55.00, 135, 18.81, 0.00, 0.00
04/12/2024, 06:42:05, 21.40, 55.00, 135, 18.81, 0.00, 0.00
04/12/2024, 06:42:12, 21.40, 55.00, 135, 18.81, 0.00, 0.00
04/12/2024, 06:42:18, 21.40, 55.00, 135, 18.85, 0.00, 0.00
04/12/2024, 06:42:24, 21.30, 55.00, 135, 18.79, 0.00, 0.00
04/12/2024, 06:42:31, 21.20, 55.00, 135, 18.81, 0.00, 0.00
04/12/2024, 06:42:37, 21.10, 55.00, 135, 18.85, 0.00, 0.00
04/12/2024, 06:42:43, 21.10, 55.00, 135, 18.79, 0.00, 0.00
04/12/2024, 06:42:50, 21.20, 55.00, 135, 18.79, 0.00, 0.00
04/12/2024, 06:42:56, 21.40, 55.00, 135, 18.79, 0.00, 0.00
04/12/2024, 06:43:02, 21.40, 55.00, 135, 18.85, 0.00, 0.00
04/12/2024, 06:43:09, 21.40, 55.00, 135, 18.81, 0.00, 0.00
04/12/2024, 06:43:15, 21.40, 55.00, 135, 18.79, 0.00, 0.00
04/12/2024, 06:43:21, 21.40, 55.00, 135, 18.81, 0.00, 0.00
04/12/2024, 06:43:28, 21.40, 55.00, 135, 18.87, 0.00, 0.00
04/12/2024, 06:43:40, 21.40, 55.00, 135, 18.75, 0.00, 0.00
04/12/2024, 06:43:47, 21.00, 55.00, 135, 18.81, 0.00, 0.00
04/12/2024, 06:43:53, 21.10, 55.00, 135, 18.85, 0.00, 0.00
04/12/2024, 06:44:06, 21.20, 55.00, 135, 18.79, 0.00, 0.00
04/12/2024, 06:44:12, 21.00, 55.00, 135, 18.81, 0.00, 0.00
04/12/2024, 06:44:18, 21.10, 55.00, 135, 18.85, 0.00, 0.00
04/12/2024, 06:44:31, 21.10, 55.00, 135, 18.85, 0.00, 0.00
04/12/2024, 06:44:37, 21.00, 55.00, 135, 18.79, 0.00, 0.00
04/12/2024, 06:44:44, 21.10, 55.00, 135, 18.81, 0.00, 0.00
04/12/2024, 06:44:50, 21.20, 55.00, 135, 18.79, 0.00, 0.00
04/12/2024, 06:44:57, 21.30, 55.00, 135, 18.85, 0.00, 0.00
04/12/2024, 06:45:03, 21.40, 55.00, 135, 18.81, 0.00, 0.00
04/12/2024, 06:45:09, 21.40, 55.00, 135, 18.85, 0.00, 0.00
04/12/2024, 06:45:16, 21.30, 55.00, 135, 18.85, 0.00, 0.00
04/12/2024, 06:45:22, 21.20, 55.00, 135, 18.85, 0.00, 0.00
04/12/2024, 06:45:28, 21.20, 55.00, 135, 18.87, 0.00, 0.00
04/12/2024, 06:45:35, 21.30, 55.00, 135, 18.81, 0.00, 0.00
04/12/2024, 06:45:41, 21.40, 55.00, 135, 18.85, 0.00, 0.00
04/12/2024, 06:45:47, 21.40, 55.00, 135, 18.87, 0.00, 0.00
04/12/2024, 06:45:54, 21.40, 55.00, 135, 18.81, 0.00, 0.00
04/12/2024, 06:46:00, 21.40, 55.00, 135, 18.81, 0.00, 0.00
04/12/2024, 06:46:06, 21.40, 55.00, 135, 18.81, 0.00, 0.00
04/12/2024, 06:46:13, 21.40, 55.00, 135, 18.81, 0.00, 0.00
04/12/2024, 06:46:19, 21.40, 55.00, 135, 18.75, 0.00, 0.00
04/12/2024, 06:46:25, 21.40, 55.00, 135, 18.85, 0.00, 0.00
04/12/2024, 06:46:32, 21.40, 55.00, 135, 18.81, 0.00, 0.00
04/12/2024, 06:46:38, 21.40, 55.00, 135, 18.81, 0.00, 0.00
04/12/2024, 06:46:44, 21.40, 55.00, 135, 18.81, 0.00, 0.00
04/12/2024, 06:46:51, 21.40, 55.00, 135, 18.85, 0.00, 0.00
04/12/2024, 06:46:57, 21.40, 55.00, 135, 18.75, 0.00, 0.00
04/12/2024, 06:47:03, 21.40, 55.00, 135, 18.79, 0.00, 0.00
04/12/2024, 06:47:10, 21.40, 55.00, 135, 18.81, 0.00, 0.00
04/12/2024, 06:47:16, 21.40, 55.00, 135, 18.81, 0.00, 0.00
04/12/2024, 06:47:22, 21.40, 55.00, 135, 18.75, 0.00, 0.00
04/12/2024, 06:47:29, 21.40, 55.00, 135, 18.81, 0.00, 0.00
04/12/2024, 06:47:35, 21.40, 55.00, 135, 18.81, 0.00, 0.00
04/12/2024, 06:47:41, 21.40, 55.00, 135, 18.79, 0.00, 0.00
04/12/2024, 06:47:48, 21.30, 55.00, 135, 18.81, 0.00, 0.00
04/12/2024, 06:47:54, 21.30, 55.00, 135, 18.81, 0.00, 0.00
04/12/2024, 06:48:00, 21.40, 55.00, 135, 18.81, 0.00, 0.00
04/12/2024, 06:48:07, 21.40, 55.00, 135, 18.79, 0.00, 0.00
04/12/2024, 06:48:13, 21.40, 55.00, 139, 18.75, 0.00, 0.00
04/12/2024, 06:48:19, 21.40, 55.00, 135, 18.81, 0.00, 0.00
04/12/2024, 06:48:26, 21.40, 55.00, 135, 18.81, 0.00, 0.00
04/12/2024, 06:48:32, 21.40, 55.00, 135, 18.85, 0.00, 0.00
04/12/2024, 06:48:45, 21.40, 55.00, 135, 18.85, 0.00, 0.00
04/12/2024, 06:48:51, 21.10, 55.00, 135, 18.79, 0.00, 0.00
04/12/2024, 06:48:57, 21.10, 55.00, 135, 18.81, 0.00, 0.00
04/12/2024, 06:49:04, 21.10, 55.00, 135, 18.85, 0.00, 0.00
04/12/2024, 06:49:10, 21.00, 55.00, 135, 18.81, 0.00, 0.00
04/12/2024, 06:49:16, 21.10, 55.00, 135, 18.81, 0.00, 0.00
04/12/2024, 06:49:23, 21.10, 55.00, 135, 18.85, 0.00, 0.00
04/12/2024, 06:49:29, 21.10, 55.00, 135, 18.81, 0.00, 0.00
04/12/2024, 06:49:35, 21.20, 55.00, 135, 18.81, 0.00, 0.00
04/12/2024, 06:49:42, 21.40, 55.00, 135, 18.87, 0.00, 0.00
04/12/2024, 06:49:48, 21.40, 55.00, 135, 18.85, 0.00, 0.00
04/12/2024, 06:49:55, 21.40, 55.00, 135, 18.85, 0.00, 0.00
04/12/2024, 06:50:01, 21.40, 55.00, 135, 18.85, 0.00, 0.00
04/12/2024, 06:50:07, 21.40, 55.00, 139, 18.85, 0.00, 0.00
04/12/2024, 06:50:14, 21.40, 55.00, 135, 18.85, 0.00, 0.00
04/12/2024, 06:50:20, 21.40, 55.00, 135, 18.79, 0.00, 0.00
04/12/2024, 06:50:26, 21.40, 55.00, 135, 18.81, 0.00, 0.00
04/12/2024, 06:50:33, 21.40, 55.00, 135, 18.79, 0.00, 0.00
04/12/2024, 06:50:45, 21.40, 55.00, 135, 18.81, 0.00, 0.00
04/12/2024, 06:50:52, 21.10, 55.00, 135, 18.81, 0.00, 0.00
04/12/2024, 06:50:58, 21.20, 55.00, 139, 18.81, 0.00, 0.00
04/12/2024, 06:51:04, 21.40, 55.00, 135, 18.81, 0.00, 0.00
04/12/2024, 06:51:11, 21.40, 55.00, 139, 18.87, 0.00, 0.00
04/12/2024, 06:51:17, 21.40, 55.00, 135, 18.85, 0.00, 0.00
04/12/2024, 06:51:23, 21.40, 55.00, 135, 18.85, 0.00, 0.00
04/12/2024, 06:51:30, 21.40, 55.00, 135, 18.81, 0.00, 0.00
04/12/2024, 06:51:36, 21.20, 55.00, 135, 18.79, 0.00, 0.00
04/12/2024, 06:51:42, 21.10, 55.00, 139, 18.85, 0.00, 0.00
04/12/2024, 06:51:49, 21.10, 55.00, 135, 18.75, 0.00, 0.00
04/12/2024, 06:51:55, 21.10, 55.00, 135, 18.79, 0.00, 0.00
04/12/2024, 06:52:01, 21.10, 55.00, 135, 18.81, 0.00, 0.00
04/12/2024, 06:52:08, 21.10, 55.00, 135, 18.81, 0.00, 0.00
04/12/2024, 06:52:14, 21.00, 55.00, 135, 18.71, 0.00, 0.00
04/12/2024, 06:52:20, 21.10, 55.00, 135, 18.71, 0.00, 0.00
04/12/2024, 06:52:27, 21.10, 55.00, 135, 18.81, 0.00, 0.00
04/12/2024, 06:52:33, 21.10, 55.00, 135, 18.87, 0.00, 0.00
04/12/2024, 06:52:39, 21.10, 55.00, 135, 18.81, 0.00, 0.00
04/12/2024, 06:52:46, 21.10, 55.00, 135, 18.79, 0.00, 0.00
04/12/2024, 06:52:52, 21.00, 55.00, 135, 18.75, 0.00, 0.00
04/12/2024, 06:52:58, 21.10, 55.00, 135, 18.81, 0.00, 0.00
04/12/2024, 06:53:05, 21.00, 55.00, 135, 18.75, 0.00, 0.00
04/12/2024, 06:53:11, 21.10, 55.00, 135, 18.79, 0.00, 0.00
04/12/2024, 06:53:17, 21.10, 55.00, 135, 18.85, 0.00, 0.00
04/12/2024, 06:53:24, 21.10, 55.00, 135, 18.81, 0.00, 0.00
04/12/2024, 06:53:30, 21.10, 55.00, 135, 18.87, 0.00, 0.00
04/12/2024, 06:53:36, 21.10, 55.00, 135, 18.85, 0.00, 0.00
04/12/2024, 06:53:43, 21.10, 55.00, 135, 18.79, 0.00, 0.00
04/12/2024, 06:53:49, 21.10, 55.00, 135, 18.87, 0.00, 0.00
04/12/2024, 06:53:55, 21.10, 55.00, 135, 18.85, 0.00, 0.00
04/12/2024, 06:54:02, 21.10, 55.00, 135, 18.75, 0.00, 0.00
04/12/2024, 06:54:08, 21.10, 55.00, 135, 18.79, 0.00, 0.00
04/12/2024, 06:54:14, 21.10, 55.00, 135, 18.79, 0.00, 0.00
04/12/2024, 06:54:21, 21.10, 55.00, 135, 18.79, 0.00, 0.00
04/12/2024, 06:54:27, 21.10, 55.00, 135, 18.81, 0.00, 0.00
04/12/2024, 06:54:33, 21.20, 55.00, 135, 18.81, 0.00, 0.00
04/12/2024, 06:54:40, 21.30, 55.00, 135, 18.79, 0.00, 0.00
04/12/2024, 06:54:46, 21.40, 55.00, 135, 18.81, 0.00, 0.00
04/12/2024, 06:54:53, 21.40, 55.00, 135, 18.81, 0.00, 0.00
04/12/2024, 06:54:59, 21.40, 55.00, 135, 18.81, 0.00, 0.00
04/12/2024, 06:55:05, 21.40, 55.00, 135, 18.81, 0.00, 0.00
04/12/2024, 06:55:12, 21.40, 55.00, 135, 18.71, 0.00, 0.00
04/12/2024, 06:55:18, 21.40, 55.00, 135, 18.75, 0.00, 0.00
04/12/2024, 06:55:24, 21.30, 55.00, 135, 18.69, 0.00, 0.00
04/12/2024, 06:55:31, 21.20, 55.00, 135, 18.79, 0.00, 0.00
04/12/2024, 06:55:37, 21.20, 55.00, 135, 18.81, 0.00, 0.00
04/12/2024, 06:55:43, 21.30, 55.00, 135, 18.75, 0.00, 0.00
04/12/2024, 06:55:50, 21.20, 55.00, 135, 18.81, 0.00, 0.00
04/12/2024, 06:55:56, 21.20, 55.00, 135, 18.79, 0.00, 0.00
04/12/2024, 06:56:02, 21.30, 55.00, 135, 18.81, 0.00, 0.00
04/12/2024, 06:56:09, 21.40, 55.00, 135, 18.75, 0.00, 0.00
04/12/2024, 06:56:15, 21.40, 55.00, 135, 18.79, 0.00, 0.00
04/12/2024, 06:56:21, 21.40, 55.00, 135, 18.81, 0.00, 0.00
04/12/2024, 06:56:28, 21.40, 55.00, 135, 18.75, 0.00, 0.00
04/12/2024, 06:56:34, 21.40, 55.00, 135, 18.85, 0.00, 0.00
04/12/2024, 06:56:40, 21.40, 55.00, 135, 18.87, 0.00, 0.00
04/12/2024, 06:56:47, 21.40, 55.00, 135, 18.79, 0.00, 0.00
04/12/2024, 06:56:53, 21.40, 55.00, 135, 18.81, 0.00, 0.00
04/12/2024, 06:56:59, 21.30, 55.00, 135, 18.79, 0.00, 0.00
04/12/2024, 06:57:12, 21.30, 55.00, 135, 18.79, 0.00, 0.00
04/12/2024, 06:57:18, 21.10, 55.00, 135, 18.85, 0.00, 0.00
04/12/2024, 06:57:25, 21.00, 55.00, 135, 18.69, 0.00, 0.00
04/12/2024, 06:57:31, 21.00, 55.00, 135, 18.81, 0.00, 0.00
04/12/2024, 06:57:37, 21.10, 55.00, 135, 18.75, 0.00, 0.00
04/12/2024, 06:57:44, 21.10, 55.00, 135, 18.75, 0.00, 0.00
04/12/2024, 06:57:50, 21.10, 55.00, 135, 18.71, 0.00, 0.00
04/12/2024, 06:57:56, 21.10, 55.00, 135, 18.85, 0.00, 0.00
04/12/2024, 06:58:03, 21.10, 55.00, 135, 18.79, 0.00, 0.00
04/12/2024, 06:58:09, 21.10, 55.00, 135, 18.79, 0.00, 0.00
04/12/2024, 06:58:15, 21.00, 55.00, 135, 18.81, 0.00, 0.00
04/12/2024, 06:58:22, 21.10, 55.00, 135, 18.71, 0.00, 0.00
04/12/2024, 06:58:28, 21.10, 55.00, 135, 18.75, 0.00, 0.00
04/12/2024, 06:58:34, 21.10, 55.00, 135, 18.71, 0.00, 0.00
04/12/2024, 06:58:41, 21.10, 55.00, 135, 18.75, 0.00, 0.00
04/12/2024, 06:58:47, 21.10, 55.00, 135, 18.79, 0.00, 0.00
04/12/2024, 06:58:53, 21.10, 55.00, 135, 18.71, 0.00, 0.00
04/12/2024, 06:59:00, 21.10, 55.00, 135, 18.79, 0.00, 0.00
04/12/2024, 06:59:06, 21.00, 55.00, 135, 18.71, 0.00, 0.00
04/12/2024, 06:59:12, 21.10, 55.00, 135, 18.75, 0.00, 0.00
04/12/2024, 06:59:19, 21.10, 55.00, 135, 18.79, 0.00, 0.00
04/12/2024, 06:59:25, 21.10, 55.00, 135, 18.75, 0.00, 0.00
04/12/2024, 06:59:31, 21.20, 55.00, 139, 18.79, 0.00, 0.00
04/12/2024, 06:59:38, 21.20, 55.00, 135, 18.75, 0.00, 0.00
04/12/2024, 06:59:44, 21.10, 55.00, 135, 18.85, 0.00, 0.00
04/12/2024, 06:59:51, 21.10, 55.00, 139, 18.79, 0.00, 0.00
04/12/2024, 06:59:57, 21.10, 55.00, 135, 18.75, 0.00, 0.00
04/12/2024, 07:00:03, 21.10, 55.00, 135, 18.79, 0.00, 0.00
04/12/2024, 07:00:10, 21.10, 55.00, 135, 18.79, 0.00, 0.00
04/12/2024, 07:00:16, 21.10, 55.00, 135, 18.79, 0.00, 0.00
04/12/2024, 07:00:22, 21.10, 55.00, 135, 18.87, 0.00, 0.00
04/12/2024, 07:00:29, 21.10, 55.00, 135, 18.75, 0.00, 0.00
04/12/2024, 07:00:35, 21.10, 55.00, 135, 18.71, 0.00, 0.00
04/12/2024, 07:00:41, 21.10, 55.00, 135, 18.71, 0.00, 0.00
04/12/2024, 07:00:48, 21.10, 55.00, 135, 18.81, 0.00, 0.00
04/12/2024, 07:00:54, 21.10, 55.00, 135, 18.75, 0.00, 0.00
04/12/2024, 07:01:00, 21.10, 55.00, 135, 18.79, 0.00, 0.00
04/12/2024, 07:01:07, 21.10, 55.00, 135, 18.79, 0.00, 0.00
04/12/2024, 07:01:13, 21.10, 55.00, 135, 18.79, 0.00, 0.00
04/12/2024, 07:01:19, 21.10, 55.00, 135, 18.75, 0.00, 0.00
04/12/2024, 07:01:26, 21.10, 55.00, 135, 18.75, 0.00, 0.00
04/12/2024, 07:01:32, 21.10, 55.00, 135, 18.85, 0.00, 0.00
04/12/2024, 07:01:38, 21.10, 55.00, 135, 18.75, 0.00, 0.00
04/12/2024, 07:01:45, 21.20, 55.00, 135, 18.75, 0.00, 0.00
04/12/2024, 07:01:51, 21.30, 55.00, 135, 18.85, 0.00, 0.00
04/12/2024, 07:01:57, 21.40, 55.00, 135, 18.71, 0.00, 0.00
04/12/2024, 07:02:04, 21.40, 55.00, 135, 18.87, 0.00, 0.00
04/12/2024, 07:02:10, 21.40, 55.00, 135, 18.87, 0.00, 0.00
04/12/2024, 07:02:16, 21.40, 55.00, 135, 18.79, 0.00, 0.00
04/12/2024, 07:02:23, 21.40, 55.00, 135, 18.79, 0.00, 0.00
04/12/2024, 07:02:29, 21.40, 55.00, 135, 18.79, 0.00, 0.00
04/12/2024, 07:02:35, 21.40, 55.00, 135, 18.79, 0.00, 0.00
04/12/2024, 07:02:42, 21.40, 55.00, 135, 18.79, 0.00, 0.00
04/12/2024, 07:02:48, 21.40, 55.00, 135, 18.75, 0.00, 0.00
04/12/2024, 07:02:54, 21.40, 55.00, 135, 18.79, 0.00, 0.00
04/12/2024, 07:03:01, 21.40, 55.00, 135, 18.79, 0.00, 0.00
04/12/2024, 07:03:07, 21.40, 55.00, 135, 18.71, 0.00, 0.00
04/12/2024, 07:03:13, 21.40, 55.00, 135, 18.75, 0.00, 0.00
04/12/2024, 07:03:20, 21.40, 55.00, 135, 18.75, 0.00, 0.00
04/12/2024, 07:03:26, 21.40, 55.00, 135, 18.79, 0.00, 0.00
04/12/2024, 07:03:32, 21.40, 55.00, 135, 18.75, 0.00, 0.00
04/12/2024, 07:03:39, 21.40, 55.00, 135, 18.81, 0.00, 0.00
04/12/2024, 07:03:45, 21.40, 55.00, 135, 18.71, 0.00, 0.00
04/12/2024, 07:03:51, 21.40, 55.00, 135, 18.81, 0.00, 0.00
04/12/2024, 07:03:58, 21.40, 55.00, 135, 18.75, 0.00, 0.00
04/12/2024, 07:04:10, 21.40, 55.00, 135, 18.75, 0.00, 0.00
04/12/2024, 07:04:17, 21.10, 54.00, 135, 18.75, 0.00, 0.00
04/12/2024, 07:04:23, 21.20, 55.00, 135, 18.75, 0.00, 0.00
04/12/2024, 07:04:29, 21.20, 55.00, 135, 18.75, 0.00, 0.00
04/12/2024, 07:04:36, 21.10, 55.00, 135, 18.75, 0.00, 0.00
04/12/2024, 07:04:42, 21.10, 55.00, 135, 18.71, 0.00, 0.00
04/12/2024, 07:04:49, 21.10, 55.00, 135, 18.81, 0.00, 0.00
04/12/2024, 07:04:55, 21.20, 55.00, 135, 18.87, 0.00, 0.00
04/12/2024, 07:05:01, 21.30, 55.00, 135, 18.75, 0.00, 0.00
04/12/2024, 07:05:08, 21.40, 55.00, 135, 18.71, 0.00, 0.00
04/12/2024, 07:05:14, 21.40, 55.00, 135, 18.71, 0.00, 0.00
04/12/2024, 07:05:20, 21.40, 55.00, 135, 18.71, 0.00, 0.00
04/12/2024, 07:05:27, 21.40, 55.00, 135, 18.75, 0.00, 0.00
04/12/2024, 07:05:33, 21.40, 55.00, 135, 18.75, 0.00, 0.00
04/12/2024, 07:05:39, 21.40, 55.00, 135, 18.71, 0.00, 0.00
04/12/2024, 07:05:46, 21.30, 55.00, 135, 18.69, 0.00, 0.00
04/12/2024, 07:05:52, 21.20, 55.00, 135, 18.71, 0.00, 0.00
04/12/2024, 07:06:05, 21.20, 55.00, 135, 18.79, 0.00, 0.00
04/12/2024, 07:06:11, 21.10, 55.00, 135, 18.75, 0.00, 0.00
04/12/2024, 07:06:17, 21.10, 55.00, 135, 18.75, 0.00, 0.00
04/12/2024, 07:06:24, 21.10, 55.00, 135, 18.75, 0.00, 0.00
04/12/2024, 07:06:30, 21.10, 55.00, 135, 18.71, 0.00, 0.00
04/12/2024, 07:06:36, 21.10, 55.00, 135, 18.75, 0.00, 0.00
04/12/2024, 07:06:43, 21.20, 55.00, 135, 18.75, 0.00, 0.00
04/12/2024, 07:06:49, 21.30, 55.00, 135, 18.75, 0.00, 0.00
04/12/2024, 07:06:55, 21.30, 55.00, 135, 18.75, 0.00, 0.00
04/12/2024, 07:07:02, 21.20, 55.00, 135, 18.75, 0.00, 0.00
04/12/2024, 07:07:08, 21.20, 55.00, 135, 18.71, 0.00, 0.00
04/12/2024, 07:07:14, 21.10, 55.00, 135, 18.75, 0.00, 0.00
04/12/2024, 07:07:21, 21.10, 55.00, 135, 18.75, 0.00, 0.00
04/12/2024, 07:07:27, 21.10, 55.00, 135, 18.75, 0.00, 0.00
04/12/2024, 07:07:33, 21.10, 55.00, 135, 18.75, 0.00, 0.00
04/12/2024, 07:07:40, 21.10, 55.00, 139, 18.79, 0.00, 0.00
04/12/2024, 07:07:46, 21.20, 55.00, 135, 18.71, 0.00, 0.00
04/12/2024, 07:07:52, 21.40, 55.00, 139, 18.71, 0.00, 0.00
04/12/2024, 07:07:59, 21.40, 55.00, 135, 18.79, 0.00, 0.00
04/12/2024, 07:08:05, 21.40, 55.00, 135, 18.79, 0.00, 0.00
04/12/2024, 07:08:11, 21.40, 55.00, 135, 18.71, 0.00, 0.00
04/12/2024, 07:08:18, 21.40, 55.00, 135, 18.79, 0.00, 0.00
04/12/2024, 07:08:24, 21.40, 55.00, 135, 18.79, 0.00, 0.00
04/12/2024, 07:08:30, 21.40, 55.00, 135, 18.69, 0.00, 0.00
04/12/2024, 07:08:37, 21.30, 55.00, 135, 18.79, 0.00, 0.00
04/12/2024, 07:08:43, 21.20, 55.00, 135, 18.75, 0.00, 0.00
04/12/2024, 07:08:49, 21.20, 55.00, 135, 18.71, 0.00, 0.00
04/12/2024, 07:08:56, 21.10, 55.00, 135, 18.85, 0.00, 0.00
04/12/2024, 07:09:02, 21.10, 55.00, 135, 18.79, 0.00, 0.00
04/12/2024, 07:09:15, 21.00, 55.00, 135, 18.71, 0.00, 0.00
04/12/2024, 07:09:27, 21.00, 55.00, 139, 18.81, 0.00, 0.00
04/12/2024, 07:09:46, 21.10, 55.00, 135, 18.71, 0.00, 0.00
04/12/2024, 07:09:53, 21.00, 55.00, 135, 18.75, 0.00, 0.00
04/12/2024, 07:09:59, 21.00, 55.00, 135, 18.71, 0.00, 0.00
04/12/2024, 07:10:06, 21.00, 55.00, 135, 18.75, 0.00, 0.00
04/12/2024, 07:10:18, 21.00, 55.00, 135, 18.79, 0.00, 0.00
04/12/2024, 07:10:25, 21.00, 55.00, 135, 18.85, 0.00, 0.00
04/12/2024, 07:10:37, 21.00, 55.00, 135, 18.85, 0.00, 0.00
04/12/2024, 07:10:44, 21.00, 55.00, 135, 18.65, 0.00, 0.00
04/12/2024, 07:10:50, 21.00, 55.00, 135, 18.85, 0.00, 0.00
04/12/2024, 07:10:56, 21.00, 55.00, 135, 18.79, 0.00, 0.00
04/12/2024, 07:11:09, 21.00, 55.00, 135, 18.75, 0.00, 0.00
04/12/2024, 07:11:15, 21.00, 55.00, 135, 18.75, 0.00, 0.00
04/12/2024, 07:11:22, 21.10, 55.00, 135, 18.75, 0.00, 0.00
04/12/2024, 07:11:28, 21.00, 55.00, 135, 18.71, 0.00, 0.00
04/12/2024, 07:11:41, 21.10, 55.00, 135, 18.85, 0.00, 0.00
04/12/2024, 07:11:47, 21.00, 55.00, 135, 18.75, 0.00, 0.00
04/12/2024, 07:11:53, 21.10, 55.00, 135, 18.69, 0.00, 0.00
04/12/2024, 07:12:00, 21.00, 55.00, 135, 18.71, 0.00, 0.00
04/12/2024, 07:12:06, 21.00, 55.00, 135, 18.79, 0.00, 0.00
04/12/2024, 07:12:12, 21.10, 55.00, 135, 18.63, 0.00, 0.00
04/12/2024, 07:12:19, 21.10, 55.00, 135, 18.81, 0.00, 0.00
04/12/2024, 07:12:25, 21.10, 55.00, 135, 18.75, 0.00, 0.00
04/12/2024, 07:12:31, 21.00, 55.00, 135, 18.71, 0.00, 0.00
04/12/2024, 07:12:38, 21.00, 55.00, 135, 18.71, 0.00, 0.00
04/12/2024, 07:12:44, 21.00, 55.00, 135, 18.71, 0.00, 0.00
04/12/2024, 07:12:50, 21.10, 55.00, 135, 18.71, 0.00, 0.00
04/12/2024, 07:12:57, 21.10, 55.00, 135, 18.75, 0.00, 0.00
04/12/2024, 07:13:03, 21.10, 55.00, 135, 18.71, 0.00, 0.00
04/12/2024, 07:13:16, 21.10, 55.00, 135, 18.75, 0.00, 0.00
04/12/2024, 07:13:22, 21.10, 55.00, 135, 18.71, 0.00, 0.00
04/12/2024, 07:13:28, 21.10, 55.00, 135, 18.75, 0.00, 0.00
04/12/2024, 07:13:35, 21.10, 55.00, 135, 18.75, 0.00, 0.00
04/12/2024, 07:13:41, 21.10, 55.00, 135, 18.71, 0.00, 0.00
04/12/2024, 07:13:47, 21.10, 55.00, 135, 18.71, 0.00, 0.00
04/12/2024, 07:13:54, 21.10, 55.00, 135, 18.71, 0.00, 0.00
04/12/2024, 07:14:00, 21.00, 55.00, 135, 18.75, 0.00, 0.00
04/12/2024, 07:14:13, 21.10, 55.00, 135, 18.75, 0.00, 0.00
04/12/2024, 07:14:19, 21.00, 55.00, 135, 18.75, 0.00, 0.00
04/12/2024, 07:14:25, 21.10, 55.00, 135, 18.71, 0.00, 0.00
04/12/2024, 07:14:32, 21.00, 55.00, 135, 18.69, 0.00, 0.00
04/12/2024, 07:14:38, 21.10, 55.00, 135, 18.75, 0.00, 0.00
04/12/2024, 07:14:44, 21.10, 55.00, 135, 18.69, 0.00, 0.00
04/12/2024, 07:14:51, 21.10, 55.00, 135, 18.75, 0.00, 0.00
04/12/2024, 07:15:03, 21.10, 55.00, 135, 18.79, 0.00, 0.00
04/12/2024, 07:15:10, 21.10, 55.00, 135, 18.75, 0.00, 0.00
04/12/2024, 07:15:16, 21.00, 55.00, 135, 18.71, 0.00, 0.00
04/12/2024, 07:15:23, 21.00, 55.00, 135, 18.79, 0.00, 0.00
04/12/2024, 07:15:29, 21.00, 55.00, 135, 18.79, 0.00, 0.00
04/12/2024, 07:15:35, 21.10, 55.00, 135, 18.79, 0.00, 0.00
04/12/2024, 07:15:42, 21.00, 55.00, 135, 18.75, 0.00, 0.00
04/12/2024, 07:15:48, 21.10, 55.00, 135, 18.75, 0.00, 0.00
04/12/2024, 07:15:54, 21.10, 55.00, 135, 18.69, 0.00, 0.00
04/12/2024, 07:16:01, 21.10, 55.00, 135, 18.69, 0.00, 0.00
04/12/2024, 07:16:13, 21.10, 55.00, 135, 18.71, 0.00, 0.00
04/12/2024, 07:16:32, 21.00, 55.00, 135, 18.71, 0.00, 0.00
04/12/2024, 07:16:45, 21.00, 55.00, 135, 18.85, 0.00, 0.00
04/12/2024, 07:16:51, 21.00, 55.00, 135, 18.75, 0.00, 0.00
04/12/2024, 07:16:58, 21.00, 55.00, 135, 18.75, 0.00, 0.00
04/12/2024, 07:17:04, 21.10, 55.00, 135, 18.71, 0.00, 0.00
04/12/2024, 07:17:10, 21.10, 55.00, 135, 18.65, 0.00, 0.00
04/12/2024, 07:17:17, 21.00, 55.00, 135, 18.71, 0.00, 0.00
04/12/2024, 07:17:23, 21.10, 55.00, 135, 18.75, 0.00, 0.00
04/12/2024, 07:17:29, 21.10, 55.00, 135, 18.71, 0.00, 0.00
04/12/2024, 07:17:36, 21.10, 55.00, 139, 18.71, 0.00, 0.00
04/12/2024, 07:17:42, 21.10, 55.00, 135, 18.75, 0.00, 0.00
04/12/2024, 07:17:48, 21.00, 55.00, 135, 18.71, 0.00, 0.00
04/12/2024, 07:17:55, 21.10, 55.00, 135, 18.75, 0.00, 0.00
04/12/2024, 07:18:01, 21.10, 55.00, 135, 18.71, 0.00, 0.00
04/12/2024, 07:18:07, 21.10, 55.00, 135, 18.71, 0.00, 0.00
04/12/2024, 07:18:14, 21.00, 55.00, 135, 18.71, 0.00, 0.00
04/12/2024, 07:18:20, 21.10, 55.00, 135, 18.65, 0.00, 0.00
04/12/2024, 07:18:26, 21.10, 55.00, 135, 18.71, 0.00, 0.00
04/12/2024, 07:18:33, 21.10, 55.00, 135, 18.75, 0.00, 0.00
04/12/2024, 07:18:39, 21.10, 55.00, 135, 18.79, 0.00, 0.00
04/12/2024, 07:18:45, 21.00, 55.00, 135, 18.69, 0.00, 0.00
04/12/2024, 07:18:52, 21.10, 55.00, 135, 18.71, 0.00, 0.00
04/12/2024, 07:18:58, 21.10, 55.00, 135, 18.69, 0.00, 0.00
04/12/2024, 07:19:04, 21.10, 55.00, 135, 18.79, 0.00, 0.00
04/12/2024, 07:19:17, 21.10, 55.00, 135, 18.69, 0.00, 0.00
04/12/2024, 07:19:23, 21.00, 55.00, 135, 18.75, 0.00, 0.00
04/12/2024, 07:19:36, 21.10, 55.00, 135, 18.79, 0.00, 0.00
04/12/2024, 07:19:42, 21.10, 55.00, 135, 18.71, 0.00, 0.00
04/12/2024, 07:19:49, 21.10, 55.00, 135, 18.79, 0.00, 0.00
04/12/2024, 07:19:55, 21.00, 55.00, 135, 18.75, 0.00, 0.00
04/12/2024, 07:20:01, 21.00, 55.00, 135, 18.71, 0.00, 0.00
04/12/2024, 07:20:14, 21.10, 55.00, 135, 18.75, 0.00, 0.00
04/12/2024, 07:20:21, 21.00, 55.00, 135, 18.79, 0.00, 0.00
04/12/2024, 07:20:27, 21.00, 55.00, 139, 18.71, 0.00, 0.00
04/12/2024, 07:20:33, 21.00, 55.00, 139, 18.71, 0.00, 0.00
04/12/2024, 07:20:40, 21.00, 55.00, 139, 18.85, 0.00, 0.00
04/12/2024, 07:20:46, 21.00, 55.00, 135, 18.75, 0.00, 0.00
04/12/2024, 07:20:52, 21.00, 55.00, 135, 18.85, 0.00, 0.00
04/12/2024, 07:20:59, 21.00, 55.00, 135, 18.71, 0.00, 0.00
04/12/2024, 07:21:05, 21.10, 55.00, 135, 18.75, 0.00, 0.00
04/12/2024, 07:21:11, 21.00, 55.00, 135, 18.71, 0.00, 0.00
04/12/2024, 07:21:18, 21.10, 55.00, 135, 18.75, 0.00, 0.00
04/12/2024, 07:21:24, 21.00, 55.00, 139, 18.71, 0.00, 0.00
04/12/2024, 07:21:30, 21.00, 55.00, 135, 18.79, 0.00, 0.00
04/12/2024, 07:21:37, 21.10, 55.00, 139, 18.75, 0.00, 0.00
04/12/2024, 07:21:43, 21.00, 55.00, 139, 18.79, 0.00, 0.00
04/12/2024, 07:21:49, 21.10, 55.00, 139, 18.75, 0.00, 0.00
04/12/2024, 07:21:56, 21.00, 55.00, 139, 18.75, 0.00, 0.00
04/12/2024, 07:22:02, 21.00, 55.00, 135, 18.79, 0.00, 0.00
04/12/2024, 07:22:08, 21.00, 55.00, 139, 18.75, 0.00, 0.00
04/12/2024, 07:22:15, 21.10, 55.00, 135, 18.75, 0.00, 0.00
04/12/2024, 07:22:21, 21.00, 55.00, 135, 18.71, 0.00, 0.00
04/12/2024, 07:22:27, 21.00, 55.00, 135, 18.71, 0.00, 0.00
04/12/2024, 07:22:34, 21.00, 55.00, 139, 18.79, 0.00, 0.00
04/12/2024, 07:22:46, 21.10, 55.00, 135, 18.71, 0.00, 0.00
04/12/2024, 07:22:59, 21.00, 55.00, 135, 18.75, 0.00, 0.00
04/12/2024, 07:23:05, 21.10, 55.00, 135, 18.71, 0.00, 0.00
04/12/2024, 07:23:12, 21.00, 55.00, 135, 18.69, 0.00, 0.00
04/12/2024, 07:23:18, 21.00, 55.00, 135, 18.69, 0.00, 0.00
04/12/2024, 07:23:24, 21.00, 55.00, 135, 18.79, 0.00, 0.00
04/12/2024, 07:23:31, 21.00, 55.00, 135, 18.75, 0.00, 0.00
04/12/2024, 07:23:43, 21.00, 55.00, 135, 18.81, 0.00, 0.00
04/12/2024, 07:23:50, 21.00, 55.00, 135, 18.75, 0.00, 0.00
04/12/2024, 07:23:56, 21.00, 55.00, 135, 18.71, 0.00, 0.00
04/12/2024, 07:24:02, 21.00, 55.00, 135, 18.75, 0.00, 0.00
04/12/2024, 07:24:09, 21.10, 55.00, 135, 18.71, 0.00, 0.00
04/12/2024, 07:24:15, 21.00, 55.00, 135, 18.79, 0.00, 0.00
04/12/2024, 07:24:21, 21.10, 55.00, 135, 18.79, 0.00, 0.00
04/12/2024, 07:24:28, 21.10, 55.00, 135, 18.75, 0.00, 0.00
04/12/2024, 07:24:34, 21.10, 55.00, 135, 18.69, 0.00, 0.00
04/12/2024, 07:24:40, 21.00, 55.00, 135, 18.81, 0.00, 0.00
04/12/2024, 07:24:47, 21.10, 55.00, 135, 18.75, 0.00, 0.00
04/12/2024, 07:24:59, 21.00, 55.00, 135, 18.71, 0.00, 0.00
04/12/2024, 07:25:06, 21.10, 55.00, 135, 18.75, 0.00, 0.00
04/12/2024, 07:25:12, 21.00, 55.00, 135, 18.75, 0.00, 0.00
04/12/2024, 07:25:18, 21.10, 55.00, 135, 18.69, 0.00, 0.00
04/12/2024, 07:25:25, 21.10, 55.00, 135, 18.69, 0.00, 0.00
04/12/2024, 07:25:31, 21.10, 55.00, 135, 18.75, 0.00, 0.00
04/12/2024, 07:25:38, 21.00, 55.00, 135, 18.71, 0.00, 0.00
04/12/2024, 07:25:44, 21.10, 55.00, 135, 18.79, 0.00, 0.00
04/12/2024, 07:25:50, 21.00, 55.00, 135, 18.71, 0.00, 0.00
04/12/2024, 07:25:57, 21.00, 55.00, 135, 18.71, 0.00, 0.00
04/12/2024, 07:26:03, 21.00, 55.00, 135, 18.79, 0.00, 0.00
04/12/2024, 07:26:09, 21.00, 55.00, 135, 18.69, 0.00, 0.00
04/12/2024, 07:26:16, 21.00, 55.00, 139, 18.71, 0.00, 0.00
04/12/2024, 07:26:22, 21.00, 55.00, 139, 18.71, 0.00, 0.00
04/12/2024, 07:26:28, 21.10, 55.00, 139, 18.75, 0.00, 0.00
04/12/2024, 07:26:35, 21.00, 55.00, 139, 18.69, 0.00, 0.00
04/12/2024, 07:26:41, 21.10, 55.00, 139, 18.69, 0.00, 0.00
04/12/2024, 07:26:47, 21.00, 55.00, 139, 18.71, 0.00, 0.00
04/12/2024, 07:26:54, 21.10, 55.00, 139, 18.75, 0.00, 0.00
04/12/2024, 07:27:00, 21.00, 55.00, 139, 18.75, 0.00, 0.00
04/12/2024, 07:27:06, 21.00, 55.00, 139, 18.81, 0.00, 0.00
04/12/2024, 07:27:13, 21.00, 55.00, 139, 18.69, 0.00, 0.00
04/12/2024, 07:27:19, 21.00, 55.00, 139, 18.81, 0.00, 0.00
04/12/2024, 07:27:25, 21.00, 55.00, 139, 18.71, 0.00, 0.00
04/12/2024, 07:27:32, 21.00, 55.00, 139, 18.71, 0.00, 0.00
04/12/2024, 07:27:38, 21.10, 55.00, 139, 18.79, 0.00, 0.00
04/12/2024, 07:27:44, 21.00, 55.00, 139, 18.79, 0.00, 0.00
04/12/2024, 07:27:51, 21.00, 55.00, 139, 18.69, 0.00, 0.00
04/12/2024, 07:27:57, 21.00, 55.00, 139, 18.75, 0.00, 0.00
04/12/2024, 07:28:03, 21.00, 55.00, 139, 18.75, 0.00, 0.00
04/12/2024, 07:28:10, 21.00, 55.00, 139, 18.71, 0.00, 0.00
04/12/2024, 07:28:16, 21.00, 55.00, 139, 18.79, 0.00, 0.00
04/12/2024, 07:28:22, 21.00, 55.00, 139, 18.75, 0.00, 0.00
04/12/2024, 07:28:29, 21.00, 55.00, 139, 18.75, 0.00, 0.00
04/12/2024, 07:28:35, 21.00, 55.00, 139, 18.75, 0.00, 0.00
04/12/2024, 07:28:41, 21.00, 55.00, 139, 18.75, 0.00, 0.00
04/12/2024, 07:28:48, 21.00, 55.00, 139, 18.69, 0.00, 0.00
04/12/2024, 07:29:00, 21.00, 55.00, 139, 18.79, 0.00, 0.00
04/12/2024, 07:29:07, 21.00, 55.00, 139, 18.85, 0.00, 0.00
04/12/2024, 07:29:13, 21.00, 55.00, 139, 18.71, 0.00, 0.00
04/12/2024, 07:29:26, 21.00, 55.00, 139, 18.71, 0.00, 0.00
04/12/2024, 07:29:32, 21.00, 55.00, 142, 18.75, 0.00, 0.00
04/12/2024, 07:29:38, 21.00, 55.00, 139, 18.75, 0.00, 0.00
04/12/2024, 07:29:45, 21.00, 55.00, 142, 18.79, 0.00, 0.00
04/12/2024, 07:29:51, 21.00, 55.00, 139, 18.71, 0.00, 0.00
04/12/2024, 07:30:10, 21.00, 55.00, 142, 18.75, 0.00, 0.00
04/12/2024, 07:30:16, 21.00, 55.00, 142, 18.75, 0.00, 0.00
04/12/2024, 07:30:23, 21.00, 55.00, 139, 18.79, 0.00, 0.00
04/12/2024, 07:30:29, 21.00, 55.00, 139, 18.85, 0.00, 0.00
04/12/2024, 07:30:36, 21.00, 55.00, 139, 18.71, 0.00, 0.00
04/12/2024, 07:30:42, 21.00, 55.00, 139, 18.71, 0.00, 0.00
04/12/2024, 07:30:48, 21.00, 55.00, 139, 18.71, 0.00, 0.00
04/12/2024, 07:30:55, 21.00, 55.00, 139, 18.69, 0.00, 0.00
04/12/2024, 07:31:01, 21.10, 55.00, 139, 18.79, 0.00, 0.00
04/12/2024, 07:31:07, 21.00, 55.00, 139, 18.75, 0.00, 0.00
04/12/2024, 07:31:14, 21.00, 55.00, 139, 18.69, 0.00, 0.00
04/12/2024, 07:31:20, 21.00, 55.00, 139, 18.75, 0.00, 0.00
04/12/2024, 07:31:26, 21.00, 55.00, 139, 18.75, 0.00, 0.00
04/12/2024, 07:31:33, 21.00, 55.00, 139, 18.75, 0.00, 0.00
04/12/2024, 07:31:39, 21.00, 55.00, 139, 18.79, 0.00, 0.00
04/12/2024, 07:31:45, 21.10, 55.00, 139, 18.75, 0.00, 0.00
04/12/2024, 07:31:52, 21.00, 55.00, 139, 18.75, 0.00, 0.00
04/12/2024, 07:31:58, 21.00, 55.00, 139, 18.75, 0.00, 0.00
04/12/2024, 07:32:04, 21.00, 55.00, 139, 18.71, 0.00, 0.00
04/12/2024, 07:32:11, 21.00, 55.00, 139, 18.75, 0.00, 0.00
04/12/2024, 07:32:17, 21.00, 55.00, 139, 18.71, 0.00, 0.00
04/12/2024, 07:32:23, 21.10, 55.00, 139, 18.69, 0.00, 0.00
04/12/2024, 07:32:30, 21.00, 55.00, 139, 18.71, 0.00, 0.00
04/12/2024, 07:32:36, 21.00, 55.00, 139, 18.79, 0.00, 0.00
04/12/2024, 07:32:42, 21.00, 55.00, 139, 18.71, 0.00, 0.00
04/12/2024, 07:32:49, 21.00, 55.00, 139, 18.71, 0.00, 0.00
04/12/2024, 07:32:55, 21.00, 55.00, 139, 18.75, 0.00, 0.00
04/12/2024, 07:33:01, 21.00, 55.00, 139, 18.75, 0.00, 0.00
04/12/2024, 07:33:08, 21.00, 55.00, 139, 18.71, 0.00, 0.00
04/12/2024, 07:33:14, 21.00, 55.00, 139, 18.71, 0.00, 0.00
04/12/2024, 07:33:20, 21.00, 55.00, 139, 18.65, 0.00, 0.00
04/12/2024, 07:33:27, 21.00, 55.00, 139, 18.71, 0.00, 0.00
04/12/2024, 07:33:33, 21.00, 55.00, 139, 18.69, 0.00, 0.00
04/12/2024, 07:33:39, 21.00, 55.00, 139, 18.71, 0.00, 0.00
04/12/2024, 07:33:46, 21.00, 55.00, 139, 18.71, 0.00, 0.00
04/12/2024, 07:33:52, 21.00, 55.00, 139, 18.71, 0.00, 0.00
04/12/2024, 07:33:58, 21.00, 55.00, 139, 18.69, 0.00, 0.00
04/12/2024, 07:34:05, 21.00, 54.00, 139, 18.71, 0.00, 0.00
04/12/2024, 07:34:11, 21.10, 54.00, 139, 18.71, 0.00, 0.00
04/12/2024, 07:34:17, 21.10, 54.00, 139, 18.75, 0.00, 0.00
04/12/2024, 07:34:24, 21.00, 54.00, 139, 18.69, 0.00, 0.00
04/12/2024, 07:34:30, 21.10, 54.00, 139, 18.65, 0.00, 0.00
04/12/2024, 07:34:36, 21.00, 54.00, 139, 18.71, 0.00, 0.00
04/12/2024, 07:34:43, 21.00, 54.00, 139, 18.71, 0.00, 0.00
04/12/2024, 07:34:49, 21.10, 54.00, 139, 18.69, 0.00, 0.00
04/12/2024, 07:35:02, 21.00, 54.00, 139, 18.71, 0.00, 0.00
04/12/2024, 07:35:08, 21.10, 54.00, 139, 18.75, 0.00, 0.00
04/12/2024, 07:35:14, 21.10, 55.00, 139, 18.75, 0.00, 0.00
04/12/2024, 07:35:21, 21.00, 55.00, 139, 18.71, 0.00, 0.00
04/12/2024, 07:35:27, 21.00, 55.00, 139, 18.71, 0.00, 0.00
04/12/2024, 07:35:34, 21.10, 55.00, 139, 18.75, 0.00, 0.00
04/12/2024, 07:35:40, 21.00, 55.00, 139, 18.71, 0.00, 0.00
04/12/2024, 07:35:46, 21.10, 55.00, 142, 18.71, 0.00, 0.00
04/12/2024, 07:35:53, 21.00, 55.00, 139, 18.69, 0.00, 0.00
04/12/2024, 07:35:59, 21.10, 55.00, 142, 18.71, 0.00, 0.00
04/12/2024, 07:36:05, 21.00, 55.00, 142, 18.65, 0.00, 0.00
04/12/2024, 07:36:12, 21.10, 55.00, 142, 18.69, 0.00, 0.00
04/12/2024, 07:36:18, 21.10, 55.00, 139, 18.71, 0.00, 0.00
04/12/2024, 07:36:24, 21.10, 55.00, 139, 18.71, 0.00, 0.00
04/12/2024, 07:36:31, 21.00, 55.00, 139, 18.79, 0.00, 0.00
04/12/2024, 07:36:37, 21.00, 55.00, 139, 18.69, 0.00, 0.00
04/12/2024, 07:36:43, 21.00, 55.00, 139, 18.69, 0.00, 0.00
04/12/2024, 07:36:50, 21.10, 55.00, 139, 18.71, 0.00, 0.00
04/12/2024, 07:36:56, 21.10, 55.00, 139, 18.71, 0.00, 0.00
04/12/2024, 07:37:02, 21.00, 55.00, 139, 18.69, 0.00, 0.00
04/12/2024, 07:37:09, 21.10, 55.00, 139, 18.75, 0.00, 0.00
04/12/2024, 07:37:15, 21.00, 55.00, 139, 18.69, 0.00, 0.00
04/12/2024, 07:37:21, 21.00, 54.00, 139, 18.65, 0.00, 0.00
04/12/2024, 07:37:28, 21.00, 54.00, 139, 18.69, 0.00, 0.00
04/12/2024, 07:37:34, 21.00, 54.00, 139, 18.69, 0.00, 0.00
04/12/2024, 07:37:40, 21.10, 54.00, 139, 18.71, 0.00, 0.00
04/12/2024, 07:37:53, 21.00, 54.00, 139, 18.79, 0.00, 0.00
04/12/2024, 07:37:59, 21.10, 54.00, 139, 18.71, 0.00, 0.00
04/12/2024, 07:38:06, 21.10, 54.00, 139, 18.71, 0.00, 0.00
04/12/2024, 07:38:12, 21.00, 54.00, 139, 18.69, 0.00, 0.00
04/12/2024, 07:38:18, 21.10, 54.00, 139, 18.75, 0.00, 0.00
04/12/2024, 07:38:25, 21.10, 54.00, 139, 18.69, 0.00, 0.00
04/12/2024, 07:38:37, 21.10, 54.00, 139, 18.69, 0.00, 0.00
04/12/2024, 07:38:44, 21.00, 54.00, 139, 18.65, 0.00, 0.00
04/12/2024, 07:38:50, 21.00, 54.00, 139, 18.71, 0.00, 0.00
04/12/2024, 07:39:03, 21.00, 54.00, 139, 18.71, 0.00, 0.00
04/12/2024, 07:39:09, 21.00, 54.00, 139, 18.69, 0.00, 0.00
04/12/2024, 07:39:22, 21.00, 54.00, 139, 18.71, 0.00, 0.00
04/12/2024, 07:39:28, 21.00, 54.00, 139, 18.65, 0.00, 0.00
04/12/2024, 07:39:34, 21.00, 54.00, 139, 18.71, 0.00, 0.00
04/12/2024, 07:39:41, 21.00, 55.00, 139, 18.71, 0.00, 0.00
04/12/2024, 07:39:47, 21.10, 55.00, 139, 18.69, 0.00, 0.00
04/12/2024, 07:39:53, 21.00, 55.00, 139, 18.69, 0.00, 0.00
04/12/2024, 07:40:06, 21.00, 55.00, 139, 18.75, 0.00, 0.00
04/12/2024, 07:40:12, 21.00, 55.00, 139, 18.65, 0.00, 0.00
04/12/2024, 07:40:19, 21.10, 55.00, 139, 18.71, 0.00, 0.00
04/12/2024, 07:40:25, 21.00, 55.00, 139, 18.71, 0.00, 0.00
04/12/2024, 07:40:31, 21.10, 55.00, 139, 18.71, 0.00, 0.00
04/12/2024, 07:40:51, 21.00, 55.00, 139, 18.65, 0.00, 0.00
04/12/2024, 07:40:57, 21.00, 54.00, 139, 18.69, 0.00, 0.00
04/12/2024, 07:41:03, 21.10, 55.00, 139, 18.71, 0.00, 0.00
04/12/2024, 07:41:10, 21.00, 55.00, 139, 18.71, 0.00, 0.00
04/12/2024, 07:41:16, 21.10, 55.00, 139, 18.69, 0.00, 0.00
04/12/2024, 07:41:22, 21.10, 55.00, 139, 18.65, 0.00, 0.00
04/12/2024, 07:41:29, 21.10, 55.00, 139, 18.69, 0.00, 0.00
04/12/2024, 07:41:35, 21.10, 54.00, 139, 18.65, 0.00, 0.00
04/12/2024, 07:41:48, 21.00, 54.00, 139, 18.71, 0.00, 0.00
04/12/2024, 07:41:54, 21.10, 54.00, 139, 18.75, 0.00, 0.00
04/12/2024, 07:42:00, 21.00, 54.00, 139, 18.71, 0.00, 0.00
04/12/2024, 07:42:07, 21.00, 54.00, 139, 18.69, 0.00, 0.00
04/12/2024, 07:42:13, 21.00, 55.00, 139, 18.63, 0.00, 0.00
04/12/2024, 07:42:19, 21.10, 55.00, 139, 18.71, 0.00, 0.00
04/12/2024, 07:42:26, 21.00, 55.00, 139, 18.75, 0.00, 0.00
04/12/2024, 07:42:32, 21.10, 54.00, 139, 18.69, 0.00, 0.00
04/12/2024, 07:42:38, 21.00, 54.00, 139, 18.71, 0.00, 0.00
04/12/2024, 07:42:45, 21.10, 54.00, 139, 18.71, 0.00, 0.00
04/12/2024, 07:42:51, 21.00, 54.00, 139, 18.79, 0.00, 0.00
04/12/2024, 07:42:57, 21.10, 54.00, 139, 18.65, 0.00, 0.00
04/12/2024, 07:43:04, 21.10, 54.00, 139, 18.71, 0.00, 0.00
04/12/2024, 07:43:10, 21.10, 54.00, 139, 18.69, 0.00, 0.00
04/12/2024, 07:43:16, 21.00, 54.00, 139, 18.75, 0.00, 0.00
04/12/2024, 07:43:23, 21.10, 54.00, 139, 18.69, 0.00, 0.00
04/12/2024, 07:43:29, 21.00, 55.00, 139, 18.75, 0.00, 0.00
04/12/2024, 07:43:35, 21.10, 54.00, 139, 18.75, 0.00, 0.00
04/12/2024, 07:43:42, 21.10, 55.00, 139, 18.71, 0.00, 0.00
04/12/2024, 07:43:48, 21.00, 55.00, 139, 18.69, 0.00, 0.00
04/12/2024, 07:43:54, 21.00, 55.00, 139, 18.65, 0.00, 0.00
04/12/2024, 07:44:01, 21.10, 55.00, 139, 18.79, 0.00, 0.00
04/12/2024, 07:44:07, 21.10, 55.00, 139, 18.65, 0.00, 0.00
04/12/2024, 07:44:13, 21.10, 55.00, 139, 18.65, 0.00, 0.00
04/12/2024, 07:44:20, 21.10, 55.00, 139, 18.65, 0.00, 0.00
04/12/2024, 07:44:26, 21.00, 55.00, 139, 18.71, 0.00, 0.00
04/12/2024, 07:44:32, 21.10, 55.00, 139, 18.71, 0.00, 0.00
04/12/2024, 07:44:39, 21.00, 55.00, 139, 18.69, 0.00, 0.00
04/12/2024, 07:44:45, 21.10, 55.00, 139, 18.69, 0.00, 0.00
04/12/2024, 07:44:51, 21.10, 55.00, 139, 18.71, 0.00, 0.00
04/12/2024, 07:45:10, 21.10, 55.00, 139, 18.65, 0.00, 0.00
04/12/2024, 07:45:17, 21.00, 55.00, 139, 18.69, 0.00, 0.00
04/12/2024, 07:45:23, 21.00, 55.00, 139, 18.75, 0.00, 0.00
04/12/2024, 07:45:29, 21.00, 55.00, 139, 18.65, 0.00, 0.00
04/12/2024, 07:45:36, 21.00, 55.00, 139, 18.71, 0.00, 0.00
04/12/2024, 07:45:49, 21.10, 55.00, 139, 18.71, 0.00, 0.00
04/12/2024, 07:45:55, 21.00, 54.00, 139, 18.71, 0.00, 0.00
04/12/2024, 07:46:01, 21.00, 55.00, 139, 18.71, 0.00, 0.00
04/12/2024, 07:46:08, 21.00, 55.00, 139, 18.69, 0.00, 0.00
04/12/2024, 07:46:14, 21.00, 54.00, 139, 18.75, 0.00, 0.00
04/12/2024, 07:46:20, 21.10, 54.00, 139, 18.69, 0.00, 0.00
04/12/2024, 07:46:27, 21.10, 54.00, 139, 18.69, 0.00, 0.00
04/12/2024, 07:46:33, 21.10, 54.00, 139, 18.71, 0.00, 0.00
04/12/2024, 07:46:39, 21.00, 54.00, 139, 18.85, 0.00, 0.00
04/12/2024, 07:46:46, 21.10, 54.00, 139, 18.65, 0.00, 0.00
04/12/2024, 07:46:52, 21.10, 54.00, 139, 18.71, 0.00, 0.00
04/12/2024, 07:46:58, 21.10, 54.00, 139, 18.75, 0.00, 0.00
04/12/2024, 07:47:05, 21.10, 54.00, 139, 18.71, 0.00, 0.00
04/12/2024, 07:47:11, 21.10, 54.00, 139, 18.81, 0.00, 0.00
04/12/2024, 07:47:17, 21.10, 54.00, 139, 18.69, 0.00, 0.00
04/12/2024, 07:47:24, 21.10, 54.00, 139, 18.75, 0.00, 0.00
04/12/2024, 07:47:30, 21.10, 54.00, 139, 18.71, 0.00, 0.00
04/12/2024, 07:47:36, 21.10, 54.00, 139, 18.71, 0.00, 0.00
04/12/2024, 07:47:43, 21.10, 54.00, 139, 18.75, 0.00, 0.00
04/12/2024, 07:47:49, 21.10, 54.00, 139, 18.65, 0.00, 0.00
04/12/2024, 07:47:55, 21.10, 54.00, 139, 18.69, 0.00, 0.00
04/12/2024, 07:48:08, 21.10, 54.00, 139, 18.71, 0.00, 0.00
04/12/2024, 07:48:14, 21.00, 54.00, 139, 18.69, 0.00, 0.00
04/12/2024, 07:48:21, 21.10, 54.00, 139, 18.69, 0.00, 0.00
04/12/2024, 07:48:27, 21.10, 54.00, 139, 18.71, 0.00, 0.00
04/12/2024, 07:48:33, 21.30, 54.00, 139, 18.65, 0.00, 0.00
04/12/2024, 07:48:46, 21.40, 54.00, 139, 18.69, 0.00, 0.00
04/12/2024, 07:48:52, 21.10, 54.00, 139, 18.75, 0.00, 0.00
04/12/2024, 07:48:59, 21.10, 54.00, 139, 18.71, 0.00, 0.00
04/12/2024, 07:49:05, 21.40, 54.00, 139, 18.75, 0.00, 0.00
04/12/2024, 07:49:11, 21.40, 54.00, 139, 18.71, 0.00, 0.00
04/12/2024, 07:49:18, 21.40, 54.00, 142, 18.69, 0.00, 0.00
04/12/2024, 07:49:24, 21.40, 55.00, 139, 18.71, 0.00, 0.00
04/12/2024, 07:49:30, 21.40, 55.00, 139, 18.75, 0.00, 0.00
04/12/2024, 07:49:43, 21.40, 55.00, 139, 18.71, 0.00, 0.00
04/12/2024, 07:49:49, 21.20, 54.00, 139, 18.71, 0.00, 0.00
04/12/2024, 07:49:56, 21.40, 54.00, 139, 18.69, 0.00, 0.00
04/12/2024, 07:50:02, 21.40, 54.00, 139, 18.69, 0.00, 0.00
04/12/2024, 07:50:08, 21.40, 54.00, 139, 18.79, 0.00, 0.00
04/12/2024, 07:50:15, 21.40, 54.00, 139, 18.75, 0.00, 0.00
04/12/2024, 07:50:21, 21.40, 54.00, 139, 18.71, 0.00, 0.00
04/12/2024, 07:50:34, 21.40, 54.00, 139, 18.65, 0.00, 0.00
04/12/2024, 07:50:40, 21.40, 54.00, 139, 18.65, 0.00, 0.00
04/12/2024, 07:50:47, 21.40, 54.00, 139, 18.69, 0.00, 0.00
04/12/2024, 07:50:53, 21.40, 54.00, 139, 18.75, 0.00, 0.00
04/12/2024, 07:50:59, 21.40, 54.00, 139, 18.71, 0.00, 0.00
04/12/2024, 07:51:06, 21.40, 54.00, 139, 18.71, 0.00, 0.00
04/12/2024, 07:51:12, 21.40, 54.00, 139, 18.71, 0.00, 0.00
04/12/2024, 07:51:18, 21.40, 54.00, 139, 18.81, 0.00, 0.00
04/12/2024, 07:51:25, 21.40, 54.00, 139, 18.65, 0.00, 0.00
04/12/2024, 07:51:31, 21.40, 54.00, 139, 18.69, 0.00, 0.00
04/12/2024, 07:51:37, 21.40, 54.00, 139, 18.71, 0.00, 0.00
04/12/2024, 07:51:44, 21.40, 54.00, 139, 18.69, 0.00, 0.00
04/12/2024, 07:51:50, 21.40, 54.00, 139, 18.71, 0.00, 0.00
04/12/2024, 07:51:56, 21.40, 54.00, 139, 18.69, 0.00, 0.00
04/12/2024, 07:52:03, 21.40, 54.00, 139, 18.65, 0.00, 0.00
04/12/2024, 07:52:09, 21.40, 54.00, 139, 18.69, 0.00, 0.00
04/12/2024, 07:52:15, 21.40, 54.00, 139, 18.71, 0.00, 0.00
04/12/2024, 07:52:22, 21.40, 54.00, 139, 18.69, 0.00, 0.00
04/12/2024, 07:52:28, 21.40, 54.00, 139, 18.71, 0.00, 0.00
04/12/2024, 07:52:34, 21.40, 54.00, 139, 18.71, 0.00, 0.00
04/12/2024, 07:52:41, 21.40, 54.00, 139, 18.71, 0.00, 0.00
04/12/2024, 07:52:47, 21.40, 54.00, 139, 18.69, 0.00, 0.00
04/12/2024, 07:52:53, 21.40, 54.00, 139, 18.69, 0.00, 0.00
04/12/2024, 07:53:00, 21.40, 54.00, 139, 18.75, 0.00, 0.00
04/12/2024, 07:53:06, 21.40, 54.00, 139, 18.69, 0.00, 0.00
04/12/2024, 07:53:12, 21.40, 54.00, 139, 18.65, 0.00, 0.00
04/12/2024, 07:53:19, 21.40, 54.00, 139, 18.71, 0.00, 0.00
04/12/2024, 07:53:25, 21.40, 54.00, 139, 18.69, 0.00, 0.00
04/12/2024, 07:53:31, 21.40, 54.00, 139, 18.75, 0.00, 0.00
04/12/2024, 07:53:38, 21.40, 54.00, 139, 18.71, 0.00, 0.00
04/12/2024, 07:53:44, 21.40, 54.00, 139, 18.75, 0.00, 0.00
04/12/2024, 07:53:50, 21.40, 54.00, 139, 18.69, 0.00, 0.00
04/12/2024, 07:53:57, 21.40, 54.00, 139, 18.69, 0.00, 0.00
04/12/2024, 07:54:03, 21.40, 54.00, 139, 18.71, 0.00, 0.00
04/12/2024, 07:54:09, 21.40, 54.00, 139, 18.69, 0.00, 0.00
04/12/2024, 07:54:16, 21.40, 54.00, 139, 18.63, 0.00, 0.00
04/12/2024, 07:54:22, 21.40, 54.00, 139, 18.65, 0.00, 0.00
04/12/2024, 07:54:28, 21.40, 54.00, 139, 18.69, 0.00, 0.00
04/12/2024, 07:54:35, 21.40, 54.00, 139, 18.71, 0.00, 0.00
04/12/2024, 07:54:41, 21.40, 54.00, 139, 18.63, 0.00, 0.00
04/12/2024, 07:54:47, 21.40, 54.00, 139, 18.71, 0.00, 0.00
04/12/2024, 07:54:54, 21.40, 54.00, 139, 18.71, 0.00, 0.00
04/12/2024, 07:55:00, 21.40, 54.00, 139, 18.75, 0.00, 0.00
04/12/2024, 07:55:06, 21.40, 54.00, 139, 18.65, 0.00, 0.00
04/12/2024, 07:55:13, 21.40, 54.00, 139, 18.71, 0.00, 0.00
04/12/2024, 07:55:19, 21.40, 54.00, 139, 18.65, 0.00, 0.00
04/12/2024, 07:55:26, 21.40, 54.00, 139, 18.65, 0.00, 0.00
04/12/2024, 07:55:32, 21.40, 54.00, 139, 18.65, 0.00, 0.00
04/12/2024, 07:55:38, 21.40, 54.00, 139, 18.71, 0.00, 0.00
04/12/2024, 07:55:45, 21.40, 54.00, 139, 18.71, 0.00, 0.00
04/12/2024, 07:55:51, 21.40, 54.00, 139, 18.65, 0.00, 0.00
04/12/2024, 07:55:57, 21.40, 54.00, 139, 18.81, 0.00, 0.00
04/12/2024, 07:56:04, 21.40, 54.00, 139, 18.71, 0.00, 0.00
04/12/2024, 07:56:10, 21.40, 54.00, 139, 18.71, 0.00, 0.00
04/12/2024, 07:56:16, 21.40, 54.00, 139, 18.75, 0.00, 0.00
04/12/2024, 07:56:23, 21.40, 54.00, 139, 18.71, 0.00, 0.00
04/12/2024, 07:56:29, 21.40, 54.00, 139, 18.71, 0.00, 0.00
04/12/2024, 07:56:35, 21.40, 54.00, 139, 18.71, 0.00, 0.00
04/12/2024, 07:56:42, 21.40, 54.00, 139, 18.75, 0.00, 0.00
04/12/2024, 07:56:48, 21.40, 54.00, 139, 18.71, 0.00, 0.00
04/12/2024, 07:56:54, 21.40, 54.00, 139, 18.69, 0.00, 0.00
04/12/2024, 07:57:01, 21.40, 54.00, 139, 18.71, 0.00, 0.00
04/12/2024, 07:57:07, 21.40, 55.00, 139, 18.75, 0.00, 0.00
04/12/2024, 07:57:20, 21.40, 55.00, 139, 18.69, 0.00, 0.00
04/12/2024, 07:57:26, 21.40, 54.00, 139, 18.63, 0.00, 0.00
04/12/2024, 07:57:32, 21.40, 54.00, 139, 18.71, 0.00, 0.00
04/12/2024, 07:57:39, 21.40, 54.00, 139, 18.71, 0.00, 0.00
04/12/2024, 07:57:45, 21.40, 54.00, 139, 18.71, 0.00, 0.00
04/12/2024, 07:57:51, 21.40, 54.00, 139, 18.69, 0.00, 0.00
04/12/2024, 07:57:58, 21.40, 54.00, 139, 18.71, 0.00, 0.00
04/12/2024, 07:58:04, 21.40, 54.00, 139, 18.69, 0.00, 0.00
04/12/2024, 07:58:10, 21.40, 54.00, 139, 18.71, 0.00, 0.00
04/12/2024, 07:58:17, 21.40, 54.00, 139, 18.75, 0.00, 0.00
04/12/2024, 07:58:23, 21.40, 54.00, 139, 18.71, 0.00, 0.00
04/12/2024, 07:58:29, 21.40, 54.00, 139, 18.71, 0.00, 0.00
04/12/2024, 07:58:36, 21.40, 54.00, 139, 18.71, 0.00, 0.00
04/12/2024, 07:58:42, 21.40, 54.00, 139, 18.71, 0.00, 0.00
04/12/2024, 07:58:48, 21.40, 54.00, 139, 18.75, 0.00, 0.00
04/12/2024, 07:58:55, 21.40, 54.00, 139, 18.79, 0.00, 0.00
04/12/2024, 07:59:01, 21.40, 54.00, 142, 18.75, 0.00, 0.00
04/12/2024, 07:59:07, 21.40, 55.00, 139, 18.69, 0.00, 0.00
04/12/2024, 07:59:14, 21.40, 55.00, 139, 18.71, 0.00, 0.00
04/12/2024, 07:59:20, 21.40, 55.00, 142, 18.65, 0.00, 0.00
04/12/2024, 07:59:26, 21.40, 55.00, 139, 18.75, 0.00, 0.00
04/12/2024, 07:59:39, 21.40, 55.00, 139, 18.75, 0.00, 0.00
04/12/2024, 07:59:45, 21.40, 55.00, 139, 18.71, 0.00, 0.00
04/12/2024, 07:59:52, 21.40, 55.00, 139, 18.71, 0.00, 0.00
04/12/2024, 07:59:58, 21.40, 55.00, 139, 18.75, 0.00, 0.00
04/12/2024, 08:00:05, 21.40, 55.00, 139, 18.69, 0.00, 0.00
04/12/2024, 08:00:11, 21.40, 55.00, 139, 18.85, 0.00, 0.00
04/12/2024, 08:00:17, 21.40, 55.00, 139, 18.71, 0.00, 0.00
04/12/2024, 08:00:24, 21.40, 55.00, 139, 18.71, 0.00, 0.00
04/12/2024, 08:00:30, 21.40, 55.00, 139, 18.75, 0.00, 0.00
04/12/2024, 08:00:36, 21.40, 55.00, 142, 18.71, 0.00, 0.00
04/12/2024, 08:00:43, 21.40, 55.00, 139, 18.75, 0.00, 0.00
04/12/2024, 08:00:49, 21.40, 55.00, 142, 18.69, 0.00, 0.00
04/12/2024, 08:00:55, 21.40, 55.00, 139, 18.71, 0.00, 0.00
04/12/2024, 08:01:02, 21.40, 55.00, 139, 18.69, 0.00, 0.00
04/12/2024, 08:01:08, 21.40, 55.00, 139, 18.69, 0.00, 0.00
04/12/2024, 08:01:14, 21.40, 55.00, 139, 18.75, 0.00, 0.00
04/12/2024, 08:01:21, 21.40, 55.00, 139, 18.71, 0.00, 0.00
04/12/2024, 08:01:27, 21.40, 55.00, 139, 18.75, 0.00, 0.00
04/12/2024, 08:01:33, 21.40, 55.00, 139, 18.75, 0.00, 0.00
04/12/2024, 08:01:40, 21.40, 55.00, 139, 18.71, 0.00, 0.00
04/12/2024, 08:01:46, 21.40, 55.00, 139, 18.75, 0.00, 0.00
04/12/2024, 08:01:52, 21.40, 54.00, 139, 18.65, 0.00, 0.00
04/12/2024, 08:01:59, 21.40, 54.00, 139, 18.71, 0.00, 0.00
04/12/2024, 08:02:11, 21.40, 54.00, 139, 18.71, 0.00, 0.00
04/12/2024, 08:02:18, 21.40, 54.00, 139, 18.75, 0.00, 0.00
04/12/2024, 08:02:24, 21.40, 54.00, 139, 18.71, 0.00, 0.00
04/12/2024, 08:02:30, 21.40, 55.00, 139, 18.79, 0.00, 0.00
04/12/2024, 08:02:37, 21.40, 55.00, 139, 18.75, 0.00, 0.00
04/12/2024, 08:02:49, 21.40, 55.00, 139, 18.75, 0.00, 0.00
04/12/2024, 08:02:56, 21.40, 54.00, 139, 18.71, 0.00, 0.00
04/12/2024, 08:03:08, 21.40, 55.00, 139, 18.71, 0.00, 0.00
04/12/2024, 08:03:21, 21.40, 55.00, 139, 18.75, 0.00, 0.00
04/12/2024, 08:03:27, 21.40, 55.00, 139, 18.75, 0.00, 0.00
04/12/2024, 08:03:34, 21.40, 55.00, 139, 18.75, 0.00, 0.00
04/12/2024, 08:03:40, 21.40, 55.00, 139, 18.71, 0.00, 0.00
04/12/2024, 08:03:46, 21.40, 55.00, 139, 18.69, 0.00, 0.00
04/12/2024, 08:03:53, 21.40, 55.00, 139, 18.71, 0.00, 0.00
04/12/2024, 08:03:59, 21.40, 55.00, 139, 18.75, 0.00, 0.00
04/12/2024, 08:04:05, 21.40, 55.00, 139, 18.75, 0.00, 0.00
04/12/2024, 08:04:12, 21.40, 55.00, 139, 18.75, 0.00, 0.00
04/12/2024, 08:04:18, 21.40, 55.00, 139, 18.69, 0.00, 0.00
04/12/2024, 08:04:43, 21.40, 55.00, 139, 18.69, 0.00, 0.00
04/12/2024, 08:04:50, 21.10, 55.00, 139, 18.71, 0.00, 0.00
04/12/2024, 08:04:56, 21.40, 55.00, 142, 18.69, 0.00, 0.00
04/12/2024, 08:05:03, 21.40, 55.00, 139, 18.69, 0.00, 0.00
04/12/2024, 08:05:09, 21.40, 55.00, 142, 18.65, 0.00, 0.00
04/12/2024, 08:05:15, 21.40, 55.00, 142, 18.75, 0.00, 0.00
04/12/2024, 08:05:22, 21.40, 55.00, 139, 18.71, 0.00, 0.00
04/12/2024, 08:05:28, 21.40, 55.00, 139, 18.75, 0.00, 0.00
04/12/2024, 08:05:34, 21.40, 55.00, 139, 18.79, 0.00, 0.00
04/12/2024, 08:05:41, 21.40, 55.00, 142, 18.71, 0.00, 0.00
04/12/2024, 08:05:47, 21.40, 55.00, 139, 18.71, 0.00, 0.00
04/12/2024, 08:05:53, 21.40, 55.00, 142, 18.69, 0.00, 0.00
04/12/2024, 08:06:00, 21.40, 55.00, 142, 18.79, 0.00, 0.00
04/12/2024, 08:06:06, 21.40, 55.00, 142, 18.71, 0.00, 0.00
04/12/2024, 08:06:12, 21.40, 55.00, 139, 18.71, 0.00, 0.00
04/12/2024, 08:06:19, 21.40, 55.00, 142, 18.71, 0.00, 0.00
04/12/2024, 08:06:25, 21.40, 55.00, 142, 18.71, 0.00, 0.00
04/12/2024, 08:06:31, 21.40, 55.00, 139, 18.65, 0.00, 0.00
04/12/2024, 08:06:38, 21.40, 55.00, 139, 18.79, 0.00, 0.00
04/12/2024, 08:06:44, 21.40, 55.00, 139, 18.69, 0.00, 0.00
04/12/2024, 08:06:50, 21.40, 55.00, 139, 18.71, 0.00, 0.00
04/12/2024, 08:06:57, 21.40, 55.00, 142, 18.65, 0.00, 0.00
04/12/2024, 08:07:03, 21.40, 55.00, 139, 18.71, 0.00, 0.00
04/12/2024, 08:07:09, 21.40, 55.00, 142, 18.75, 0.00, 0.00
04/12/2024, 08:07:16, 21.40, 55.00, 142, 18.75, 0.00, 0.00
04/12/2024, 08:07:22, 21.40, 55.00, 142, 18.69, 0.00, 0.00
04/12/2024, 08:07:28, 21.40, 55.00, 142, 18.71, 0.00, 0.00
04/12/2024, 08:07:35, 21.40, 55.00, 142, 18.69, 0.00, 0.00
04/12/2024, 08:07:41, 21.40, 55.00, 139, 18.81, 0.00, 0.00
04/12/2024, 08:07:47, 21.40, 55.00, 142, 18.69, 0.00, 0.00
04/12/2024, 08:07:54, 21.40, 55.00, 142, 18.75, 0.00, 0.00
04/12/2024, 08:08:00, 21.40, 55.00, 142, 18.71, 0.00, 0.00
04/12/2024, 08:08:06, 21.40, 55.00, 139, 18.65, 0.00, 0.00
04/12/2024, 08:08:13, 21.40, 55.00, 139, 18.75, 0.00, 0.00
04/12/2024, 08:08:19, 21.40, 55.00, 139, 18.69, 0.00, 0.00
04/12/2024, 08:08:25, 21.40, 55.00, 139, 18.69, 0.00, 0.00
04/12/2024, 08:08:32, 21.40, 55.00, 142, 18.75, 0.00, 0.00
04/12/2024, 08:08:38, 21.40, 55.00, 142, 18.69, 0.00, 0.00
04/12/2024, 08:08:44, 21.40, 55.00, 139, 18.75, 0.00, 0.00
04/12/2024, 08:08:51, 21.40, 55.00, 142, 18.69, 0.00, 0.00
04/12/2024, 08:08:57, 21.40, 55.00, 139, 18.85, 0.00, 0.00
04/12/2024, 08:09:03, 21.40, 55.00, 142, 18.69, 0.00, 0.00
04/12/2024, 08:09:10, 21.40, 55.00, 142, 18.69, 0.00, 0.00
04/12/2024, 08:09:16, 21.40, 55.00, 142, 18.75, 0.00, 0.00
04/12/2024, 08:09:22, 21.40, 55.00, 139, 18.75, 0.00, 0.00
04/12/2024, 08:09:29, 21.40, 55.00, 139, 18.71, 0.00, 0.00
04/12/2024, 08:09:35, 21.40, 55.00, 142, 18.69, 0.00, 0.00
04/12/2024, 08:09:42, 21.40, 55.00, 142, 18.65, 0.00, 0.00
04/12/2024, 08:09:48, 21.40, 55.00, 142, 18.71, 0.00, 0.00
04/12/2024, 08:09:54, 21.40, 55.00, 142, 18.71, 0.00, 0.00
04/12/2024, 08:10:01, 21.40, 55.00, 142, 18.75, 0.00, 0.00
04/12/2024, 08:10:07, 21.40, 55.00, 142, 18.71, 0.00, 0.00
04/12/2024, 08:10:13, 21.40, 55.00, 142, 18.71, 0.00, 0.00
04/12/2024, 08:10:20, 21.40, 55.00, 142, 18.71, 0.00, 0.00
04/12/2024, 08:10:26, 21.30, 55.00, 142, 18.71, 0.00, 0.00
04/12/2024, 08:10:32, 21.20, 55.00, 142, 18.71, 0.00, 0.00
04/12/2024, 08:10:39, 21.20, 55.00, 142, 18.75, 0.00, 0.00
04/12/2024, 08:10:45, 21.20, 55.00, 142, 18.69, 0.00, 0.00
04/12/2024, 08:10:51, 21.20, 55.00, 142, 18.75, 0.00, 0.00
04/12/2024, 08:10:58, 21.20, 55.00, 139, 18.69, 0.00, 0.00
04/12/2024, 08:11:04, 21.20, 55.00, 142, 18.69, 0.00, 0.00
04/12/2024, 08:11:10, 21.20, 55.00, 142, 18.75, 0.00, 0.00
04/12/2024, 08:11:17, 21.30, 55.00, 142, 18.71, 0.00, 0.00
04/12/2024, 08:11:23, 21.40, 55.00, 142, 18.71, 0.00, 0.00
04/12/2024, 08:11:29, 21.40, 55.00, 139, 18.71, 0.00, 0.00
04/12/2024, 08:11:36, 21.40, 55.00, 142, 18.71, 0.00, 0.00
04/12/2024, 08:11:42, 21.40, 55.00, 142, 18.75, 0.00, 0.00
04/12/2024, 08:11:55, 21.40, 55.00, 142, 18.69, 0.00, 0.00
04/12/2024, 08:12:01, 21.30, 55.00, 142, 18.69, 0.00, 0.00
04/12/2024, 08:12:07, 21.40, 55.00, 142, 18.75, 0.00, 0.00
04/12/2024, 08:12:20, 21.40, 55.00, 142, 18.75, 0.00, 0.00
04/12/2024, 08:12:26, 21.20, 55.00, 142, 18.71, 0.00, 0.00
04/12/2024, 08:12:33, 21.40, 55.00, 142, 18.75, 0.00, 0.00
04/12/2024, 08:12:39, 21.40, 55.00, 142, 18.69, 0.00, 0.00
04/12/2024, 08:12:58, 21.40, 55.00, 142, 18.71, 0.00, 0.00
04/12/2024, 08:13:04, 21.20, 55.00, 142, 18.65, 0.00, 0.00
04/12/2024, 08:13:11, 21.40, 55.00, 142, 18.75, 0.00, 0.00
04/12/2024, 08:13:17, 21.40, 55.00, 142, 18.75, 0.00, 0.00
04/12/2024, 08:13:23, 21.40, 55.00, 142, 18.69, 0.00, 0.00
04/12/2024, 08:13:30, 21.40, 55.00, 142, 18.75, 0.00, 0.00
04/12/2024, 08:13:36, 21.40, 55.00, 142, 18.69, 0.00, 0.00
04/12/2024, 08:13:49, 21.40, 55.00, 142, 18.71, 0.00, 0.00
04/12/2024, 08:13:55, 21.40, 55.00, 142, 18.65, 0.00, 0.00
04/12/2024, 08:14:01, 21.40, 55.00, 142, 18.69, 0.00, 0.00
04/12/2024, 08:14:08, 21.40, 55.00, 142, 18.69, 0.00, 0.00
04/12/2024, 08:14:14, 21.40, 55.00, 142, 18.71, 0.00, 0.00
04/12/2024, 08:14:20, 21.40, 55.00, 142, 18.69, 0.00, 0.00
04/12/2024, 08:14:27, 21.40, 55.00, 142, 18.69, 0.00, 0.00
04/12/2024, 08:14:33, 21.40, 55.00, 142, 18.69, 0.00, 0.00
04/12/2024, 08:14:39, 21.40, 55.00, 142, 18.65, 0.00, 0.00
04/12/2024, 08:14:46, 21.40, 55.00, 142, 18.71, 0.00, 0.00
04/12/2024, 08:14:52, 21.40, 55.00, 142, 18.69, 0.00, 0.00
04/12/2024, 08:14:59, 21.40, 55.00, 142, 18.71, 0.00, 0.00
04/12/2024, 08:15:05, 21.40, 55.00, 142, 18.71, 0.00, 0.00
04/12/2024, 08:15:11, 21.40, 55.00, 142, 18.69, 0.00, 0.00
04/12/2024, 08:15:18, 21.40, 55.00, 142, 18.69, 0.00, 0.00
04/12/2024, 08:15:24, 21.40, 55.00, 142, 18.71, 0.00, 0.00
04/12/2024, 08:15:30, 21.40, 55.00, 142, 18.81, 0.00, 0.00
04/12/2024, 08:15:37, 21.40, 55.00, 142, 18.71, 0.00, 0.00
04/12/2024, 08:15:43, 21.40, 55.00, 142, 18.75, 0.00, 0.00
04/12/2024, 08:15:49, 21.40, 55.00, 142, 18.71, 0.00, 0.00
04/12/2024, 08:15:56, 21.40, 55.00, 142, 18.69, 0.00, 0.00
04/12/2024, 08:16:08, 21.40, 55.00, 142, 18.65, 0.00, 0.00
04/12/2024, 08:16:15, 21.40, 55.00, 142, 18.69, 0.00, 0.00
04/12/2024, 08:16:21, 21.40, 55.00, 142, 18.69, 0.00, 0.00
04/12/2024, 08:16:27, 21.40, 55.00, 142, 18.69, 0.00, 0.00
04/12/2024, 08:16:34, 21.40, 55.00, 142, 18.63, 0.00, 0.00
04/12/2024, 08:16:40, 21.40, 55.00, 142, 18.75, 0.00, 0.00
04/12/2024, 08:16:46, 21.40, 55.00, 142, 18.75, 0.00, 0.00
04/12/2024, 08:16:53, 21.40, 55.00, 142, 18.71, 0.00, 0.00
04/12/2024, 08:16:59, 21.40, 55.00, 142, 18.69, 0.00, 0.00
04/12/2024, 08:17:05, 21.40, 55.00, 142, 18.79, 0.00, 0.00
04/12/2024, 08:17:12, 21.40, 55.00, 142, 18.71, 0.00, 0.00
04/12/2024, 08:17:18, 21.40, 55.00, 142, 18.71, 0.00, 0.00
04/12/2024, 08:17:24, 21.40, 55.00, 142, 18.69, 0.00, 0.00
04/12/2024, 08:17:31, 21.40, 55.00, 142, 18.71, 0.00, 0.00
04/12/2024, 08:17:37, 21.40, 55.00, 142, 18.71, 0.00, 0.00
04/12/2024, 08:17:50, 21.40, 55.00, 142, 18.65, 0.00, 0.00
04/12/2024, 08:17:56, 21.40, 55.00, 142, 18.65, 0.00, 0.00
04/12/2024, 08:18:02, 21.40, 55.00, 142, 18.71, 0.00, 0.00
04/12/2024, 08:18:09, 21.40, 55.00, 142, 18.79, 0.00, 0.00
04/12/2024, 08:18:21, 21.40, 55.00, 142, 18.65, 0.00, 0.00
04/12/2024, 08:18:28, 21.40, 55.00, 142, 18.81, 0.00, 0.00
04/12/2024, 08:18:34, 21.40, 55.00, 142, 18.65, 0.00, 0.00
04/12/2024, 08:18:40, 21.40, 55.00, 142, 18.65, 0.00, 0.00
04/12/2024, 08:18:47, 21.40, 55.00, 142, 18.71, 0.00, 0.00
04/12/2024, 08:18:53, 21.40, 55.00, 142, 18.65, 0.00, 0.00
04/12/2024, 08:18:59, 21.40, 55.00, 142, 18.69, 0.00, 0.00
04/12/2024, 08:19:18, 21.40, 55.00, 142, 18.79, 0.00, 0.00
04/12/2024, 08:19:25, 21.40, 55.00, 142, 18.71, 0.00, 0.00
04/12/2024, 08:19:31, 21.40, 55.00, 142, 18.69, 0.00, 0.00
04/12/2024, 08:19:37, 21.40, 55.00, 142, 18.71, 0.00, 0.00
04/12/2024, 08:19:44, 21.40, 55.00, 142, 18.71, 0.00, 0.00
04/12/2024, 08:19:50, 21.40, 55.00, 142, 18.65, 0.00, 0.00
04/12/2024, 08:19:57, 21.40, 55.00, 142, 18.69, 0.00, 0.00
04/12/2024, 08:20:03, 21.40, 55.00, 142, 18.69, 0.00, 0.00
04/12/2024, 08:20:09, 21.40, 55.00, 142, 18.65, 0.00, 0.00
04/12/2024, 08:20:16, 21.40, 55.00, 142, 18.79, 0.00, 0.00
04/12/2024, 08:20:22, 21.40, 55.00, 142, 18.71, 0.00, 0.00
04/12/2024, 08:20:35, 21.40, 55.00, 142, 18.71, 0.00, 0.00
04/12/2024, 08:20:41, 21.40, 55.00, 142, 18.69, 0.00, 0.00
04/12/2024, 08:20:47, 21.40, 55.00, 142, 18.69, 0.00, 0.00
04/12/2024, 08:20:54, 21.40, 55.00, 142, 18.71, 0.00, 0.00
04/12/2024, 08:21:00, 21.40, 55.00, 142, 18.69, 0.00, 0.00
04/12/2024, 08:21:06, 21.40, 55.00, 142, 18.71, 0.00, 0.00
04/12/2024, 08:21:13, 21.40, 55.00, 142, 18.79, 0.00, 0.00
04/12/2024, 08:21:19, 21.40, 55.00, 142, 18.69, 0.00, 0.00
04/12/2024, 08:21:25, 21.40, 55.00, 142, 18.71, 0.00, 0.00
04/12/2024, 08:21:32, 21.40, 55.00, 142, 18.69, 0.00, 0.00
04/12/2024, 08:21:38, 21.40, 55.00, 142, 18.79, 0.00, 0.00
04/12/2024, 08:21:44, 21.40, 55.00, 142, 18.69, 0.00, 0.00
04/12/2024, 08:21:51, 21.40, 55.00, 142, 18.79, 0.00, 0.00
04/12/2024, 08:21:57, 21.40, 55.00, 142, 18.79, 0.00, 0.00
04/12/2024, 08:22:03, 21.40, 55.00, 142, 18.79, 0.00, 0.00
04/12/2024, 08:22:10, 21.40, 55.00, 142, 18.63, 0.00, 0.00
04/12/2024, 08:22:16, 21.40, 55.00, 142, 18.71, 0.00, 0.00
04/12/2024, 08:22:35, 21.40, 55.00, 142, 18.69, 0.00, 0.00
04/12/2024, 08:22:41, 21.40, 55.00, 142, 18.79, 0.00, 0.00
04/12/2024, 08:22:48, 21.40, 55.00, 142, 18.69, 0.00, 0.00
04/12/2024, 08:22:54, 21.40, 55.00, 142, 18.71, 0.00, 0.00
04/12/2024, 08:23:00, 21.40, 55.00, 142, 18.69, 0.00, 0.00
04/12/2024, 08:24:04, 21.40, 55.00, 142, 18.65, 0.00, 0.00
04/12/2024, 08:24:23, 21.10, 55.00, 142, 18.75, 0.00, 0.00
04/12/2024, 08:24:29, 21.30, 55.00, 142, 18.63, 0.00, 0.00
04/12/2024, 08:24:48, 21.40, 55.00, 142, 18.69, 0.00, 0.00
04/12/2024, 08:24:55, 21.40, 55.00, 142, 18.71, 0.00, 0.00
04/12/2024, 08:25:01, 21.40, 55.00, 142, 18.75, 0.00, 0.00
04/12/2024, 08:25:07, 21.40, 55.00, 142, 18.81, 0.00, 0.00
04/12/2024, 08:25:14, 21.40, 55.00, 142, 18.75, 0.00, 0.00
04/12/2024, 08:25:20, 21.40, 55.00, 142, 18.75, 0.00, 0.00
04/12/2024, 08:25:26, 21.40, 55.00, 142, 18.79, 0.00, 0.00
04/12/2024, 08:25:33, 21.40, 55.00, 142, 18.69, 0.00, 0.00
04/12/2024, 08:25:39, 21.40, 55.00, 142, 18.65, 0.00, 0.00
04/12/2024, 08:25:45, 21.40, 55.00, 142, 18.69, 0.00, 0.00
04/12/2024, 08:25:58, 21.40, 55.00, 142, 18.69, 0.00, 0.00
04/12/2024, 08:26:04, 21.40, 55.00, 142, 18.65, 0.00, 0.00
04/12/2024, 08:26:11, 21.40, 55.00, 142, 18.65, 0.00, 0.00
04/12/2024, 08:26:17, 21.40, 55.00, 142, 18.75, 0.00, 0.00
04/12/2024, 08:26:23, 21.40, 55.00, 142, 18.75, 0.00, 0.00
04/12/2024, 08:26:30, 21.40, 55.00, 142, 18.71, 0.00, 0.00
04/12/2024, 08:26:36, 21.40, 55.00, 142, 18.65, 0.00, 0.00
04/12/2024, 08:26:42, 21.40, 55.00, 142, 18.71, 0.00, 0.00
04/12/2024, 08:26:49, 21.40, 55.00, 142, 18.65, 0.00, 0.00
04/12/2024, 08:26:55, 21.40, 55.00, 142, 18.71, 0.00, 0.00
04/12/2024, 08:27:01, 21.40, 55.00, 142, 18.63, 0.00, 0.00
04/12/2024, 08:27:08, 21.40, 55.00, 142, 18.69, 0.00, 0.00
04/12/2024, 08:27:14, 21.40, 55.00, 142, 18.71, 0.00, 0.00
04/12/2024, 08:27:20, 21.40, 55.00, 142, 18.71, 0.00, 0.00
04/12/2024, 08:27:27, 21.40, 55.00, 142, 18.69, 0.00, 0.00
04/12/2024, 08:27:33, 21.40, 55.00, 142, 18.65, 0.00, 0.00
04/12/2024, 08:27:39, 21.40, 55.00, 142, 18.69, 0.00, 0.00
04/12/2024, 08:27:46, 21.40, 55.00, 142, 18.71, 0.00, 0.00
04/12/2024, 08:27:52, 21.40, 55.00, 142, 18.75, 0.00, 0.00
04/12/2024, 08:27:58, 21.40, 55.00, 142, 18.65, 0.00, 0.00
04/12/2024, 08:28:05, 21.40, 55.00, 142, 18.69, 0.00, 0.00
04/12/2024, 08:28:11, 21.40, 55.00, 142, 18.71, 0.00, 0.00
04/12/2024, 08:28:17, 21.40, 55.00, 142, 18.75, 0.00, 0.00
04/12/2024, 08:28:24, 21.40, 55.00, 142, 18.69, 0.00, 0.00
04/12/2024, 08:28:36, 21.40, 55.00, 142, 18.69, 0.00, 0.00
04/12/2024, 08:28:49, 21.40, 55.00, 142, 18.71, 0.00, 0.00
04/12/2024, 08:28:55, 21.40, 55.00, 142, 18.65, 0.00, 0.00
04/12/2024, 08:29:02, 21.40, 55.00, 142, 18.71, 0.00, 0.00
04/12/2024, 08:29:08, 21.40, 55.00, 142, 18.63, 0.00, 0.00
04/12/2024, 08:29:14, 21.40, 55.00, 142, 18.71, 0.00, 0.00
04/12/2024, 08:29:21, 21.40, 55.00, 142, 18.75, 0.00, 0.00
04/12/2024, 08:29:27, 21.40, 55.00, 142, 18.63, 0.00, 0.00
04/12/2024, 08:29:33, 21.40, 55.00, 142, 18.69, 0.00, 0.00
04/12/2024, 08:29:40, 21.40, 55.00, 142, 18.69, 0.00, 0.00
04/12/2024, 08:29:46, 21.40, 55.00, 142, 18.69, 0.00, 0.00
04/12/2024, 08:29:53, 21.40, 55.00, 142, 18.69, 0.00, 0.00
04/12/2024, 08:29:59, 21.40, 55.00, 142, 18.71, 0.00, 0.00
04/12/2024, 08:30:05, 21.40, 55.00, 142, 18.69, 0.00, 0.00
04/12/2024, 08:30:12, 21.40, 55.00, 142, 18.69, 0.00, 0.00
04/12/2024, 08:30:18, 21.40, 55.00, 142, 18.63, 0.00, 0.00
04/12/2024, 08:30:24, 21.40, 55.00, 142, 18.69, 0.00, 0.00
04/12/2024, 08:30:31, 21.40, 55.00, 142, 18.71, 0.00, 0.00
04/12/2024, 08:30:37, 21.40, 55.00, 142, 18.69, 0.00, 0.00
04/12/2024, 08:30:43, 21.40, 55.00, 142, 18.69, 0.00, 0.00
04/12/2024, 08:30:50, 21.40, 55.00, 142, 18.69, 0.00, 0.00
04/12/2024, 08:30:56, 21.40, 55.00, 142, 18.71, 0.00, 0.00
04/12/2024, 08:31:09, 21.40, 55.00, 142, 18.75, 0.00, 0.00
04/12/2024, 08:31:21, 21.40, 55.00, 142, 18.69, 0.00, 0.00
04/12/2024, 08:31:28, 21.40, 55.00, 142, 18.71, 0.00, 0.00
04/12/2024, 08:31:34, 21.40, 55.00, 142, 18.71, 0.00, 0.00
04/12/2024, 08:31:59, 21.40, 55.00, 142, 18.71, 0.00, 0.00
04/12/2024, 08:32:06, 21.20, 55.00, 142, 18.69, 0.00, 0.00
04/12/2024, 08:32:12, 21.40, 55.00, 142, 18.69, 0.00, 0.00
04/12/2024, 08:32:18, 21.40, 55.00, 142, 18.71, 0.00, 0.00
04/12/2024, 08:32:25, 21.40, 55.00, 142, 18.65, 0.00, 0.00
04/12/2024, 08:32:37, 21.40, 55.00, 142, 18.65, 0.00, 0.00
04/12/2024, 08:32:44, 21.40, 55.00, 142, 18.65, 0.00, 0.00
04/12/2024, 08:32:50, 21.40, 55.00, 142, 18.71, 0.00, 0.00
04/12/2024, 08:32:56, 21.40, 55.00, 142, 18.69, 0.00, 0.00
04/12/2024, 08:33:03, 21.40, 55.00, 142, 18.71, 0.00, 0.00
04/12/2024, 08:33:09, 21.40, 55.00, 142, 18.75, 0.00, 0.00
04/12/2024, 08:33:15, 21.40, 55.00, 142, 18.65, 0.00, 0.00
04/12/2024, 08:33:22, 21.40, 55.00, 142, 18.75, 0.00, 0.00
04/12/2024, 08:33:28, 21.40, 55.00, 142, 18.69, 0.00, 0.00
04/12/2024, 08:33:41, 21.40, 55.00, 142, 18.71, 0.00, 0.00
04/12/2024, 08:33:47, 21.40, 55.00, 142, 18.65, 0.00, 0.00
04/12/2024, 08:33:53, 21.40, 55.00, 142, 18.71, 0.00, 0.00
04/12/2024, 08:34:00, 21.40, 55.00, 142, 18.75, 0.00, 0.00
04/12/2024, 08:34:06, 21.40, 55.00, 142, 18.69, 0.00, 0.00
04/12/2024, 08:34:12, 21.40, 55.00, 142, 18.65, 0.00, 0.00
04/12/2024, 08:34:19, 21.40, 55.00, 142, 18.65, 0.00, 0.00
04/12/2024, 08:34:25, 21.40, 55.00, 142, 18.69, 0.00, 0.00
04/12/2024, 08:34:31, 21.40, 55.00, 142, 18.69, 0.00, 0.00
04/12/2024, 08:34:38, 21.40, 55.00, 142, 18.65, 0.00, 0.00
04/12/2024, 08:34:44, 21.40, 55.00, 142, 18.65, 0.00, 0.00
04/12/2024, 08:34:51, 21.40, 55.00, 142, 18.71, 0.00, 0.00
04/12/2024, 08:34:57, 21.40, 55.00, 142, 18.65, 0.00, 0.00
04/12/2024, 08:35:03, 21.40, 55.00, 142, 18.69, 0.00, 0.00
04/12/2024, 08:35:10, 21.40, 55.00, 142, 18.65, 0.00, 0.00
04/12/2024, 08:35:16, 21.40, 55.00, 142, 18.69, 0.00, 0.00
04/12/2024, 08:35:22, 21.40, 55.00, 142, 18.69, 0.00, 0.00
04/12/2024, 08:35:29, 21.40, 55.00, 142, 18.69, 0.00, 0.00
04/12/2024, 08:35:35, 21.40, 55.00, 142, 18.69, 0.00, 0.00
04/12/2024, 08:35:41, 21.40, 55.00, 142, 18.71, 0.00, 0.00
04/12/2024, 08:35:48, 21.40, 55.00, 142, 18.71, 0.00, 0.00
04/12/2024, 08:35:54, 21.40, 55.00, 142, 18.63, 0.00, 0.00
04/12/2024, 08:36:00, 21.40, 55.00, 146, 18.69, 0.00, 0.00
04/12/2024, 08:36:07, 21.40, 55.00, 146, 18.69, 0.00, 0.00
04/12/2024, 08:36:13, 21.30, 55.00, 142, 18.69, 0.00, 0.00
04/12/2024, 08:36:19, 21.10, 55.00, 142, 18.65, 0.00, 0.00
04/12/2024, 08:36:26, 21.10, 55.00, 146, 18.65, 0.00, 0.00
04/12/2024, 08:36:32, 21.10, 55.00, 146, 18.69, 0.00, 0.00
04/12/2024, 08:36:38, 21.10, 55.00, 142, 18.65, 0.00, 0.00
04/12/2024, 08:36:45, 21.10, 55.00, 142, 18.65, 0.00, 0.00
04/12/2024, 08:36:51, 21.10, 55.00, 146, 18.69, 0.00, 0.00
04/12/2024, 08:36:57, 21.00, 55.00, 142, 18.69, 0.00, 0.00
04/12/2024, 08:37:04, 21.00, 55.00, 142, 18.71, 0.00, 0.00
04/12/2024, 08:37:10, 21.00, 55.00, 142, 18.63, 0.00, 0.00
04/12/2024, 08:37:16, 21.10, 55.00, 142, 18.69, 0.00, 0.00
04/12/2024, 08:37:23, 21.10, 55.00, 142, 18.65, 0.00, 0.00
04/12/2024, 08:37:29, 21.10, 55.00, 146, 18.69, 0.00, 0.00
04/12/2024, 08:37:35, 21.10, 56.00, 146, 18.69, 0.00, 0.00
04/12/2024, 08:37:42, 21.00, 56.00, 142, 18.65, 0.00, 0.00
04/12/2024, 08:37:48, 21.00, 56.00, 142, 18.65, 0.00, 0.00
04/12/2024, 08:37:54, 21.00, 56.00, 142, 18.69, 0.00, 0.00
04/12/2024, 08:38:01, 21.00, 56.00, 142, 18.59, 0.00, 0.00
04/12/2024, 08:38:07, 21.10, 56.00, 146, 18.65, 0.00, 0.00
04/12/2024, 08:38:13, 21.00, 56.00, 142, 18.63, 0.00, 0.00
04/12/2024, 08:38:20, 21.00, 56.00, 146, 18.69, 0.00, 0.00
04/12/2024, 08:38:26, 21.00, 56.00, 146, 18.63, 0.00, 0.00
04/12/2024, 08:38:32, 21.00, 56.00, 142, 18.65, 0.00, 0.00
04/12/2024, 08:38:39, 21.00, 56.00, 142, 18.65, 0.00, 0.00
04/12/2024, 08:38:45, 21.00, 56.00, 142, 18.65, 0.00, 0.00
04/12/2024, 08:38:51, 21.00, 56.00, 142, 18.63, 0.00, 0.00
04/12/2024, 08:38:58, 21.00, 56.00, 142, 18.59, 0.00, 0.00
04/12/2024, 08:39:04, 21.00, 56.00, 142, 18.65, 0.00, 0.00
04/12/2024, 08:39:10, 21.00, 56.00, 146, 18.65, 0.00, 0.00
04/12/2024, 08:39:17, 21.00, 56.00, 146, 18.65, 0.00, 0.00
04/12/2024, 08:39:23, 21.00, 56.00, 146, 18.65, 0.00, 0.00
04/12/2024, 08:39:29, 21.00, 56.00, 146, 18.65, 0.00, 0.00
04/12/2024, 08:39:36, 21.00, 56.00, 146, 18.63, 0.00, 0.00
04/12/2024, 08:39:42, 21.00, 56.00, 146, 18.63, 0.00, 0.00
04/12/2024, 08:39:49, 21.00, 56.00, 142, 18.65, 0.00, 0.00
04/12/2024, 08:39:55, 21.00, 56.00, 146, 18.63, 0.00, 0.00
04/12/2024, 08:40:01, 21.00, 56.00, 142, 18.65, 0.00, 0.00
04/12/2024, 08:40:08, 21.00, 56.00, 142, 18.69, 0.00, 0.00
04/12/2024, 08:40:14, 21.00, 56.00, 142, 18.65, 0.00, 0.00
04/12/2024, 08:40:20, 21.00, 56.00, 146, 18.65, 0.00, 0.00
04/12/2024, 08:40:27, 21.00, 56.00, 146, 18.65, 0.00, 0.00
04/12/2024, 08:40:33, 21.00, 56.00, 146, 18.65, 0.00, 0.00
04/12/2024, 08:40:39, 21.00, 56.00, 146, 18.63, 0.00, 0.00
04/12/2024, 08:40:46, 21.00, 56.00, 142, 18.65, 0.00, 0.00
04/12/2024, 08:40:52, 21.10, 56.00, 146, 18.63, 0.00, 0.00
04/12/2024, 08:40:58, 21.00, 56.00, 142, 18.63, 0.00, 0.00
04/12/2024, 08:41:05, 21.00, 56.00, 142, 18.63, 0.00, 0.00
04/12/2024, 08:41:11, 21.00, 56.00, 146, 18.65, 0.00, 0.00
04/12/2024, 08:41:17, 21.00, 56.00, 146, 18.63, 0.00, 0.00
04/12/2024, 08:41:30, 21.00, 56.00, 146, 18.59, 0.00, 0.00
04/12/2024, 08:41:36, 21.00, 56.00, 146, 18.65, 0.00, 0.00
04/12/2024, 08:41:43, 21.00, 56.00, 146, 18.63, 0.00, 0.00
04/12/2024, 08:41:49, 21.00, 56.00, 146, 18.69, 0.00, 0.00
04/12/2024, 08:41:55, 21.00, 56.00, 146, 18.63, 0.00, 0.00
04/12/2024, 08:42:02, 21.00, 56.00, 146, 18.59, 0.00, 0.00
04/12/2024, 08:42:08, 21.00, 56.00, 146, 18.55, 0.00, 0.00
04/12/2024, 08:42:14, 21.00, 56.00, 146, 18.59, 0.00, 0.00
04/12/2024, 08:42:21, 21.00, 56.00, 146, 18.59, 0.00, 0.00
04/12/2024, 08:42:27, 21.00, 56.00, 146, 18.55, 0.00, 0.00
04/12/2024, 08:42:33, 21.00, 56.00, 146, 18.59, 0.00, 0.00
04/12/2024, 08:42:40, 21.00, 56.00, 146, 18.59, 0.00, 0.00
04/12/2024, 08:42:46, 21.00, 56.00, 146, 18.55, 0.00, 0.00
04/12/2024, 08:42:52, 21.00, 56.00, 142, 18.59, 0.00, 0.00
04/12/2024, 08:42:59, 21.00, 56.00, 146, 18.59, 0.00, 0.00
04/12/2024, 08:43:05, 21.00, 56.00, 142, 18.65, 0.00, 0.00
04/12/2024, 08:43:11, 21.00, 56.00, 142, 18.55, 0.00, 0.00
04/12/2024, 08:43:24, 21.00, 56.00, 142, 18.59, 0.00, 0.00
04/12/2024, 08:43:30, 21.00, 56.00, 142, 18.55, 0.00, 0.00
04/12/2024, 08:43:37, 21.00, 56.00, 142, 18.55, 0.00, 0.00
04/12/2024, 08:43:43, 21.00, 56.00, 146, 18.59, 0.00, 0.00
04/12/2024, 08:43:49, 21.00, 56.00, 146, 18.55, 0.00, 0.00
04/12/2024, 08:43:56, 21.00, 56.00, 142, 18.59, 0.00, 0.00
04/12/2024, 08:44:02, 21.00, 56.00, 142, 18.55, 0.00, 0.00
04/12/2024, 08:44:08, 21.00, 56.00, 142, 18.55, 0.00, 0.00
04/12/2024, 08:44:21, 21.00, 56.00, 146, 18.53, 0.00, 0.00
04/12/2024, 08:44:28, 21.00, 56.00, 146, 18.55, 0.00, 0.00
04/12/2024, 08:44:34, 21.00, 56.00, 146, 18.53, 0.00, 0.00
04/12/2024, 08:44:40, 21.00, 56.00, 142, 18.49, 0.00, 0.00
04/12/2024, 08:44:47, 21.00, 56.00, 142, 18.55, 0.00, 0.00
04/12/2024, 08:44:59, 21.00, 56.00, 142, 18.53, 0.00, 0.00
04/12/2024, 08:45:06, 21.00, 56.00, 142, 18.55, 0.00, 0.00
04/12/2024, 08:45:18, 21.00, 56.00, 142, 18.59, 0.00, 0.00
04/12/2024, 08:45:25, 21.00, 56.00, 142, 18.53, 0.00, 0.00
04/12/2024, 08:45:31, 21.00, 56.00, 142, 18.53, 0.00, 0.00
04/12/2024, 08:45:37, 21.00, 56.00, 146, 18.53, 0.00, 0.00
04/12/2024, 08:45:44, 21.00, 56.00, 142, 18.53, 0.00, 0.00
04/12/2024, 08:45:50, 21.00, 56.00, 146, 18.55, 0.00, 0.00
04/12/2024, 08:46:03, 21.00, 56.00, 142, 18.53, 0.00, 0.00
04/12/2024, 08:46:09, 21.00, 56.00, 146, 18.53, 0.00, 0.00
04/12/2024, 08:46:15, 21.00, 56.00, 142, 18.55, 0.00, 0.00
04/12/2024, 08:46:28, 21.00, 56.00, 142, 18.55, 0.00, 0.00
04/12/2024, 08:46:34, 21.00, 56.00, 142, 18.55, 0.00, 0.00
04/12/2024, 08:46:41, 21.00, 56.00, 142, 18.55, 0.00, 0.00
04/12/2024, 08:46:47, 21.00, 56.00, 142, 18.55, 0.00, 0.00
04/12/2024, 08:46:53, 21.00, 56.00, 142, 18.55, 0.00, 0.00
04/12/2024, 08:47:00, 21.00, 56.00, 142, 18.53, 0.00, 0.00
04/12/2024, 08:47:06, 21.00, 56.00, 142, 18.55, 0.00, 0.00
04/12/2024, 08:47:12, 21.00, 56.00, 142, 18.47, 0.00, 0.00
04/12/2024, 08:47:19, 21.00, 56.00, 142, 18.47, 0.00, 0.00
04/12/2024, 08:47:25, 21.00, 56.00, 142, 18.47, 0.00, 0.00
04/12/2024, 08:47:31, 21.00, 56.00, 142, 18.49, 0.00, 0.00
04/12/2024, 08:47:38, 21.00, 56.00, 142, 18.53, 0.00, 0.00
04/12/2024, 08:47:44, 21.00, 56.00, 142, 18.49, 0.00, 0.00
04/12/2024, 08:47:50, 21.00, 56.00, 142, 18.49, 0.00, 0.00
04/12/2024, 08:47:57, 21.00, 56.00, 146, 18.49, 0.00, 0.00
04/12/2024, 08:48:03, 21.00, 56.00, 146, 18.59, 0.00, 0.00
04/12/2024, 08:48:09, 21.00, 56.00, 146, 18.43, 0.00, 0.00
04/12/2024, 08:48:16, 21.00, 56.00, 142, 18.53, 0.00, 0.00
04/12/2024, 08:48:22, 21.00, 56.00, 146, 18.49, 0.00, 0.00
04/12/2024, 08:48:28, 21.00, 56.00, 142, 18.53, 0.00, 0.00
04/12/2024, 08:48:35, 21.00, 56.00, 142, 18.49, 0.00, 0.00
04/12/2024, 08:48:41, 21.00, 56.00, 146, 18.55, 0.00, 0.00
04/12/2024, 08:48:47, 21.00, 56.00, 146, 18.47, 0.00, 0.00
04/12/2024, 08:49:00, 21.00, 56.00, 142, 18.49, 0.00, 0.00
04/12/2024, 08:49:06, 21.00, 56.00, 146, 18.49, 0.00, 0.00
04/12/2024, 08:49:13, 21.00, 56.00, 142, 18.43, 0.00, 0.00
04/12/2024, 08:49:19, 21.00, 56.00, 142, 18.47, 0.00, 0.00
04/12/2024, 08:49:32, 21.00, 56.00, 142, 18.53, 0.00, 0.00
04/12/2024, 08:49:45, 21.00, 56.00, 142, 18.43, 0.00, 0.00
04/12/2024, 08:49:51, 21.00, 56.00, 142, 18.47, 0.00, 0.00
04/12/2024, 08:49:57, 21.00, 56.00, 146, 18.49, 0.00, 0.00
04/12/2024, 08:50:04, 21.00, 56.00, 146, 18.47, 0.00, 0.00
04/12/2024, 08:50:10, 21.00, 56.00, 146, 18.37, 0.00, 0.00
04/12/2024, 08:50:16, 21.00, 56.00, 146, 18.41, 0.00, 0.00
04/12/2024, 08:50:23, 21.00, 56.00, 146, 18.47, 0.00, 0.00
04/12/2024, 08:50:29, 21.00, 56.00, 146, 18.47, 0.00, 0.00
04/12/2024, 08:50:35, 21.00, 56.00, 142, 18.43, 0.00, 0.00
04/12/2024, 08:50:42, 21.00, 56.00, 146, 18.41, 0.00, 0.00
04/12/2024, 08:50:48, 21.00, 56.00, 146, 18.47, 0.00, 0.00
